-- MySQL dump 10.13  Distrib 5.7.12, for osx10.11 (x86_64)
--
-- Host: localhost    Database: ico_portal
-- ------------------------------------------------------
-- Server version	5.7.12

/*!40101 SET @OLD_CHARACTER_SET_CLIENT=@@CHARACTER_SET_CLIENT */;
/*!40101 SET @OLD_CHARACTER_SET_RESULTS=@@CHARACTER_SET_RESULTS */;
/*!40101 SET @OLD_COLLATION_CONNECTION=@@COLLATION_CONNECTION */;
/*!40101 SET NAMES utf8 */;
/*!40103 SET @OLD_TIME_ZONE=@@TIME_ZONE */;
/*!40103 SET TIME_ZONE='+00:00' */;
/*!40014 SET @OLD_UNIQUE_CHECKS=@@UNIQUE_CHECKS, UNIQUE_CHECKS=0 */;
/*!40014 SET @OLD_FOREIGN_KEY_CHECKS=@@FOREIGN_KEY_CHECKS, FOREIGN_KEY_CHECKS=0 */;
/*!40101 SET @OLD_SQL_MODE=@@SQL_MODE, SQL_MODE='NO_AUTO_VALUE_ON_ZERO' */;
/*!40111 SET @OLD_SQL_NOTES=@@SQL_NOTES, SQL_NOTES=0 */;

--
-- Table structure for table `accounts`
--

DROP TABLE IF EXISTS `accounts`;
/*!40101 SET @saved_cs_client     = @@character_set_client */;
/*!40101 SET character_set_client = utf8 */;
CREATE TABLE `accounts` (
  `id` int(11) NOT NULL AUTO_INCREMENT,
  `currency` varchar(5) COLLATE utf8_bin NOT NULL,
  `address` varchar(100) COLLATE utf8_bin NOT NULL,
  `investor_id` int(11) NOT NULL,
  PRIMARY KEY (`id`),
  KEY `accounts_investor_id_15648101_fk_investors_id` (`investor_id`),
  CONSTRAINT `accounts_investor_id_15648101_fk_investors_id` FOREIGN KEY (`investor_id`) REFERENCES `investors` (`id`)
) ENGINE=InnoDB AUTO_INCREMENT=5 DEFAULT CHARSET=utf8 COLLATE=utf8_bin;
/*!40101 SET character_set_client = @saved_cs_client */;

--
-- Dumping data for table `accounts`
--

LOCK TABLES `accounts` WRITE;
/*!40000 ALTER TABLE `accounts` DISABLE KEYS */;
INSERT INTO `accounts` VALUES (1,'BTC','38D8B642jmf2hKSh6UrpEt6zTb3xebxpaA',1),(2,'LTCT','mogAsfhBipgyiQKeppntzBiv5i9nqfwqWN',1),(3,'LTC','LfvJeRw9pWwPbWMGdpfdun1UGKVCCK3urm',1),(4,'DASH','XsWrzgNHKVQNz9t4Z9Hmc79rWAGWmJ4c9B',1);
/*!40000 ALTER TABLE `accounts` ENABLE KEYS */;
UNLOCK TABLES;

--
-- Table structure for table `auth_group`
--

DROP TABLE IF EXISTS `auth_group`;
/*!40101 SET @saved_cs_client     = @@character_set_client */;
/*!40101 SET character_set_client = utf8 */;
CREATE TABLE `auth_group` (
  `id` int(11) NOT NULL AUTO_INCREMENT,
  `name` varchar(80) COLLATE utf8_bin NOT NULL,
  PRIMARY KEY (`id`),
  UNIQUE KEY `name` (`name`)
) ENGINE=InnoDB DEFAULT CHARSET=utf8 COLLATE=utf8_bin;
/*!40101 SET character_set_client = @saved_cs_client */;

--
-- Dumping data for table `auth_group`
--

LOCK TABLES `auth_group` WRITE;
/*!40000 ALTER TABLE `auth_group` DISABLE KEYS */;
/*!40000 ALTER TABLE `auth_group` ENABLE KEYS */;
UNLOCK TABLES;

--
-- Table structure for table `auth_group_permissions`
--

DROP TABLE IF EXISTS `auth_group_permissions`;
/*!40101 SET @saved_cs_client     = @@character_set_client */;
/*!40101 SET character_set_client = utf8 */;
CREATE TABLE `auth_group_permissions` (
  `id` int(11) NOT NULL AUTO_INCREMENT,
  `group_id` int(11) NOT NULL,
  `permission_id` int(11) NOT NULL,
  PRIMARY KEY (`id`),
  UNIQUE KEY `auth_group_permissions_group_id_permission_id_0cd325b0_uniq` (`group_id`,`permission_id`),
  KEY `auth_group_permissio_permission_id_84c5c92e_fk_auth_perm` (`permission_id`),
  CONSTRAINT `auth_group_permissio_permission_id_84c5c92e_fk_auth_perm` FOREIGN KEY (`permission_id`) REFERENCES `auth_permission` (`id`),
  CONSTRAINT `auth_group_permissions_group_id_b120cbf9_fk_auth_group_id` FOREIGN KEY (`group_id`) REFERENCES `auth_group` (`id`)
) ENGINE=InnoDB DEFAULT CHARSET=utf8 COLLATE=utf8_bin;
/*!40101 SET character_set_client = @saved_cs_client */;

--
-- Dumping data for table `auth_group_permissions`
--

LOCK TABLES `auth_group_permissions` WRITE;
/*!40000 ALTER TABLE `auth_group_permissions` DISABLE KEYS */;
/*!40000 ALTER TABLE `auth_group_permissions` ENABLE KEYS */;
UNLOCK TABLES;

--
-- Table structure for table `auth_permission`
--

DROP TABLE IF EXISTS `auth_permission`;
/*!40101 SET @saved_cs_client     = @@character_set_client */;
/*!40101 SET character_set_client = utf8 */;
CREATE TABLE `auth_permission` (
  `id` int(11) NOT NULL AUTO_INCREMENT,
  `name` varchar(255) COLLATE utf8_bin NOT NULL,
  `content_type_id` int(11) NOT NULL,
  `codename` varchar(100) COLLATE utf8_bin NOT NULL,
  PRIMARY KEY (`id`),
  UNIQUE KEY `auth_permission_content_type_id_codename_01ab375a_uniq` (`content_type_id`,`codename`),
  CONSTRAINT `auth_permission_content_type_id_2f476e4b_fk_django_co` FOREIGN KEY (`content_type_id`) REFERENCES `django_content_type` (`id`)
) ENGINE=InnoDB AUTO_INCREMENT=124 DEFAULT CHARSET=utf8 COLLATE=utf8_bin;
/*!40101 SET character_set_client = @saved_cs_client */;

--
-- Dumping data for table `auth_permission`
--

LOCK TABLES `auth_permission` WRITE;
/*!40000 ALTER TABLE `auth_permission` DISABLE KEYS */;
INSERT INTO `auth_permission` VALUES (1,'Can add log entry',1,'add_logentry'),(2,'Can change log entry',1,'change_logentry'),(3,'Can delete log entry',1,'delete_logentry'),(4,'Can add permission',2,'add_permission'),(5,'Can change permission',2,'change_permission'),(6,'Can delete permission',2,'delete_permission'),(7,'Can add group',3,'add_group'),(8,'Can change group',3,'change_group'),(9,'Can delete group',3,'delete_group'),(10,'Can add user',4,'add_user'),(11,'Can change user',4,'change_user'),(12,'Can delete user',4,'delete_user'),(13,'Can add content type',5,'add_contenttype'),(14,'Can change content type',5,'change_contenttype'),(15,'Can delete content type',5,'delete_contenttype'),(16,'Can add session',6,'add_session'),(17,'Can change session',6,'change_session'),(18,'Can delete session',6,'delete_session'),(19,'Can add association',7,'add_association'),(20,'Can change association',7,'change_association'),(21,'Can delete association',7,'delete_association'),(22,'Can add code',8,'add_code'),(23,'Can change code',8,'change_code'),(24,'Can delete code',8,'delete_code'),(25,'Can add nonce',9,'add_nonce'),(26,'Can change nonce',9,'change_nonce'),(27,'Can delete nonce',9,'delete_nonce'),(28,'Can add user social auth',10,'add_usersocialauth'),(29,'Can change user social auth',10,'change_usersocialauth'),(30,'Can delete user social auth',10,'delete_usersocialauth'),(31,'Can add partial',11,'add_partial'),(32,'Can change partial',11,'change_partial'),(33,'Can delete partial',11,'delete_partial'),(34,'Can add account',12,'add_account'),(35,'Can change account',12,'change_account'),(36,'Can delete account',12,'delete_account'),(37,'Can add events processing',13,'add_eventsprocessing'),(38,'Can change events processing',13,'change_eventsprocessing'),(39,'Can delete events processing',13,'delete_eventsprocessing'),(40,'Can add exchange rate',14,'add_exchangerate'),(41,'Can change exchange rate',14,'change_exchangerate'),(42,'Can delete exchange rate',14,'delete_exchangerate'),(43,'Can add ic o_ info',15,'add_ico_info'),(44,'Can change ic o_ info',15,'change_ico_info'),(45,'Can delete ic o_ info',15,'delete_ico_info'),(46,'Can add investor',16,'add_investor'),(47,'Can change investor',16,'change_investor'),(48,'Can delete investor',16,'delete_investor'),(49,'Can add KYC',17,'add_kyc'),(50,'Can change KYC',17,'change_kyc'),(51,'Can delete KYC',17,'delete_kyc'),(52,'Can add payment',18,'add_payment'),(53,'Can change payment',18,'change_payment'),(54,'Can delete payment',18,'delete_payment'),(55,'Can add phase',19,'add_phase'),(56,'Can change phase',19,'change_phase'),(57,'Can delete phase',19,'delete_phase'),(58,'Can add tokens move',20,'add_tokensmove'),(59,'Can change tokens move',20,'change_tokensmove'),(60,'Can delete tokens move',20,'delete_tokensmove'),(61,'Can add transaction',21,'add_transaction'),(62,'Can change transaction',21,'change_transaction'),(63,'Can delete transaction',21,'delete_transaction'),(64,'Can add transfer',22,'add_transfer'),(65,'Can change transfer',22,'change_transfer'),(66,'Can delete transfer',22,'delete_transfer'),(67,'Can add Attachment',23,'add_attachment'),(68,'Can change Attachment',23,'change_attachment'),(69,'Can delete Attachment',23,'delete_attachment'),(70,'Can add Custom field',24,'add_customfield'),(71,'Can change Custom field',24,'change_customfield'),(72,'Can delete Custom field',24,'delete_customfield'),(73,'Can add e-mail template',25,'add_emailtemplate'),(74,'Can change e-mail template',25,'change_emailtemplate'),(75,'Can delete e-mail template',25,'delete_emailtemplate'),(76,'Can add Escalation exclusion',26,'add_escalationexclusion'),(77,'Can change Escalation exclusion',26,'change_escalationexclusion'),(78,'Can delete Escalation exclusion',26,'delete_escalationexclusion'),(79,'Can add Follow-up',27,'add_followup'),(80,'Can change Follow-up',27,'change_followup'),(81,'Can delete Follow-up',27,'delete_followup'),(82,'Can add Ignored e-mail address',28,'add_ignoreemail'),(83,'Can change Ignored e-mail address',28,'change_ignoreemail'),(84,'Can delete Ignored e-mail address',28,'delete_ignoreemail'),(85,'Can add Knowledge base category',29,'add_kbcategory'),(86,'Can change Knowledge base category',29,'change_kbcategory'),(87,'Can delete Knowledge base category',29,'delete_kbcategory'),(88,'Can add Knowledge base item',30,'add_kbitem'),(89,'Can change Knowledge base item',30,'change_kbitem'),(90,'Can delete Knowledge base item',30,'delete_kbitem'),(91,'Can add Pre-set reply',31,'add_presetreply'),(92,'Can change Pre-set reply',31,'change_presetreply'),(93,'Can delete Pre-set reply',31,'delete_presetreply'),(94,'Can add Queue',32,'add_queue'),(95,'Can change Queue',32,'change_queue'),(96,'Can delete Queue',32,'delete_queue'),(97,'Can add Saved search',33,'add_savedsearch'),(98,'Can change Saved search',33,'change_savedsearch'),(99,'Can delete Saved search',33,'delete_savedsearch'),(100,'Can add Ticket',34,'add_ticket'),(101,'Can change Ticket',34,'change_ticket'),(102,'Can delete Ticket',34,'delete_ticket'),(103,'Can add ticket cc',35,'add_ticketcc'),(104,'Can change ticket cc',35,'change_ticketcc'),(105,'Can delete ticket cc',35,'delete_ticketcc'),(106,'Can add Ticket change',36,'add_ticketchange'),(107,'Can change Ticket change',36,'change_ticketchange'),(108,'Can delete Ticket change',36,'delete_ticketchange'),(109,'Can add Ticket custom field value',37,'add_ticketcustomfieldvalue'),(110,'Can change Ticket custom field value',37,'change_ticketcustomfieldvalue'),(111,'Can delete Ticket custom field value',37,'delete_ticketcustomfieldvalue'),(112,'Can add Ticket dependency',38,'add_ticketdependency'),(113,'Can change Ticket dependency',38,'change_ticketdependency'),(114,'Can delete Ticket dependency',38,'delete_ticketdependency'),(115,'Can add User Setting',39,'add_usersettings'),(116,'Can change User Setting',39,'change_usersettings'),(117,'Can delete User Setting',39,'delete_usersettings'),(119,'Permission for queue: KYC Requests',32,'queue_access_kyc-requests'),(120,'Can add site',40,'add_site'),(121,'Can change site',40,'change_site'),(122,'Can delete site',40,'delete_site'),(123,'Permission for queue: Support',32,'queue_access_support');
/*!40000 ALTER TABLE `auth_permission` ENABLE KEYS */;
UNLOCK TABLES;

--
-- Table structure for table `auth_user`
--

DROP TABLE IF EXISTS `auth_user`;
/*!40101 SET @saved_cs_client     = @@character_set_client */;
/*!40101 SET character_set_client = utf8 */;
CREATE TABLE `auth_user` (
  `id` int(11) NOT NULL AUTO_INCREMENT,
  `password` varchar(128) COLLATE utf8_bin NOT NULL,
  `last_login` datetime(6) DEFAULT NULL,
  `is_superuser` tinyint(1) NOT NULL,
  `username` varchar(150) COLLATE utf8_bin NOT NULL,
  `first_name` varchar(30) COLLATE utf8_bin NOT NULL,
  `last_name` varchar(150) COLLATE utf8_bin NOT NULL,
  `email` varchar(254) COLLATE utf8_bin NOT NULL,
  `is_staff` tinyint(1) NOT NULL,
  `is_active` tinyint(1) NOT NULL,
  `date_joined` datetime(6) NOT NULL,
  PRIMARY KEY (`id`),
  UNIQUE KEY `username` (`username`)
) ENGINE=InnoDB AUTO_INCREMENT=2 DEFAULT CHARSET=utf8 COLLATE=utf8_bin;
/*!40101 SET character_set_client = @saved_cs_client */;

--
-- Dumping data for table `auth_user`
--

LOCK TABLES `auth_user` WRITE;
/*!40000 ALTER TABLE `auth_user` DISABLE KEYS */;
INSERT INTO `auth_user` VALUES (1,'pbkdf2_sha256$100000$44XvvD0VGTdm$whb4Dj6YM9WNDwExHWGgkUbn68cmxiApwAXa31CKMdg=','2018-06-18 19:44:45.995604',1,'admin','','','',1,1,'2018-06-18 19:44:08.085425');
/*!40000 ALTER TABLE `auth_user` ENABLE KEYS */;
UNLOCK TABLES;

--
-- Table structure for table `auth_user_groups`
--

DROP TABLE IF EXISTS `auth_user_groups`;
/*!40101 SET @saved_cs_client     = @@character_set_client */;
/*!40101 SET character_set_client = utf8 */;
CREATE TABLE `auth_user_groups` (
  `id` int(11) NOT NULL AUTO_INCREMENT,
  `user_id` int(11) NOT NULL,
  `group_id` int(11) NOT NULL,
  PRIMARY KEY (`id`),
  UNIQUE KEY `auth_user_groups_user_id_group_id_94350c0c_uniq` (`user_id`,`group_id`),
  KEY `auth_user_groups_group_id_97559544_fk_auth_group_id` (`group_id`),
  CONSTRAINT `auth_user_groups_group_id_97559544_fk_auth_group_id` FOREIGN KEY (`group_id`) REFERENCES `auth_group` (`id`),
  CONSTRAINT `auth_user_groups_user_id_6a12ed8b_fk_auth_user_id` FOREIGN KEY (`user_id`) REFERENCES `auth_user` (`id`)
) ENGINE=InnoDB DEFAULT CHARSET=utf8 COLLATE=utf8_bin;
/*!40101 SET character_set_client = @saved_cs_client */;

--
-- Dumping data for table `auth_user_groups`
--

LOCK TABLES `auth_user_groups` WRITE;
/*!40000 ALTER TABLE `auth_user_groups` DISABLE KEYS */;
/*!40000 ALTER TABLE `auth_user_groups` ENABLE KEYS */;
UNLOCK TABLES;

--
-- Table structure for table `auth_user_user_permissions`
--

DROP TABLE IF EXISTS `auth_user_user_permissions`;
/*!40101 SET @saved_cs_client     = @@character_set_client */;
/*!40101 SET character_set_client = utf8 */;
CREATE TABLE `auth_user_user_permissions` (
  `id` int(11) NOT NULL AUTO_INCREMENT,
  `user_id` int(11) NOT NULL,
  `permission_id` int(11) NOT NULL,
  PRIMARY KEY (`id`),
  UNIQUE KEY `auth_user_user_permissions_user_id_permission_id_14a6b632_uniq` (`user_id`,`permission_id`),
  KEY `auth_user_user_permi_permission_id_1fbb5f2c_fk_auth_perm` (`permission_id`),
  CONSTRAINT `auth_user_user_permi_permission_id_1fbb5f2c_fk_auth_perm` FOREIGN KEY (`permission_id`) REFERENCES `auth_permission` (`id`),
  CONSTRAINT `auth_user_user_permissions_user_id_a95ead1b_fk_auth_user_id` FOREIGN KEY (`user_id`) REFERENCES `auth_user` (`id`)
) ENGINE=InnoDB DEFAULT CHARSET=utf8 COLLATE=utf8_bin;
/*!40101 SET character_set_client = @saved_cs_client */;

--
-- Dumping data for table `auth_user_user_permissions`
--

LOCK TABLES `auth_user_user_permissions` WRITE;
/*!40000 ALTER TABLE `auth_user_user_permissions` DISABLE KEYS */;
/*!40000 ALTER TABLE `auth_user_user_permissions` ENABLE KEYS */;
UNLOCK TABLES;

--
-- Table structure for table `django_admin_log`
--

DROP TABLE IF EXISTS `django_admin_log`;
/*!40101 SET @saved_cs_client     = @@character_set_client */;
/*!40101 SET character_set_client = utf8 */;
CREATE TABLE `django_admin_log` (
  `id` int(11) NOT NULL AUTO_INCREMENT,
  `action_time` datetime(6) NOT NULL,
  `object_id` longtext COLLATE utf8_bin,
  `object_repr` varchar(200) COLLATE utf8_bin NOT NULL,
  `action_flag` smallint(5) unsigned NOT NULL,
  `change_message` longtext COLLATE utf8_bin NOT NULL,
  `content_type_id` int(11) DEFAULT NULL,
  `user_id` int(11) NOT NULL,
  PRIMARY KEY (`id`),
  KEY `django_admin_log_content_type_id_c4bce8eb_fk_django_co` (`content_type_id`),
  KEY `django_admin_log_user_id_c564eba6_fk_auth_user_id` (`user_id`),
  CONSTRAINT `django_admin_log_content_type_id_c4bce8eb_fk_django_co` FOREIGN KEY (`content_type_id`) REFERENCES `django_content_type` (`id`),
  CONSTRAINT `django_admin_log_user_id_c564eba6_fk_auth_user_id` FOREIGN KEY (`user_id`) REFERENCES `investors` (`id`)
) ENGINE=InnoDB AUTO_INCREMENT=91 DEFAULT CHARSET=utf8 COLLATE=utf8_bin;
/*!40101 SET character_set_client = @saved_cs_client */;

--
-- Dumping data for table `django_admin_log`
--

LOCK TABLES `django_admin_log` WRITE;
/*!40000 ALTER TABLE `django_admin_log` DISABLE KEYS */;
INSERT INTO `django_admin_log` VALUES (3,'2018-06-20 19:33:41.829446','2','KYC Requests',1,'[{\"added\": {}}]',32,2),(4,'2018-06-20 20:08:56.699536','4','4 New KYC request from user gordon@ongrid.pro',2,'[{\"changed\": {\"fields\": [\"assigned_to\"]}}]',34,2),(5,'2018-06-20 20:09:51.559679','4','4 New KYC request from user gordon@ongrid.pro',2,'[{\"changed\": {\"fields\": [\"assigned_to\"]}}]',34,2),(6,'2018-06-20 20:21:07.648141','6','Assigned to admin@ongrid.pro',3,'',27,2),(7,'2018-06-20 20:21:19.040068','8','Assigned to admin@ongrid.pro',3,'',27,2),(8,'2018-06-21 14:38:41.224867','4','4 New KYC request from user gordon@ongrid.pro',2,'[{\"changed\": {\"fields\": [\"reporter\"]}}]',34,2),(9,'2018-06-21 15:10:07.115354','6','6 New',2,'[{\"changed\": {\"fields\": [\"reporter\"]}}]',34,2),(10,'2018-06-21 18:43:59.320620','1','KYC for Roman Vladimirovich Nesytov',3,'',17,2),(11,'2018-06-21 18:46:30.392181','2','KYC for Roman  Nesytov',3,'',17,2),(12,'2018-06-21 18:47:27.917122','3','KYC for Roman  Nesytov',3,'',17,2),(13,'2018-06-21 18:48:30.532780','5','KYC for Roman  Nesytov',3,'',17,2),(14,'2018-06-21 18:51:19.527930','6','KYC for Roman  Nesytov',3,'',17,2),(15,'2018-06-21 19:08:46.993203','8','KYC for Roman  Nesytov',3,'',17,2),(16,'2018-06-21 19:12:37.603115','9','KYC for Roman  Nesytov',3,'',17,2),(17,'2018-06-25 13:53:10.114102','11','KYC for Roman  Nesytov',3,'',17,2),(18,'2018-06-25 13:54:55.126190','12','KYC for Roman  Nesytov',3,'',17,2),(19,'2018-06-25 13:55:32.886725','13','KYC for Roman  Nesytov',3,'',17,2),(20,'2018-06-25 13:55:57.284978','14','KYC for Roman  Nesytov',3,'',17,2),(21,'2018-06-25 13:57:26.825703','15','KYC for Roman  Nesytov',3,'',17,2),(22,'2018-06-25 13:58:22.817242','16','KYC for Roman  Nesytov',3,'',17,2),(23,'2018-06-25 13:58:43.419899','17','KYC for Roman  Nesytov',3,'',17,2),(24,'2018-06-25 13:59:50.846389','18','KYC for Roman  Nesytov',3,'',17,2),(25,'2018-06-25 14:00:48.882365','19','KYC for Roman  Nesytov',3,'',17,2),(26,'2018-06-25 14:03:07.355617','40','None',2,'[{\"changed\": {\"fields\": [\"user\"]}}]',27,2),(27,'2018-06-25 14:03:33.143765','40','Comment',2,'[{\"changed\": {\"fields\": [\"title\"]}}]',27,2),(28,'2018-06-25 14:04:27.852874','4','Ticket Opened',3,'',27,2),(29,'2018-06-25 14:04:27.854540','7','Comment',3,'',27,2),(30,'2018-06-25 14:04:27.855519','9','Assigned to admin@ongrid.pro',3,'',27,2),(31,'2018-06-25 14:04:27.856442','10','Comment',3,'',27,2),(32,'2018-06-25 14:04:27.857513','12','Ticket Opened',3,'',27,2),(33,'2018-06-25 14:04:27.858723','14','Comment',3,'',27,2),(34,'2018-06-25 14:04:27.878353','15','Comment',3,'',27,2),(35,'2018-06-25 14:04:27.879707','16','Ticket placed on hold',3,'',27,2),(36,'2018-06-25 14:04:27.881047','17','Ticket taken off hold',3,'',27,2),(37,'2018-06-25 14:04:27.882056','18','Updated',3,'',27,2),(38,'2018-06-25 14:04:27.883007','19','Updated',3,'',27,2),(39,'2018-06-25 14:04:27.883971','20','Comment',3,'',27,2),(40,'2018-06-25 14:04:27.884896','21','Comment',3,'',27,2),(41,'2018-06-25 14:04:27.885890','22','Comment',3,'',27,2),(42,'2018-06-25 14:04:27.886927','23','Comment',3,'',27,2),(43,'2018-06-25 14:04:27.887758','24','Comment',3,'',27,2),(44,'2018-06-25 14:04:27.888509','25','Comment',3,'',27,2),(45,'2018-06-25 14:04:27.889253','26','Updated',3,'',27,2),(46,'2018-06-25 14:04:27.889992','27','Updated',3,'',27,2),(47,'2018-06-25 14:04:27.890752','28','Updated',3,'',27,2),(48,'2018-06-25 14:04:27.891698','29','Comment',3,'',27,2),(49,'2018-06-25 14:04:27.892716','38','User updated KYC data',3,'',27,2),(50,'2018-06-25 14:04:27.893921','30','Comment',3,'',27,2),(51,'2018-06-25 14:04:27.895161','31','Comment',3,'',27,2),(52,'2018-06-25 14:04:27.896036','32','Comment',3,'',27,2),(53,'2018-06-25 14:04:27.896780','33','Updated',3,'',27,2),(54,'2018-06-25 14:04:27.897513','34','Updated',3,'',27,2),(55,'2018-06-25 14:04:27.898244','35','Comment',3,'',27,2),(56,'2018-06-25 14:04:27.898965','36','Assigned to admin@ongrid.pro',3,'',27,2),(57,'2018-06-25 14:04:27.899680','39','Comment',3,'',27,2),(58,'2018-06-25 14:04:27.900392','40','Comment',3,'',27,2),(59,'2018-06-25 14:04:37.452191','4','4 New KYC request from user gordon@ongrid.pro',3,'',34,2),(60,'2018-06-25 14:04:37.458410','6','6 New',3,'',34,2),(61,'2018-06-25 14:04:37.459378','10','10 KYC request for user r.nesytov@ongrid.pro',3,'',34,2),(62,'2018-06-25 14:04:37.460327','11','11 KYC request for user r.nesytov@ongrid.pro',3,'',34,2),(63,'2018-06-25 14:04:37.461242','12','12 KYC request for user r.nesytov@ongrid.pro',3,'',34,2),(64,'2018-06-25 14:11:52.912710','4','4 New KYC request from user gordon@ongrid.pro',3,'',34,2),(65,'2018-06-25 14:11:52.914153','6','6 New',3,'',34,2),(66,'2018-06-25 14:11:52.915337','10','10 KYC request for user r.nesytov@ongrid.pro',3,'',34,2),(67,'2018-06-25 14:11:52.917066','11','11 KYC request for user r.nesytov@ongrid.pro',3,'',34,2),(68,'2018-06-25 14:11:52.918250','12','12 KYC request for user r.nesytov@ongrid.pro',3,'',34,2),(69,'2018-06-25 14:12:04.957576','20','KYC for Roman  Nesytov',3,'',17,2),(70,'2018-06-25 14:12:57.380044','21','KYC for Roman  Nesytov',3,'',17,2),(71,'2018-06-25 14:14:32.976045','43','Comment',2,'[{\"changed\": {\"fields\": [\"user\"]}}]',27,2),(72,'2018-06-25 14:14:33.084164','43','Comment',2,'[]',27,2),(73,'2018-06-25 17:07:55.978591','41','KYC link',3,'',27,2),(74,'2018-06-25 17:07:55.982749','42','User updated KYC data',3,'',27,2),(75,'2018-06-25 17:07:55.983761','43','Comment',3,'',27,2),(76,'2018-06-25 17:07:55.984710','44','Assigned to admin@ongrid.pro',3,'',27,2),(77,'2018-06-25 17:07:55.985872','45','None',3,'',27,2),(78,'2018-06-25 17:07:55.986972','46','None',3,'',27,2),(79,'2018-06-25 17:07:55.988152','47','User updated KYC data',3,'',27,2),(80,'2018-06-25 17:07:55.989473','48','Comment',3,'',27,2),(81,'2018-06-25 17:07:56.002943','49','Comment',3,'',27,2),(82,'2018-06-25 17:07:56.004195','50','Comment',3,'',27,2),(83,'2018-06-25 17:08:05.582133','13','13 KYC request for user r.nesytov@ongrid.pro',3,'',34,2),(84,'2018-06-25 17:08:05.589031','14','14 KYC request for user r.nesytov@ongrid.pro',3,'',34,2),(85,'2018-06-25 17:08:05.590525','15','15 Give me some tokens',3,'',34,2),(86,'2018-06-25 17:08:05.592330','16','16 Give me some tokens',3,'',34,2),(87,'2018-06-25 17:08:15.986802','22','KYC for Roman Vladimirovich Nesytov',3,'',17,2),(88,'2018-06-25 17:14:53.880662','23','KYC for Roman  Nesytov',3,'',17,2),(89,'2018-06-25 17:15:03.593754','17','17 KYC request for user r.nesytov@ongrid.pro',3,'',34,2),(90,'2018-06-26 17:06:10.424370','1','Current phase',1,'[{\"added\": {}}]',19,2);
/*!40000 ALTER TABLE `django_admin_log` ENABLE KEYS */;
UNLOCK TABLES;

--
-- Table structure for table `django_content_type`
--

DROP TABLE IF EXISTS `django_content_type`;
/*!40101 SET @saved_cs_client     = @@character_set_client */;
/*!40101 SET character_set_client = utf8 */;
CREATE TABLE `django_content_type` (
  `id` int(11) NOT NULL AUTO_INCREMENT,
  `app_label` varchar(100) COLLATE utf8_bin NOT NULL,
  `model` varchar(100) COLLATE utf8_bin NOT NULL,
  PRIMARY KEY (`id`),
  UNIQUE KEY `django_content_type_app_label_model_76bd3d3b_uniq` (`app_label`,`model`)
) ENGINE=InnoDB AUTO_INCREMENT=41 DEFAULT CHARSET=utf8 COLLATE=utf8_bin;
/*!40101 SET character_set_client = @saved_cs_client */;

--
-- Dumping data for table `django_content_type`
--

LOCK TABLES `django_content_type` WRITE;
/*!40000 ALTER TABLE `django_content_type` DISABLE KEYS */;
INSERT INTO `django_content_type` VALUES (1,'admin','logentry'),(3,'auth','group'),(2,'auth','permission'),(4,'auth','user'),(5,'contenttypes','contenttype'),(23,'helpdesk','attachment'),(24,'helpdesk','customfield'),(25,'helpdesk','emailtemplate'),(26,'helpdesk','escalationexclusion'),(27,'helpdesk','followup'),(28,'helpdesk','ignoreemail'),(29,'helpdesk','kbcategory'),(30,'helpdesk','kbitem'),(31,'helpdesk','presetreply'),(32,'helpdesk','queue'),(33,'helpdesk','savedsearch'),(34,'helpdesk','ticket'),(35,'helpdesk','ticketcc'),(36,'helpdesk','ticketchange'),(37,'helpdesk','ticketcustomfieldvalue'),(38,'helpdesk','ticketdependency'),(39,'helpdesk','usersettings'),(6,'sessions','session'),(40,'sites','site'),(7,'social_django','association'),(8,'social_django','code'),(9,'social_django','nonce'),(11,'social_django','partial'),(10,'social_django','usersocialauth'),(12,'user_office','account'),(13,'user_office','eventsprocessing'),(14,'user_office','exchangerate'),(15,'user_office','ico_info'),(16,'user_office','investor'),(17,'user_office','kyc'),(18,'user_office','payment'),(19,'user_office','phase'),(20,'user_office','tokensmove'),(21,'user_office','transaction'),(22,'user_office','transfer');
/*!40000 ALTER TABLE `django_content_type` ENABLE KEYS */;
UNLOCK TABLES;

--
-- Table structure for table `django_migrations`
--

DROP TABLE IF EXISTS `django_migrations`;
/*!40101 SET @saved_cs_client     = @@character_set_client */;
/*!40101 SET character_set_client = utf8 */;
CREATE TABLE `django_migrations` (
  `id` int(11) NOT NULL AUTO_INCREMENT,
  `app` varchar(255) COLLATE utf8_bin NOT NULL,
  `name` varchar(255) COLLATE utf8_bin NOT NULL,
  `applied` datetime(6) NOT NULL,
  PRIMARY KEY (`id`)
) ENGINE=InnoDB AUTO_INCREMENT=58 DEFAULT CHARSET=utf8 COLLATE=utf8_bin;
/*!40101 SET character_set_client = @saved_cs_client */;

--
-- Dumping data for table `django_migrations`
--

LOCK TABLES `django_migrations` WRITE;
/*!40000 ALTER TABLE `django_migrations` DISABLE KEYS */;
INSERT INTO `django_migrations` VALUES (1,'contenttypes','0001_initial','2018-06-18 19:43:34.747174'),(2,'auth','0001_initial','2018-06-18 19:43:35.137256'),(3,'admin','0001_initial','2018-06-18 19:43:35.224594'),(4,'admin','0002_logentry_remove_auto_add','2018-06-18 19:43:35.236956'),(5,'contenttypes','0002_remove_content_type_name','2018-06-18 19:43:35.293492'),(6,'auth','0002_alter_permission_name_max_length','2018-06-18 19:43:35.344092'),(7,'auth','0003_alter_user_email_max_length','2018-06-18 19:43:35.380116'),(8,'auth','0004_alter_user_username_opts','2018-06-18 19:43:35.388758'),(9,'auth','0005_alter_user_last_login_null','2018-06-18 19:43:35.422523'),(10,'auth','0006_require_contenttypes_0002','2018-06-18 19:43:35.424523'),(11,'auth','0007_alter_validators_add_error_messages','2018-06-18 19:43:35.431759'),(12,'auth','0008_alter_user_username_max_length','2018-06-18 19:43:35.472747'),(13,'auth','0009_alter_user_last_name_max_length','2018-06-18 19:43:35.505623'),(14,'sessions','0001_initial','2018-06-18 19:43:35.551309'),(15,'user_office','0001_initial','2018-06-18 19:43:36.170227'),(16,'default','0001_initial','2018-06-18 19:43:36.750020'),(17,'social_auth','0001_initial','2018-06-18 19:43:36.764790'),(18,'default','0002_add_related_name','2018-06-18 19:43:36.936536'),(19,'social_auth','0002_add_related_name','2018-06-18 19:43:36.940117'),(20,'default','0003_alter_email_max_length','2018-06-18 19:43:37.048755'),(21,'social_auth','0003_alter_email_max_length','2018-06-18 19:43:37.061735'),(22,'default','0004_auto_20160423_0400','2018-06-18 19:43:37.080329'),(23,'social_auth','0004_auto_20160423_0400','2018-06-18 19:43:37.094722'),(24,'social_auth','0005_auto_20160727_2333','2018-06-18 19:43:37.159402'),(25,'social_django','0006_partial','2018-06-18 19:43:37.267429'),(26,'social_django','0007_code_timestamp','2018-06-18 19:43:37.417468'),(27,'social_django','0008_partial_timestamp','2018-06-18 19:43:37.654768'),(28,'social_django','0002_add_related_name','2018-06-18 19:43:37.670986'),(29,'social_django','0001_initial','2018-06-18 19:43:37.675214'),(30,'social_django','0005_auto_20160727_2333','2018-06-18 19:43:37.686088'),(31,'social_django','0004_auto_20160423_0400','2018-06-18 19:43:37.688832'),(32,'social_django','0003_alter_email_max_length','2018-06-18 19:43:37.699022'),(33,'user_office','0002_auto_20180620_1746','2018-06-20 17:46:06.676749'),(34,'helpdesk','0001_initial','2018-06-20 18:38:48.154954'),(35,'helpdesk','0002_populate_usersettings','2018-06-20 18:38:48.206555'),(36,'helpdesk','0003_initial_data_import','2018-06-20 18:38:50.149980'),(37,'helpdesk','0004_add_per_queue_staff_membership','2018-06-20 18:38:50.385814'),(38,'helpdesk','0005_queues_no_null','2018-06-20 18:38:50.720154'),(39,'helpdesk','0006_email_maxlength','2018-06-20 18:38:50.835382'),(40,'helpdesk','0007_max_length_by_integer','2018-06-20 18:38:50.842421'),(41,'helpdesk','0008_extra_for_permissions','2018-06-20 18:38:50.882821'),(42,'helpdesk','0009_migrate_queuemembership','2018-06-20 18:38:50.925034'),(43,'helpdesk','0010_remove_queuemembership','2018-06-20 18:38:51.009291'),(44,'helpdesk','0011_admin_related_improvements','2018-06-20 18:38:51.067668'),(45,'helpdesk','0012_queue_default_owner','2018-06-20 18:38:51.139996'),(46,'helpdesk','0013_email_box_local_dir_and_logging','2018-06-20 18:38:51.255790'),(47,'helpdesk','0014_usersettings_related_name','2018-06-20 18:38:51.346826'),(48,'helpdesk','0015_expand_permission_name_size','2018-06-20 18:38:51.377073'),(49,'helpdesk','0016_alter_model_options','2018-06-20 18:38:51.459912'),(50,'helpdesk','0017_default_owner_on_delete_null','2018-06-20 18:38:51.511974'),(51,'user_office','0003_investor_is_staff','2018-06-20 19:18:00.291237'),(52,'sites','0001_initial','2018-06-20 19:37:35.159117'),(53,'sites','0002_alter_domain_unique','2018-06-20 19:37:35.195118'),(54,'helpdesk','0018_ticket_reporter','2018-06-21 14:23:42.097083'),(55,'user_office','0004_kyc_ticket','2018-06-21 19:08:34.317054'),(56,'user_office','0005_auto_20180625_1411','2018-06-25 14:11:50.591380'),(57,'helpdesk','0019_auto_20180709_1841','2018-07-09 18:42:15.625812');
/*!40000 ALTER TABLE `django_migrations` ENABLE KEYS */;
UNLOCK TABLES;

--
-- Table structure for table `django_session`
--

DROP TABLE IF EXISTS `django_session`;
/*!40101 SET @saved_cs_client     = @@character_set_client */;
/*!40101 SET character_set_client = utf8 */;
CREATE TABLE `django_session` (
  `session_key` varchar(40) COLLATE utf8_bin NOT NULL,
  `session_data` longtext COLLATE utf8_bin NOT NULL,
  `expire_date` datetime(6) NOT NULL,
  PRIMARY KEY (`session_key`),
  KEY `django_session_expire_date_a5c62663` (`expire_date`)
) ENGINE=InnoDB DEFAULT CHARSET=utf8 COLLATE=utf8_bin;
/*!40101 SET character_set_client = @saved_cs_client */;

--
-- Dumping data for table `django_session`
--

LOCK TABLES `django_session` WRITE;
/*!40000 ALTER TABLE `django_session` DISABLE KEYS */;
INSERT INTO `django_session` VALUES ('4hukfa5kqakva8n1uidqmjmqz1rftsqe','MjIzYTlhOWZiZjBjYmMzMDEyMGJmZmFhOGYwNWRlYmIyNDI0OTFlODp7Il9hdXRoX3VzZXJfaWQiOiIxIiwiX2F1dGhfdXNlcl9iYWNrZW5kIjoidXNlcl9vZmZpY2UuYXV0aF9iYWNrZW5kLkFkbWluVXNlckJhY2tlbmQiLCJfYXV0aF91c2VyX2hhc2giOiJkYzQyMWMxZTc2MTkwNjRhNWM0ZDYyZThmZGEwZmUwYzYyMDQyY2QwIn0=','2018-07-02 19:44:45.999218'),('5n72e3qu80bnmaa2xd5n7aehysfcqec0','MjExN2QxM2MyZWFmZjI0ZmY4NmZlMWFiYWIwOGY5YjQyNmY3ZTc3MTp7Il9hdXRoX3VzZXJfaWQiOiIyIiwiX2F1dGhfdXNlcl9iYWNrZW5kIjoidXNlcl9vZmZpY2UuYXV0aF9iYWNrZW5kLkFkbWluVXNlckJhY2tlbmQiLCJfYXV0aF91c2VyX2hhc2giOiI0OWVlMjkzYWZmNWFiYmI4Yzc5OTRlZjQ1YzQ4MGI1NGUzMjk3ZjYzIn0=','2018-07-23 19:48:55.234172'),('6nyz8mx3zjjulzavrgc7ffayeg5gzjwq','NjBhN2VlNTUwMmM1NGQ2ZTIwY2RiZjM3NmQ0NmM0Mzk3MTAwMTFlMDp7InBhcnRpYWxfcGlwZWxpbmVfdG9rZW4iOiIxMWUyYWNhOTVkNmU0OGYzYTkwODUxMmM3YWM3OGJkMCIsIl9hdXRoX3VzZXJfaWQiOiIzIiwiX2F1dGhfdXNlcl9iYWNrZW5kIjoic29jaWFsX2NvcmUuYmFja2VuZHMuZW1haWwuRW1haWxBdXRoIiwiX2F1dGhfdXNlcl9oYXNoIjoiNDJiNWJlZjAwODJkM2ZlYTA5NmZhZGQzNGRjZDk3YmJkMTYwZjI5MyIsInNvY2lhbF9hdXRoX2xhc3RfbG9naW5fYmFja2VuZCI6ImVtYWlsIn0=','2018-07-23 19:34:07.153616'),('fic8rdf9x2kqud1gzhsasqd2z5jtudrk','MjExN2QxM2MyZWFmZjI0ZmY4NmZlMWFiYWIwOGY5YjQyNmY3ZTc3MTp7Il9hdXRoX3VzZXJfaWQiOiIyIiwiX2F1dGhfdXNlcl9iYWNrZW5kIjoidXNlcl9vZmZpY2UuYXV0aF9iYWNrZW5kLkFkbWluVXNlckJhY2tlbmQiLCJfYXV0aF91c2VyX2hhc2giOiI0OWVlMjkzYWZmNWFiYmI4Yzc5OTRlZjQ1YzQ4MGI1NGUzMjk3ZjYzIn0=','2018-07-10 17:04:08.394831'),('hbnwpensyqdsgg8w25xuv6jw7v49kw7b','MTdhMjhjYzc1NzM4NGM1ZTYxMjJlZTAyMGI0ZWJhYTk3ZGJmY2MwYzp7Il9hdXRoX3VzZXJfaWQiOiIxIiwiX2F1dGhfdXNlcl9iYWNrZW5kIjoidXNlcl9vZmZpY2UuYXV0aF9iYWNrZW5kLkVtYWlsQmFja2VuZCIsIl9hdXRoX3VzZXJfaGFzaCI6IjFlMzg1ZGEyM2FkMWQxOGVlMTg1OTMxNTlhNDBhNjQ3OGIzOTk4MjYifQ==','2018-07-02 19:56:31.968684'),('htl0h2xw09blw2l46h86hf9iwu2tf3g5','MWU2Njk4ZTY4ZTJjZTYzYTdlN2VlNDlmYWZiZjQ2Y2Y5ZGUyZDAwNzp7Il9hdXRoX3VzZXJfaWQiOiIyIiwiX2F1dGhfdXNlcl9iYWNrZW5kIjoidXNlcl9vZmZpY2UuYXV0aF9iYWNrZW5kLkFkbWluVXNlckJhY2tlbmQiLCJfYXV0aF91c2VyX2hhc2giOiI0OWVlMjkzYWZmNWFiYmI4Yzc5OTRlZjQ1YzQ4MGI1NGUzMjk3ZjYzIiwiX21lc3NhZ2VzIjoiW1tcIl9fanNvbl9tZXNzYWdlXCIsMCwyNSxcIlRoZSBLWUMgXFxcIktZQyBmb3IgUm9tYW4gIE5lc3l0b3ZcXFwiIHdhcyBkZWxldGVkIHN1Y2Nlc3NmdWxseS5cIl0sW1wiX19qc29uX21lc3NhZ2VcIiwwLDI1LFwiU3VjY2Vzc2Z1bGx5IGRlbGV0ZWQgMSBLWUMuXCJdLFtcIl9fanNvbl9tZXNzYWdlXCIsMSwyNSxcIlRoZSBGb2xsb3ctdXAgXFxcIjxhIGhyZWY9XFxcIi9hZG1pbi9oZWxwZGVzay9mb2xsb3d1cC80My9jaGFuZ2UvXFxcIj5Db21tZW50PC9hPlxcXCIgd2FzIGNoYW5nZWQgc3VjY2Vzc2Z1bGx5LlwiXSxbXCJfX2pzb25fbWVzc2FnZVwiLDEsMjUsXCJUaGUgRm9sbG93LXVwIFxcXCI8YSBocmVmPVxcXCIvYWRtaW4vaGVscGRlc2svZm9sbG93dXAvNDMvY2hhbmdlL1xcXCI+Q29tbWVudDwvYT5cXFwiIHdhcyBjaGFuZ2VkIHN1Y2Nlc3NmdWxseS5cIl0sW1wiX19qc29uX21lc3NhZ2VcIiwwLDI1LFwiU3VjY2Vzc2Z1bGx5IGRlbGV0ZWQgMTAgRm9sbG93LXVwcy5cIl0sW1wiX19qc29uX21lc3NhZ2VcIiwwLDI1LFwiU3VjY2Vzc2Z1bGx5IGRlbGV0ZWQgNCBUaWNrZXRzLlwiXSxbXCJfX2pzb25fbWVzc2FnZVwiLDAsMzAsXCJObyBhY3Rpb24gc2VsZWN0ZWQuXCJdLFtcIl9fanNvbl9tZXNzYWdlXCIsMCwyNSxcIlN1Y2Nlc3NmdWxseSBkZWxldGVkIDEgS1lDLlwiXSxbXCJfX2pzb25fbWVzc2FnZVwiLDAsMjUsXCJUaGUgS1lDIFxcXCJLWUMgZm9yIFJvbWFuICBOZXN5dG92XFxcIiB3YXMgZGVsZXRlZCBzdWNjZXNzZnVsbHkuXCJdLFtcIl9fanNvbl9tZXNzYWdlXCIsMCwyNSxcIlN1Y2Nlc3NmdWxseSBkZWxldGVkIDEgVGlja2V0LlwiXV0ifQ==','2018-07-09 17:15:03.615981');
/*!40000 ALTER TABLE `django_session` ENABLE KEYS */;
UNLOCK TABLES;

--
-- Table structure for table `django_site`
--

DROP TABLE IF EXISTS `django_site`;
/*!40101 SET @saved_cs_client     = @@character_set_client */;
/*!40101 SET character_set_client = utf8 */;
CREATE TABLE `django_site` (
  `id` int(11) NOT NULL AUTO_INCREMENT,
  `domain` varchar(100) COLLATE utf8_bin NOT NULL,
  `name` varchar(50) COLLATE utf8_bin NOT NULL,
  PRIMARY KEY (`id`),
  UNIQUE KEY `django_site_domain_a2e37b91_uniq` (`domain`)
) ENGINE=InnoDB AUTO_INCREMENT=2 DEFAULT CHARSET=utf8 COLLATE=utf8_bin;
/*!40101 SET character_set_client = @saved_cs_client */;

--
-- Dumping data for table `django_site`
--

LOCK TABLES `django_site` WRITE;
/*!40000 ALTER TABLE `django_site` DISABLE KEYS */;
INSERT INTO `django_site` VALUES (1,'example.com','example.com');
/*!40000 ALTER TABLE `django_site` ENABLE KEYS */;
UNLOCK TABLES;

--
-- Table structure for table `events_processing`
--

DROP TABLE IF EXISTS `events_processing`;
/*!40101 SET @saved_cs_client     = @@character_set_client */;
/*!40101 SET character_set_client = utf8 */;
CREATE TABLE `events_processing` (
  `id` int(11) NOT NULL AUTO_INCREMENT,
  `filter_id` varchar(100) COLLATE utf8_bin NOT NULL,
  `from_block` int(11) NOT NULL,
  `last_processed_block` int(11) DEFAULT NULL,
  `last_update_at` datetime(6) NOT NULL,
  PRIMARY KEY (`id`)
) ENGINE=InnoDB AUTO_INCREMENT=8 DEFAULT CHARSET=utf8 COLLATE=utf8_bin;
/*!40101 SET character_set_client = @saved_cs_client */;

--
-- Dumping data for table `events_processing`
--

LOCK TABLES `events_processing` WRITE;
/*!40000 ALTER TABLE `events_processing` DISABLE KEYS */;
INSERT INTO `events_processing` VALUES (6,'0x2e85f4c81ae0e761570ed1cede65044c',0,2610602,'2018-07-10 13:25:26.755088'),(7,'0x9d4c4341fac11682aa7cdf22c5ca5f73',2610603,2610721,'2018-07-10 13:55:08.196042');
/*!40000 ALTER TABLE `events_processing` ENABLE KEYS */;
UNLOCK TABLES;

--
-- Table structure for table `exchange_rates`
--

DROP TABLE IF EXISTS `exchange_rates`;
/*!40101 SET @saved_cs_client     = @@character_set_client */;
/*!40101 SET character_set_client = utf8 */;
CREATE TABLE `exchange_rates` (
  `id` int(11) NOT NULL AUTO_INCREMENT,
  `currency` varchar(5) COLLATE utf8_bin NOT NULL,
  `creation_date` datetime(6) NOT NULL,
  `rate` decimal(32,5) NOT NULL,
  `timestamp` int(10) unsigned NOT NULL,
  PRIMARY KEY (`id`)
) ENGINE=InnoDB AUTO_INCREMENT=71 DEFAULT CHARSET=utf8 COLLATE=utf8_bin;
/*!40101 SET character_set_client = @saved_cs_client */;

--
-- Dumping data for table `exchange_rates`
--

LOCK TABLES `exchange_rates` WRITE;
/*!40000 ALTER TABLE `exchange_rates` DISABLE KEYS */;
INSERT INTO `exchange_rates` VALUES (1,'LTCT','2018-07-09 16:50:15.645442',83.20857,1531154942),(2,'BTC','2018-07-09 16:50:15.815596',6761.26428,1531155001),(3,'DASH','2018-07-09 16:50:15.926189',243.59727,1531155001),(4,'ETH','2018-07-09 17:15:07.858929',479.74550,1531156442),(5,'LTCT','2018-07-09 17:15:07.951911',82.79195,1531156442),(6,'BTC','2018-07-09 17:15:08.045706',6749.03288,1531156501),(7,'DASH','2018-07-09 17:15:08.162915',243.06098,1531156501),(8,'ETH','2018-07-09 17:20:07.889005',479.30994,1531156741),(9,'LTCT','2018-07-09 17:20:08.005096',82.81041,1531156741),(10,'BTC','2018-07-09 17:20:08.106330',6749.09834,1531156802),(11,'DASH','2018-07-09 17:20:08.288980',243.13144,1531156802),(12,'ETH','2018-07-09 17:59:58.426493',477.94431,1531159142),(13,'LTCT','2018-07-09 17:59:58.630549',82.28604,1531159142),(14,'BTC','2018-07-09 17:59:58.823129',6743.00857,1531159142),(15,'DASH','2018-07-09 17:59:59.215659',238.72300,1531159142),(16,'ETH','2018-07-09 18:35:41.520394',477.97114,1531161301),(17,'LTCT','2018-07-09 18:35:41.866137',82.55750,1531161301),(18,'BTC','2018-07-09 18:35:42.302744',6750.28266,1531161301),(19,'DASH','2018-07-09 18:35:42.500019',240.38803,1531161301),(20,'LTCT','2018-07-09 18:40:41.671329',82.51748,1531161602),(21,'BTC','2018-07-09 18:40:42.061084',6750.11665,1531161602),(22,'DASH','2018-07-09 18:40:42.249297',239.51097,1531161602),(23,'ETH','2018-07-09 18:45:41.404418',477.82711,1531161901),(24,'LTCT','2018-07-09 18:45:41.557765',82.47682,1531161901),(25,'BTC','2018-07-09 18:45:41.879147',6752.28124,1531161901),(26,'DASH','2018-07-09 18:45:42.091897',239.69588,1531161901),(27,'ETH','2018-07-09 18:50:41.390719',478.04782,1531162202),(28,'LTCT','2018-07-09 18:50:41.576029',82.61019,1531162202),(29,'BTC','2018-07-09 18:50:41.973813',6750.95479,1531162202),(30,'DASH','2018-07-09 18:50:42.211972',240.29839,1531162202),(31,'ETH','2018-07-09 18:55:41.488635',478.04447,1531162501),(32,'LTCT','2018-07-09 18:55:41.677102',82.59459,1531162501),(33,'BTC','2018-07-09 18:55:42.003375',6749.83987,1531162501),(34,'DASH','2018-07-09 18:55:42.208982',240.42091,1531162501),(35,'ETH','2018-07-09 19:00:41.256618',477.99730,1531162802),(36,'LTCT','2018-07-09 19:00:41.585422',82.61299,1531162802),(37,'BTC','2018-07-09 19:00:41.715232',6750.37428,1531162802),(38,'DASH','2018-07-09 19:00:42.035732',240.25671,1531162802),(39,'ETH','2018-07-10 12:33:50.451267',436.04971,1531225982),(40,'LTCT','2018-07-10 12:33:50.662347',75.90046,1531225982),(41,'BTC','2018-07-10 12:33:50.773247',6399.69122,1531225982),(42,'DASH','2018-07-10 12:33:50.868022',227.87019,1531225982),(43,'ETH','2018-07-10 13:45:07.794594',442.16996,1531230302),(44,'LTCT','2018-07-10 13:45:08.247295',76.90532,1531230302),(45,'BTC','2018-07-10 13:45:08.342351',6439.61557,1531230302),(46,'DASH','2018-07-10 13:45:08.488383',227.89105,1531230302),(47,'ETH','2018-07-10 13:50:08.219974',442.22962,1531230542),(48,'LTCT','2018-07-10 13:50:08.539433',76.89585,1531230542),(49,'BTC','2018-07-10 13:50:09.023270',6435.26705,1531230601),(50,'DASH','2018-07-10 13:50:09.384516',228.03554,1531230601),(51,'ETH','2018-07-10 13:55:07.677404',440.72742,1531230841),(52,'LTC','2018-07-10 13:55:07.845916',76.78162,1531230902),(53,'BTC','2018-07-10 13:55:08.003033',6431.83706,1531230902),(54,'DASH','2018-07-10 13:55:08.111493',228.47853,1531230902),(55,'ETH','2018-07-10 13:57:40.799566',442.39881,1531231021),(56,'LTC','2018-07-10 13:57:40.927831',76.91723,1531231021),(57,'BTC','2018-07-10 13:57:41.105639',6432.99683,1531231021),(58,'DASH','2018-07-10 13:57:41.271177',228.67928,1531231021),(59,'ETH','2018-07-10 13:58:30.008440',442.45045,1531231081),(60,'LTC','2018-07-10 13:58:30.201944',76.93388,1531231081),(61,'BTC','2018-07-10 13:58:30.582024',6432.99683,1531231021),(62,'DASH','2018-07-10 13:58:31.977281',228.67928,1531231021),(63,'ETH','2018-07-10 13:59:13.037742',442.45045,1531231081),(64,'LTC','2018-07-10 13:59:13.137458',76.93388,1531231081),(65,'BTC','2018-07-10 13:59:13.309354',6433.46253,1531231141),(66,'DASH','2018-07-10 13:59:13.417063',228.90001,1531231141),(67,'ETH','2018-07-10 13:59:50.777388',442.42373,1531231141),(68,'LTC','2018-07-10 13:59:50.960056',76.96239,1531231141),(69,'BTC','2018-07-10 13:59:51.065009',6433.46253,1531231141),(70,'DASH','2018-07-10 13:59:51.181178',228.90001,1531231141);
/*!40000 ALTER TABLE `exchange_rates` ENABLE KEYS */;
UNLOCK TABLES;

--
-- Table structure for table `helpdesk_attachment`
--

DROP TABLE IF EXISTS `helpdesk_attachment`;
/*!40101 SET @saved_cs_client     = @@character_set_client */;
/*!40101 SET character_set_client = utf8 */;
CREATE TABLE `helpdesk_attachment` (
  `id` int(11) NOT NULL AUTO_INCREMENT,
  `file` varchar(1000) COLLATE utf8_bin NOT NULL,
  `filename` varchar(1000) COLLATE utf8_bin NOT NULL,
  `mime_type` varchar(255) COLLATE utf8_bin NOT NULL,
  `size` int(11) NOT NULL,
  `followup_id` int(11) NOT NULL,
  PRIMARY KEY (`id`),
  KEY `helpdesk_attachment_followup_id_bed12db9_fk_helpdesk_followup_id` (`followup_id`),
  CONSTRAINT `helpdesk_attachment_followup_id_bed12db9_fk_helpdesk_followup_id` FOREIGN KEY (`followup_id`) REFERENCES `helpdesk_followup` (`id`)
) ENGINE=InnoDB DEFAULT CHARSET=utf8 COLLATE=utf8_bin;
/*!40101 SET character_set_client = @saved_cs_client */;

--
-- Dumping data for table `helpdesk_attachment`
--

LOCK TABLES `helpdesk_attachment` WRITE;
/*!40000 ALTER TABLE `helpdesk_attachment` DISABLE KEYS */;
/*!40000 ALTER TABLE `helpdesk_attachment` ENABLE KEYS */;
UNLOCK TABLES;

--
-- Table structure for table `helpdesk_customfield`
--

DROP TABLE IF EXISTS `helpdesk_customfield`;
/*!40101 SET @saved_cs_client     = @@character_set_client */;
/*!40101 SET character_set_client = utf8 */;
CREATE TABLE `helpdesk_customfield` (
  `id` int(11) NOT NULL AUTO_INCREMENT,
  `name` varchar(50) COLLATE utf8_bin NOT NULL,
  `label` varchar(30) COLLATE utf8_bin NOT NULL,
  `help_text` longtext COLLATE utf8_bin,
  `data_type` varchar(100) COLLATE utf8_bin NOT NULL,
  `max_length` int(11) DEFAULT NULL,
  `decimal_places` int(11) DEFAULT NULL,
  `empty_selection_list` tinyint(1) NOT NULL,
  `list_values` longtext COLLATE utf8_bin,
  `ordering` int(11) DEFAULT NULL,
  `required` tinyint(1) NOT NULL,
  `staff_only` tinyint(1) NOT NULL,
  PRIMARY KEY (`id`),
  UNIQUE KEY `name` (`name`)
) ENGINE=InnoDB DEFAULT CHARSET=utf8 COLLATE=utf8_bin;
/*!40101 SET character_set_client = @saved_cs_client */;

--
-- Dumping data for table `helpdesk_customfield`
--

LOCK TABLES `helpdesk_customfield` WRITE;
/*!40000 ALTER TABLE `helpdesk_customfield` DISABLE KEYS */;
/*!40000 ALTER TABLE `helpdesk_customfield` ENABLE KEYS */;
UNLOCK TABLES;

--
-- Table structure for table `helpdesk_emailtemplate`
--

DROP TABLE IF EXISTS `helpdesk_emailtemplate`;
/*!40101 SET @saved_cs_client     = @@character_set_client */;
/*!40101 SET character_set_client = utf8 */;
CREATE TABLE `helpdesk_emailtemplate` (
  `id` int(11) NOT NULL AUTO_INCREMENT,
  `template_name` varchar(100) COLLATE utf8_bin NOT NULL,
  `subject` varchar(100) COLLATE utf8_bin NOT NULL,
  `heading` varchar(100) COLLATE utf8_bin NOT NULL,
  `plain_text` longtext COLLATE utf8_bin NOT NULL,
  `html` longtext COLLATE utf8_bin NOT NULL,
  `locale` varchar(10) COLLATE utf8_bin DEFAULT NULL,
  PRIMARY KEY (`id`)
) ENGINE=InnoDB AUTO_INCREMENT=113 DEFAULT CHARSET=utf8 COLLATE=utf8_bin;
/*!40101 SET character_set_client = @saved_cs_client */;

--
-- Dumping data for table `helpdesk_emailtemplate`
--

LOCK TABLES `helpdesk_emailtemplate` WRITE;
/*!40000 ALTER TABLE `helpdesk_emailtemplate` DISABLE KEYS */;
INSERT INTO `helpdesk_emailtemplate` VALUES (1,'assigned_cc','(Assigned)','Ticket Assigned','Hello,\r\n\r\nThis is a courtesy e-mail to let you know that ticket {{ ticket.ticket }} (\"{{ ticket.title }}\") for {{ ticket.submitter_email }} has been {% if ticket.assigned_to %}assigned to {{ ticket.assigned_to }}{% else %}unassigned{% endif %}.\r\n\r\nTicket ID: {{ ticket.ticket }}\r\nQueue: {{ queue.title }}\r\nTitle: {{ ticket.title }}\r\nOpened: {{ ticket.created|date:\"l N jS Y, \\a\\t P\" }}\r\nSubmitter: {{ ticket.submitter_email|default:\"Unknown\" }}\r\nPriority: {{ ticket.get_priority_display }}\r\nStatus: {{ ticket.get_status }}\r\nAssigned to: {{ ticket.get_assigned_to }}\r\nView Online: {{ ticket.staff_url }}\r\n\r\nThe original ticket description was:\r\n\r\n{{ ticket.description }}\r\n\r\n','<p style=\"font-family: sans-serif; font-size: 1em;\">Hello,</p>\r\n\r\n<p style=\"font-family: sans-serif; font-size: 1em;\">This is a courtesy e-mail to let you know that ticket <a href=\"{{ ticket.staff_url }}\"><b>{{ ticket.ticket }}</b></a> (<em>{{ ticket.title }}</em>) for {{ ticket.submitter_email }} has been {% if ticket.assigned_to %}assigned to {{ ticket.assigned_to }}{% else %}unassigned{% endif %}.</p>\r\n\r\n<p style=\"font-family: sans-serif; font-size: 1em;\">\r\n<b>Ticket ID</b>: {{ ticket.ticket }}<br>\r\n<b>Queue</b>: {{ queue.title }}<br>\r\n<b>Title</b>: {{ ticket.title }}<br>\r\n<b>Opened</b>: {{ ticket.created|date:\"l N jS Y, \\a\\t P\" }}<br>\r\n<b>Submitter</b>: {{ ticket.submitter_email|default:\"Unknown\" }}<br>\r\n<b>Priority</b>: {{ ticket.get_priority_display }}<br>\r\n<b>Status</b>: {{ ticket.get_status }}<br>\r\n<b>Assigned to</b>: {{ ticket.get_assigned_to }}<br>\r\n<b><a href=\'{{ ticket.staff_url }}\'>View Online</a></b> to update this ticket (login required)</p>\r\n\r\n<p style=\"font-family: sans-serif; font-size: 1em;\">Just for reference, the original ticket description was:</p>\r\n\r\n<blockquote style=\"font-family: sans-serif; font-size: 1em;\">{{ ticket.description|linebreaksbr }}</blockquote>','en'),(2,'assigned_owner','(Assigned To You)','Ticket Assigned To You','Hello,\r\n\r\nThis is a courtesy e-mail to let you know that ticket {{ ticket.ticket }} (\"{{ ticket.title }}\") for {{ ticket.submitter_email }} has been assigned to you.\r\n\r\nTicket ID: {{ ticket.ticket }}\r\nQueue: {{ queue.title }}\r\nTitle: {{ ticket.title }}\r\nOpened: {{ ticket.created|date:\"l N jS Y, \\a\\t P\" }}\r\nSubmitter: {{ ticket.submitter_email|default:\"Unknown\" }}\r\nPriority: {{ ticket.get_priority_display }}\r\nStatus: {{ ticket.get_status }}\r\nAssigned to: YOU\r\nView Online: {{ ticket.staff_url }}\r\n\r\nThe original ticket description was:\r\n\r\n{{ ticket.description }}\r\n\r\n','<p style=\"font-family: sans-serif; font-size: 1em;\">Hello,</p>\r\n\r\n<p style=\"font-family: sans-serif; font-size: 1em;\">This is a courtesy e-mail to let you know that ticket <a href=\"{{ ticket.staff_url }}\"><b>{{ ticket.ticket }}</b></a> (<em>{{ ticket.title }}</em>) for {{ ticket.submitter_email }} has been assigned to <b>you</b>.</p>\r\n\r\n<p style=\"font-family: sans-serif; font-size: 1em;\">\r\n<b>Ticket ID</b>: {{ ticket.ticket }}<br>\r\n<b>Queue</b>: {{ queue.title }}<br>\r\n<b>Title</b>: {{ ticket.title }}<br>\r\n<b>Opened</b>: {{ ticket.created|date:\"l N jS Y, \\a\\t P\" }}<br>\r\n<b>Submitter</b>: {{ ticket.submitter_email|default:\"Unknown\" }}<br>\r\n<b>Priority</b>: {{ ticket.get_priority_display }}<br>\r\n<b>Status</b>: {{ ticket.get_status }}<br>\r\n<b>Assigned to</b>: YOU<br>\r\n<b><a href=\'{{ ticket.staff_url }}\'>View Online</a></b> to update this ticket (login required)</p>\r\n\r\n<p style=\"font-family: sans-serif; font-size: 1em;\">Just for reference, the original ticket description was:</p>\r\n\r\n<blockquote style=\"font-family: sans-serif; font-size: 1em;\">{{ ticket.description|linebreaksbr }}</blockquote>','en'),(3,'closed_cc','(Closed)','Ticket Closed','Hello,\r\n\r\nTicket {{ ticket.title }} (\"{{ ticket.title }}\"){% if ticket.assigned_to %}, assigned to {{ ticket.assigned_to }}{% endif %} has been closed.\r\n\r\nTicket ID: {{ ticket.ticket }}\r\nQueue: {{ queue.title }}\r\nTitle: {{ ticket.title }}\r\nOpened: {{ ticket.created|date:\"l N jS Y, \\a\\t P\" }}\r\nSubmitter: {{ ticket.submitter_email|default:\"Unknown\" }}\r\nPriority: {{ ticket.get_priority_display }}\r\nStatus: {{ ticket.get_status }}\r\nAssigned to: {{ ticket.get_assigned_to }}\r\nView Online: {{ ticket.staff_url }} (login required)\r\n\r\nThe original description was:\r\n\r\n{{ ticket.description }}\r\n\r\nThe resolution provided was:\r\n\r\n{{ resolution }}\r\n\r\n','<p style=\"font-family: sans-serif; font-size: 1em;\">Hello,</p>\r\n\r\n<p style=\"font-family: sans-serif; font-size: 1em;\">Ticket <i>{{ ticket.title }}</i> (\'{{ ticket.title }}\'){% if ticket.assigned_to %}, assigned to {{ ticket.get_assigned_to }}{% endif %} has been closed.</p>\r\n\r\n<p style=\"font-family: sans-serif; font-size: 1em;\">\r\n<b>Ticket ID</b>: {{ ticket.ticket }}<br>\r\n<b>Queue</b>: {{ queue.title }}<br>\r\n<b>Title</b>: {{ ticket.title }}<br>\r\n<b>Opened</b>: {{ ticket.created|date:\"l N jS Y, \\a\\t P\" }}<br>\r\n<b>Submitter</b>: {{ ticket.submitter_email|default:\"Unknown\" }}<br>\r\n<b>Priority</b>: {{ ticket.get_priority_display }}<br>\r\n<b>Status</b>: {{ ticket.get_status }}<br>\r\n<b>Assigned to</b>: {{ ticket.get_assigned_to }}<br>\r\n<b><a href=\'{{ ticket.staff_url }}\'>View Online</a></b> to update this ticket (login required)</p>\r\n\r\n<p style=\"font-family: sans-serif; font-size: 1em;\">Just for reference, the original ticket description was:</p>\r\n\r\n<blockquote style=\"font-family: sans-serif; font-size: 1em;\">{{ ticket.description|linebreaksbr }}</blockquote>\r\n\r\n<p style=\"font-family: sans-serif; font-size: 1em;\">The resolution provided was:</p>\r\n\r\n<blockquote style=\"font-family: sans-serif; font-size: 1em;\">{{ resolution }}</blockquote>\r\n\r\n<p style=\"font-family: sans-serif; font-size: 1em;\">If you wish to view this ticket online, you can visit <a href=\'{{ ticket.staff_url }}\'>{{ ticket.staff_url }}</a>.</p>','en'),(4,'closed_owner','(Closed)','Ticket Closed','Hello,\r\n\r\nThe following ticket, which is currently assigned to you, has been closed.\r\n\r\nTicket ID: {{ ticket.ticket }}\r\nQueue: {{ queue.title }}\r\nTitle: {{ ticket.title }}\r\nOpened: {{ ticket.created|date:\"l N jS Y, \\a\\t P\" }}\r\nSubmitter: {{ ticket.submitter_email|default:\"Unknown\" }}\r\nPriority: {{ ticket.get_priority_display }}\r\nStatus: {{ ticket.get_status }}\r\nAssigned to: {{ ticket.get_assigned_to }}\r\nView Online: {{ ticket.staff_url }} (login required)\r\n\r\nIf you wish to view this ticket online, you can visit {{ ticket.staff_url }}.\r\n\r\n','<p style=\"font-family: sans-serif; font-size: 1em;\">Hello,</p>\r\n\r\n<p style=\"font-family: sans-serif; font-size: 1em;\">The following ticket, which is currently assigned to you, has been closed.</p>\r\n\r\n<p style=\"font-family: sans-serif; font-size: 1em;\">\r\n<b>Ticket ID</b>: {{ ticket.ticket }}<br>\r\n<b>Queue</b>: {{ queue.title }}<br>\r\n<b>Title</b>: {{ ticket.title }}<br>\r\n<b>Opened</b>: {{ ticket.created|date:\"l N jS Y, \\a\\t P\" }}<br>\r\n<b>Submitter</b>: {{ ticket.submitter_email|default:\"Unknown\" }}<br>\r\n<b>Priority</b>: {{ ticket.get_priority_display }}<br>\r\n<b>Status</b>: {{ ticket.get_status }}<br>\r\n<b>Assigned to</b>: {{ ticket.get_assigned_to }}<br>\r\n<b><a href=\'{{ ticket.staff_url }}\'>View Online</a></b> to update this ticket (login required)</p>\r\n\r\n<p style=\"font-family: sans-serif; font-size: 1em;\">Just for reference, the original ticket description was:</p>\r\n\r\n<blockquote style=\"font-family: sans-serif; font-size: 1em;\">{{ ticket.description|linebreaksbr }}</blockquote>\r\n\r\n<p style=\"font-family: sans-serif; font-size: 1em;\">The resolution provided was:</p>\r\n\r\n<blockquote style=\"font-family: sans-serif; font-size: 1em;\">{{ ticket.resolution }}</blockquote>','en'),(5,'closed_submitter','(Closed)','Ticket Closed','Hello,\r\n\r\nYou recently logged a ticket with a subject of \"{{ ticket.title }}\" with us. This e-mail is to confirm that this ticket has been closed.\r\n\r\nIf you believe that further work is required on this ticket, please let us know by replying to this e-mail and keeping the subject intact.\r\n\r\nIf you wish to view this ticket online, you can visit {{ ticket.ticket_url }}.\r\n\r\nThe resolution provided was:\r\n\r\n{{ ticket.resolution }}\r\n\r\n','<p style=\"font-family: sans-serif; font-size: 1em;\">Hello,</p>\r\n\r\n<p style=\"font-family: sans-serif; font-size: 1em;\">You recently logged a ticket with a subject of <i>{{ ticket.title }}</i> with us. This e-mail is to confirm that this ticket has been closed.</p>\r\n\r\n<p style=\"font-family: sans-serif; font-size: 1em;\">The resolution that has been provided is:</p>\r\n\r\n<blockquote style=\"font-family: sans-serif; font-size: 1em;\">{{ ticket.resolution }}</blockquote>\r\n\r\n<p style=\"font-family: sans-serif; font-size: 1em;\">If you wish to view this ticket online, you can visit <a href=\"{{ ticket.ticket_url }}\">{{ ticket.ticket_url }}</a>. If you believe that further work is required on this ticket, please let us know by replying to this e-mail and keeping the subject intact.</p>','en'),(6,'escalated_cc','(Escalated)','Ticket Escalated','Hello,\r\n\r\nThis is a courtesy e-mail to let you know that ticket {{ ticket.ticket }} (\"{{ ticket.title }}\") has been escalated automatically.\r\n\r\nTicket ID: {{ ticket.ticket }}\r\nQueue: {{ queue.title }}\r\nTitle: {{ ticket.title }}\r\nOpened: {{ ticket.created|date:\"l N jS Y, \\a\\t P\" }}\r\nSubmitter: {{ ticket.submitter_email|default:\"Unknown\" }}\r\nPriority: {{ ticket.get_priority_display }}\r\nStatus: {{ ticket.get_status }}\r\nAssigned to: {{ ticket.get_assigned_to }}\r\nView Online: {{ ticket.staff_url }} (login required)\r\n\r\nThe original ticket description was:\r\n\r\n{{ ticket.description }}\r\n\r\n','<p style=\"font-family: sans-serif; font-size: 1em;\">Hello,</p>\r\n\r\n<p style=\"font-family: sans-serif; font-size: 1em;\">This is a courtesy e-mail to let you know that ticket <i>{{ ticket.ticket }}</i> (\'{{ ticket.title }}\') has been escalated automatically.</p>\r\n\r\n<p style=\"font-family: sans-serif; font-size: 1em;\">\r\n<b>Ticket ID</b>: {{ ticket.ticket }}<br>\r\n<b>Queue</b>: {{ queue.title }}<br>\r\n<b>Title</b>: {{ ticket.title }}<br>\r\n<b>Opened</b>: {{ ticket.created|date:\"l N jS Y, \\a\\t P\" }}<br>\r\n<b>Submitter</b>: {{ ticket.submitter_email|default:\"Unknown\" }}<br>\r\n<b>Priority</b>: {{ ticket.get_priority_display }}<br>\r\n<b>Status</b>: {{ ticket.get_status }}<br>\r\n<b>Assigned to</b>: {{ ticket.get_assigned_to }}<br>\r\n<b><a href=\'{{ ticket.staff_url }}\'>View Online</a></b> to update this ticket (login required)</p>\r\n\r\n<p style=\"font-family: sans-serif; font-size: 1em;\">Just for reference, the original ticket description was:</p>\r\n\r\n<blockquote style=\"font-family: sans-serif; font-size: 1em;\">{{ ticket.description|linebreaksbr }}</blockquote>','en'),(7,'escalated_submitter','(Escalated)','Your Ticket Has Been Escalated','Hello,\r\n\r\nYou recently logged a ticket with a subject of \"{{ ticket.title }}\" with us. This e-mail is to advise you of an automated escalation of that ticket as it has been open for longer than expected.\r\n\r\nWe will review your ticket shortly and attempt to provide a resolution as soon as possible.\r\n\r\nIf you wish to view this ticket online, you can visit {{ ticket.ticket_url }}.\r\n\r\n','<p style=\"font-family: sans-serif; font-size: 11pt;\">Hello,</p>\r\n\r\n<p style=\"font-family: sans-serif; font-size: 11pt;\">You recently logged a ticket with a subject of <i>{{ ticket.title }}</i> with us. This e-mail is to advise you of an automated escalation of that ticket as it has been open for longer than expected.</p>\r\n\r\n<p style=\"font-family: sans-serif; font-size: 11pt;\">We will review your ticket shortly and attempt to provide a resolution as soon as possible.</p>\r\n\r\n<p style=\"font-family: sans-serif; font-size: 11pt;\">If you wish to view this ticket online, you can visit <a href=\"{{ ticket.ticket_url }}\">{{ ticket.ticket_url }}</a>.</p>','en'),(8,'escalated_owner','(Escalated)','Ticket Assigned to You Has Been Escalated','Hello,\r\n\r\nA ticket currently assigned to you has been automatically escalated as it has been open for longer than expected.\r\n\r\nTicket ID: {{ ticket.ticket }}\r\nQueue: {{ queue.title }}\r\nTitle: {{ ticket.title }}\r\nOpened: {{ ticket.created|date:\"l N jS Y, \\a\\t P\" }}\r\nSubmitter: {{ ticket.submitter_email|default:\"Unknown\" }}\r\nPriority: {{ ticket.get_priority_display }}\r\nStatus: {{ ticket.get_status }}\r\nAssigned to: {{ ticket.get_assigned_to }}\r\nView Online: {{ ticket.staff_url }} (login required)\r\n\r\nThe original ticket description was:\r\n\r\n{{ ticket.description }}\r\n\r\nPlease review this ticket and attempt to provide a resolution as soon as possible.\r\n\r\n','<p style=\"font-family: sans-serif; font-size: 1em;\">Hello,</p>\r\n\r\n<p style=\"font-family: sans-serif; font-size: 1em;\">A ticket currently assigned to you has been automatically escalated as it has been open for longer than expected.</p>\r\n\r\n<p style=\"font-family: sans-serif; font-size: 1em;\">\r\n<b>Ticket ID</b>: {{ ticket.ticket }}<br>\r\n<b>Queue</b>: {{ queue.title }}<br>\r\n<b>Title</b>: {{ ticket.title }}<br>\r\n<b>Opened</b>: {{ ticket.created|date:\"l N jS Y, \\a\\t P\" }}<br>\r\n<b>Submitter</b>: {{ ticket.submitter_email|default:\"Unknown\" }}<br>\r\n<b>Priority</b>: {{ ticket.get_priority_display }}<br>\r\n<b>Status</b>: {{ ticket.get_status }}<br>\r\n<b>Assigned to</b>: {{ ticket.get_assigned_to }}<br>\r\n<b><a href=\'{{ ticket.staff_url }}\'>View Online</a></b> to update this ticket (login required)</p>\r\n\r\n<p style=\"font-family: sans-serif; font-size: 1em;\">Just for reference, the original ticket description was:</p>\r\n\r\n<blockquote style=\"font-family: sans-serif; font-size: 1em;\">{{ ticket.description|linebreaksbr }}</blockquote>','en'),(9,'newticket_cc','(Opened)','New Ticket Opened','Hello,\r\n\r\nThis is a courtesy e-mail to let you know that a new ticket has been opened.\r\n\r\nTicket ID: {{ ticket.ticket }}\r\nQueue: {{ queue.title }}\r\nTitle: {{ ticket.title }}\r\nOpened: {{ ticket.created|date:\"l N jS Y, \\a\\t P\" }}\r\nSubmitter: {{ ticket.submitter_email|default:\"Unknown\" }}\r\nPriority: {{ ticket.get_priority_display }}\r\nStatus: {{ ticket.get_status }}\r\nView Online: {{ ticket.staff_url }} (login required)\r\n\r\nDescription:\r\n{{ ticket.description }}\r\n\r\n','<p style=\"font-family: sans-serif; font-size: 1em;\">Hello,</p>\r\n\r\n<p style=\"font-family: sans-serif; font-size: 1em;\">This is a courtesy e-mail to let you know that a new ticket has been opened.</p>\r\n\r\n<p style=\"font-family: sans-serif; font-size: 1em;\">\r\n<b>Ticket ID</b>: {{ ticket.ticket }}<br>\r\n<b>Queue</b>: {{ queue.title }}<br>\r\n<b>Title</b>: {{ ticket.title }}<br>\r\n<b>Opened</b>: {{ ticket.created|date:\"l N jS Y, \\a\\t P\" }}<br>\r\n<b>Submitter</b>: {{ ticket.submitter_email|default:\"Unknown\" }}<br>\r\n<b>Priority</b>: {{ ticket.get_priority_display }}<br>\r\n<b>Status</b>: {{ ticket.get_status }}<br>\r\n<b><a href=\'{{ ticket.staff_url }}\'>View Online</a></b> to update this ticket (login required)</p>\r\n\r\n<p style=\"font-family: sans-serif; font-size: 1em;\">Description:</p>\r\n\r\n<blockquote style=\"font-family: sans-serif; font-size: 1em;\">{{ ticket.description|linebreaksbr }}</blockquote>','en'),(10,'newticket_submitter','(Opened)','Your Ticket Has Been Opened','Hello,\r\n\r\nThis is a courtesy e-mail to let you know that we have received your helpdesk query with a subject of \"{{ ticket.title }}\". \r\n\r\nYou do not have to do anything further at this stage. Your ticket has been assigned a number of {{ ticket.ticket }} and will be responded to shortly.\r\n\r\nIf you wish to send us further details, or if you have any queries about this ticket, please include the ticket id of \'{{ ticket.ticket }}\' in the subject. The easiest way to do this is just press \"reply\" to this message.\r\n\r\nIf you wish to view this ticket online to provide further information, attach files or view recent updates, you can visit {{ ticket.ticket_url }}.\r\n\r\nWe will investigate your query and attempt to resolve it as soon as possible. You will receive further updates and a resolution via this e-mail address.\r\n','<p style=\"font-family: sans-serif; font-size: 1em;\">Hello,</p>\r\n\r\n<p style=\"font-family: sans-serif; font-size: 1em;\">This is a courtesy e-mail to let you know that we have received your helpdesk query with a subject of <i>{{ ticket.title }}</i>.</p>\r\n\r\n<p style=\"font-family: sans-serif; font-size: 1em;\">You do not have to do anything further at this stage. Your ticket has been assigned a number of <b>{{ ticket.ticket }}</b> and will be responded to shortly.</p>\r\n\r\n<p style=\"font-family: sans-serif; font-size: 1em;\">If you wish to send us further details, or if you have any queries about this ticket, please include the ticket id of <b>{{ ticket.ticket }}</b> in the subject. The easiest way to do this is just press \"reply\" to this message.</p>\r\n\r\n<p style=\"font-family: sans-serif; font-size: 1em;\">If you wish to view this ticket online to provide further information, attach files or view recent updates, you can visit <a href=\"{{ ticket.ticket_url }}\">{{ ticket.ticket_url }}</a>.</p>\r\n\r\n<p style=\"font-family: sans-serif; font-size: 1em;\">We will investigate your query and attempt to resolve it as soon as possible. You will receive further updates and a resolution via this e-mail address.</p>','en'),(11,'resolved_cc','(Resolved)','Ticket Resolved','Hello,\r\n\r\nThe following ticket has been resolved:\r\n\r\nTicket ID: {{ ticket.ticket }}\r\nQueue: {{ queue.title }}\r\nTitle: {{ ticket.title }}\r\nOpened: {{ ticket.created|date:\"l N jS Y, \\a\\t P\" }}\r\nSubmitter: {{ ticket.submitter_email|default:\"Unknown\" }}\r\nPriority: {{ ticket.get_priority_display }}\r\nStatus: {{ ticket.get_status }}\r\nAssigned to: {{ ticket.get_assigned_to }}\r\nView Online: {{ ticket.staff_url }} (login required)\r\n\r\nThe original ticket description was:\r\n\r\n{{ ticket.description }}\r\n\r\nThe resolution provided was:\r\n\r\n{{ ticket.resolution }}\r\n\r\nThis resolution has been e-mailed to the submitter, who will verify it before you can close this ticket.\r\n\r\n','<p style=\"font-family: sans-serif; font-size: 1em;\">Hello,</p>\r\n\r\n<p style=\"font-family: sans-serif; font-size: 1em;\">The following ticket has been resolved.</p>\r\n\r\n<p style=\"font-family: sans-serif; font-size: 1em;\">\r\n<b>Ticket ID</b>: {{ ticket.ticket }}<br>\r\n<b>Queue</b>: {{ queue.title }}<br>\r\n<b>Title</b>: {{ ticket.title }}<br>\r\n<b>Opened</b>: {{ ticket.created|date:\"l N jS Y, \\a\\t P\" }}<br>\r\n<b>Submitter</b>: {{ ticket.submitter_email|default:\"Unknown\" }}<br>\r\n<b>Priority</b>: {{ ticket.get_priority_display }}<br>\r\n<b>Status</b>: {{ ticket.get_status }}<br>\r\n<b>Assigned to</b>: {{ ticket.get_assigned_to }}<br>\r\n<b><a href=\'{{ ticket.staff_url }}\'>View Online</a></b> to update this ticket (login required)</p>\r\n\r\n<p style=\"font-family: sans-serif; font-size: 1em;\">Just for reference, the original ticket description was:</p>\r\n\r\n<blockquote style=\"font-family: sans-serif; font-size: 1em;\">{{ ticket.description|linebreaksbr }}</blockquote>\r\n\r\n<p style=\"font-family: sans-serif; font-size: 1em;\">The resolution that was added was:</p>\r\n\r\n<blockquote style=\"font-family: sans-serif; font-size: 1em;\">{{ ticket.resolution }}</blockquote>\r\n\r\n<p style=\"font-family: sans-serif; font-size: 1em;\">This resolution has been e-mailed to the submitter, who will verify it before you can close this ticket.</p>','en'),(12,'resolved_owner','(Resolved)','Ticket Resolved','Hello,\r\n\r\nA ticket currently assigned to you has been resolved.\r\n\r\nTicket ID: {{ ticket.ticket }}\r\nQueue: {{ queue.title }}\r\nTitle: {{ ticket.title }}\r\nOpened: {{ ticket.created|date:\"l N jS Y, \\a\\t P\" }}\r\nSubmitter: {{ ticket.submitter_email|default:\"Unknown\" }}\r\nPriority: {{ ticket.get_priority_display }}\r\nStatus: {{ ticket.get_status }}\r\nAssigned to: {{ ticket.get_assigned_to }}\r\nView Online: {{ ticket.staff_url }} (login required)\r\n\r\nThe original ticket description was:\r\n\r\n{{ ticket.description }}\r\n\r\nThe resolution provided was:\r\n\r\n{{ ticket.resolution }}\r\n\r\nThis resolution has been e-mailed to the submitter, who will verify it before you can close this ticket.\r\n\r\n','<p style=\"font-family: sans-serif; font-size: 1em;\">Hello,</p>\r\n\r\n<p style=\"font-family: sans-serif; font-size: 1em;\">A ticket currently assigned to you has been resolved.</p>\r\n\r\n<p style=\"font-family: sans-serif; font-size: 1em;\">\r\n<b>Ticket ID</b>: {{ ticket.ticket }}<br>\r\n<b>Queue</b>: {{ queue.title }}<br>\r\n<b>Title</b>: {{ ticket.title }}<br>\r\n<b>Opened</b>: {{ ticket.created|date:\"l N jS Y, \\a\\t P\" }}<br>\r\n<b>Submitter</b>: {{ ticket.submitter_email|default:\"Unknown\" }}<br>\r\n<b>Priority</b>: {{ ticket.get_priority_display }}<br>\r\n<b>Status</b>: {{ ticket.get_status }}<br>\r\n<b>Assigned to</b>: {{ ticket.get_assigned_to }}<br>\r\n<b><a href=\'{{ ticket.staff_url }}\'>View Online</a></b> to update this ticket (login required)</p>\r\n\r\n<p style=\"font-family: sans-serif; font-size: 1em;\">Just for reference, the original ticket description was:</p>\r\n\r\n<blockquote style=\"font-family: sans-serif; font-size: 1em;\">{{ ticket.description|linebreaksbr }}</blockquote>\r\n\r\n<p style=\"font-family: sans-serif; font-size: 1em;\">The resolution that was added was:</p>\r\n\r\n<blockquote style=\"font-family: sans-serif; font-size: 1em;\">{{ ticket.resolution }}</blockquote>\r\n\r\n<p style=\"font-family: sans-serif; font-size: 1em;\">This resolution has been e-mailed to the submitter, who will verify it before you can close this ticket.</p>','en'),(13,'resolved_submitter','(Resolved)','Your Ticket Has Been Resolved','Hello,\r\n\r\nYou recently logged a ticket with a subject of \"{{ ticket.title }}\" with us. This e-mail is to advise you of a resolution to that ticket.\r\n\r\nThe following resolution was added to ticket {{ ticket.ticket }}:\r\n\r\n{{ resolution }}\r\n\r\nCan you please confirm that this resolution addresses your needs so we may close this ticket? If you have any further queries, or if you do not believe this resolution is adequate, please reply to this e-mail and keep the subject intact.\r\n\r\nIf you wish to view this ticket online, you can visit {{ ticket.ticket_url }}\r\n\r\n','<p style=\"font-family: sans-serif; font-size: 1em;\">Hello,</p>\r\n\r\n<p style=\"font-family: sans-serif; font-size: 1em;\">You recently logged a ticket with a subject of <i>{{ ticket.title }}</i> with us. This e-mail is to advise you of a resolution to that ticket.</p>\r\n\r\n<p style=\"font-family: sans-serif; font-size: 1em;\">The following resolution was added to ticket <b>{{ ticket.ticket }}</b>:</p>\r\n\r\n<blockquote style=\"font-family: sans-serif; font-size: 1em;\">{{ resolution }}</blockquote>\r\n\r\n<p style=\"font-family: sans-serif; font-size: 1em;\">Can you please confirm that this resolution addresses your needs so we may close this ticket? If you have any further queries, or if you do not believe this resolution is adequate, please reply to this e-mail and keep the subject intact.</p>\r\n\r\n<p style=\"font-family: sans-serif; font-size: 1em;\">If you wish to view this ticket online, you can visit <a href=\"{{ ticket.ticket_url }}\">{{ ticket.ticket_url }}</a>.</p>','en'),(14,'updated_cc','(Updated)','Ticket Updated','Hello,\r\n\r\nThis is a courtesy e-mail to let you know that ticket {{ ticket.ticket }} (\"{{ ticket.title }}\") for {{ ticket.submitter_email }} has been updated.\r\n\r\nTicket ID: {{ ticket.ticket }}\r\nQueue: {{ queue.title }}\r\nTitle: {{ ticket.title }}\r\nOpened: {{ ticket.created|date:\"l N jS Y, \\a\\t P\" }}\r\nSubmitter: {{ ticket.submitter_email|default:\"Unknown\" }}\r\nPriority: {{ ticket.get_priority_display }}\r\nStatus: {{ ticket.get_status }}\r\nAssigned to: {{ ticket.get_assigned_to }}\r\nView Online: {{ ticket.staff_url }} (login required)\r\n\r\nOriginal description:\r\n\r\n{{ ticket.description }}\r\n\r\nThe following comment was added:\r\n\r\n{{ comment }}\r\n\r\nThis information has {% if private %}not {% endif %} been e-mailed to the submitter.\r\n\r\nIf you wish to view this ticket online, you can visit {{ ticket.staff_url }}.\r\n\r\n','<p style=\"font-family: sans-serif; font-size: 1em;\">Hello,</p>\r\n\r\n<p style=\"font-family: sans-serif; font-size: 1em;\">This is a courtesy e-mail to let you know that ticket {{ ticket.ticket }} (\"{{ ticket.title }}\") for {{ ticket.submitter_email }} has been updated.</p>\r\n\r\n<p style=\"font-family: sans-serif; font-size: 1em;\">\r\n<b>Ticket ID</b>: {{ ticket.ticket }}<br>\r\n<b>Queue</b>: {{ queue.title }}<br>\r\n<b>Title</b>: {{ ticket.title }}<br>\r\n<b>Opened</b>: {{ ticket.created|date:\"l N jS Y, \\a\\t P\" }}<br>\r\n<b>Submitter</b>: {{ ticket.submitter_email|default:\"Unknown\" }}<br>\r\n<b>Priority</b>: {{ ticket.get_priority_display }}<br>\r\n<b>Status</b>: {{ ticket.get_status }}<br>\r\n<b>Assigned to</b>: {{ ticket.get_assigned_to }}<br>\r\n<b><a href=\'{{ ticket.staff_url }}\'>View Online</a></b> to update this ticket (login required)</p>\r\n\r\n<p style=\"font-family: sans-serif; font-size: 1em;\">Just for reference, the original ticket description was:</p>\r\n\r\n<blockquote style=\"font-family: sans-serif; font-size: 1em;\">{{ ticket.description|linebreaksbr }}</blockquote>\r\n\r\n<p style=\"font-family: sans-serif; font-size: 1em;\">The following comment was added:</p>\r\n\r\n<blockquote style=\"font-family: sans-serif; font-size: 1em;\">{{ comment }}</blockquote>\r\n\r\n<p style=\"font-family: Tahoma, Arial, sans-serif; font-size: 11pt;\">This information has {% if private %}not {% endif %} been e-mailed to the submitter.</p>','en'),(15,'updated_owner','(Updated)','Ticket Updated','Hello,\r\n\r\nThis is a courtesy e-mail to let you know that ticket {{ ticket.ticket }} (\"{{ ticket.title }}\") for {{ ticket.submitter_email }}, which is assigned to you, has been updated.\r\n\r\nTicket ID: {{ ticket.ticket }}\r\nQueue: {{ queue.title }}\r\nTitle: {{ ticket.title }}\r\nOpened: {{ ticket.created|date:\"l N jS Y, \\a\\t P\" }}\r\nSubmitter: {{ ticket.submitter_email|default:\"Unknown\" }}\r\nPriority: {{ ticket.get_priority_display }}\r\nStatus: {{ ticket.get_status }}\r\nAssigned to: {{ ticket.get_assigned_to }}\r\nView Online: {{ ticket.staff_url }} (login required)\r\n\r\nOriginal description:\r\n\r\n{{ ticket.description }}\r\n\r\nThe following comment was added:\r\n\r\n{{ comment }}\r\n\r\nThis information has {% if private %}not {% endif %} been e-mailed to the submitter.\r\n\r\nIf you wish to view this ticket online, you can visit {{ ticket.staff_url }}\r\n\r\n','<p style=\"font-family: sans-serif; font-size: 1em;\">Hello,</p>\r\n\r\n<p style=\"font-family: sans-serif; font-size: 1em;\">This is a courtesy e-mail to let you know that ticket {{ ticket.ticket }} (\"{{ ticket.title }}\") for {{ ticket.submitter_email }}, which is assigned to you, has been updated.</p>\r\n\r\n<p style=\"font-family: sans-serif; font-size: 1em;\">\r\n<b>Ticket ID</b>: {{ ticket.ticket }}<br>\r\n<b>Queue</b>: {{ queue.title }}<br>\r\n<b>Title</b>: {{ ticket.title }}<br>\r\n<b>Opened</b>: {{ ticket.created|date:\"l N jS Y, \\a\\t P\" }}<br>\r\n<b>Submitter</b>: {{ ticket.submitter_email|default:\"Unknown\" }}<br>\r\n<b>Priority</b>: {{ ticket.get_priority_display }}<br>\r\n<b>Status</b>: {{ ticket.get_status }}<br>\r\n<b>Assigned to</b>: {{ ticket.get_assigned_to }}<br>\r\n<b><a href=\'{{ ticket.staff_url }}\'>View Online</a></b> to update this ticket (login required)</p>\r\n\r\n<p style=\"font-family: sans-serif; font-size: 1em;\">Just for reference, the original ticket description was:</p>\r\n\r\n<blockquote style=\"font-family: sans-serif; font-size: 1em;\">{{ ticket.description|linebreaksbr }}</blockquote>\r\n\r\n<p style=\"font-family: sans-serif; font-size: 1em;\">The following comment was added:</p>\r\n\r\n<blockquote style=\"font-family: sans-serif; font-size: 1em;\">{{ comment }}</blockquote>\r\n\r\n<p style=\"font-family: Tahoma, Arial, sans-serif; font-size: 11pt;\">This information has {% if private %}not {% endif %} been e-mailed to the submitter.</p>','en'),(16,'updated_submitter','(Updated)','Your Ticket Has Been Updated','Hello,\r\n\r\nYou recently logged a ticket with a subject of \"{{ ticket.title }}\" with us. This e-mail is to advise you of an update to that ticket.\r\n\r\nThe following comment was added to ticket {{ ticket.ticket }}:\r\n\r\n{{ comment }}\r\n\r\nIf you need to provide us with further information, please reply to this e-mail and keep the subject intact. Alternatively, you can view and update this ticket online by visiting {{ ticket.ticket_url }}\r\n\r\n','<p style=\"font-family: sans-serif; font-size: 1em;\">Hello,</p>\r\n\r\n<p style=\"font-family: sans-serif; font-size: 1em;\">You recently logged a ticket with a subject of <i>{{ ticket.title }}</i> with us. This e-mail is to advise you of an update to that ticket.</p>\r\n\r\n<p style=\"font-family: sans-serif; font-size: 1em;\">The following comment was added to ticket <b>{{ ticket.ticket }}</b>:</p>\r\n\r\n<blockquote style=\"font-family: sans-serif; font-size: 1em;\">{{ comment }}</blockquote>\r\n\r\n<p style=\"font-family: sans-serif; font-size: 1em;\">If you need to provide us with further information, please reply to this e-mail and keep the subject intact. Alternatively, you can view and update this ticket online by visiting <a href=\"{{ ticket.ticket_url }}\">{{ ticket.ticket_url }}</a>.</p>','en'),(17,'assigned_cc',' ','',',\r\n\r\n   ,  , {{ ticket.ticket }} (\"{{ ticket.title }}\")  {{ ticket.submitter_email }},  {% if ticket.assigned_to %}  {{ ticket.assigned_to }}{% else %}  {% endif %}.\r\n\r\nID : {{ ticket.ticket }}\r\n: {{ queue.title }}\r\n: {{ ticket.title }}\r\n: {{ ticket.created|date:\"l N jS Y, \\a\\t P\" }}\r\n : {{ ticket.submitter_email|default:\"Unknown\" }}\r\n: {{ ticket.get_priority_display }}\r\n: {{ ticket.get_status }}\r\n: {{ ticket.get_assigned_to }}\r\n  : {{ ticket.staff_url }}\r\n\r\n :\r\n\r\n{{ ticket.description }}','<p style=\"font-family: sans-serif; font-size: 1em;\">,</p>\r\n\r\n<p style=\"font-family: sans-serif; font-size: 1em;\">   ,   <a href=\"{{ ticket.staff_url }}\"><b>{{ ticket.ticket }}</b></a> (<em>{{ ticket.title }}</em>)  {{ ticket.submitter_email }}  {% if ticket.assigned_to %} {{ ticket.assigned_to }}{% else %}{% endif %}.</p>\r\n\r\n<p style=\"font-family: sans-serif; font-size: 1em;\">\r\n<b>ID </b>: {{ ticket.ticket }}<br>\r\n<b></b>: {{ queue.title }}<br>\r\n<b></b>: {{ ticket.title }}<br>\r\n<b></b>: {{ ticket.created|date:\"l N jS Y, \\a\\t P\" }}<br>\r\n<b> </b>: {{ ticket.submitter_email|default:\"Unknown\" }}<br>\r\n<b></b>: {{ ticket.get_priority_display }}<br>\r\n<b></b>: {{ ticket.get_status }}<br>\r\n<b></b>: {{ ticket.get_assigned_to }}<br>\r\n<b><a href=\"{{ ticket.staff_url }}\">  </a></b>   ( )</p>\r\n\r\n<p style=\"font-family: sans-serif; font-size: 1em;\">  :</p>\r\n\r\n<blockquote style=\"font-family: sans-serif; font-size: 1em;\">{{ ticket.description|linebreaksbr }}</blockquote>','ru'),(18,'assigned_owner',' ','  ',',\r\n\r\n   ,   {{ ticket.ticket }} (\"{{ ticket.title }}\")  {{ ticket.submitter_email }}   .\r\n\r\nID : {{ ticket.ticket }}\r\n: {{ queue.title }}\r\n: {{ ticket.title }}\r\n: {{ ticket.created|date:\"l N jS Y, \\a\\t P\" }}\r\n : {{ ticket.submitter_email|default:\"Unknown\" }}\r\n: {{ ticket.get_priority_display }}\r\n: {{ ticket.get_status }}\r\n: \r\n : {{ ticket.staff_url }}\r\n\r\n :\r\n\r\n{{ ticket.description }}','<p style=\"font-family: sans-serif; font-size: 1em\";>,</p>\r\n\r\n<p style=\"font-family: sans-serif; font-size: 1em;\">   ,   <a href=\"{{ ticket.staff_url }}\"><b>{{ ticket.ticket }}</b></a> (<em>{{ ticket.title }}</em>)  {{ ticket.submitter_email }}    <b></b>.</p>\r\n\r\n<p style=\"font-family: sans-serif; font-size: 1em;\">\r\n<b>ID </b>: {{ ticket.ticket }}<br>\r\n<b></b>: {{ queue.title }}<br>\r\n<b></b>: {{ ticket.title }}<br>\r\n<b></b>: {{ ticket.created|date:\"l N jS Y, \\a\\t P\" }}<br>\r\n<b> </b>: {{ ticket.submitter_email|default:\"Unknown\" }}<br>\r\n<b></b>: {{ ticket.get_priority_display }}<br>\r\n<b></b>: {{ ticket.get_status }}<br>\r\n<b></b>: <br>\r\n<b><a href=\"{{ ticket.staff_url }}\">  </a></b>   ( )</p>\r\n\r\n<p style=\"font-family: sans-serif; font-size: 1em;\">  :</p>\r\n\r\n<blockquote style=\"font-family: sans-serif; font-size: 1em;\">{{ ticket.description|linebreaksbr }}</blockquote>','ru'),(19,'closed_cc',' ',' ',',\r\n\r\n {{ ticket.title }} (\"{{ ticket.title }}\"){% if ticket.assigned_to %},  {{ ticket.assigned_to }}{% endif %}  .\r\n\r\nID : {{ ticket.ticket }}\r\n: {{ queue.title }}\r\n: {{ ticket.title }}\r\n: {{ ticket.created|date:\"l N jS Y, \\a\\t P\" }}\r\n : {{ ticket.submitter_email|default:\"Unknown\" }}\r\n: {{ ticket.get_priority_display }}\r\n: {{ ticket.get_status }}\r\n: {{ ticket.get_assigned_to }}\r\n  : {{ ticket.staff_url }} ( )\r\n\r\n :\r\n\r\n{{ ticket.description }}\r\n\r\n   :\r\n\r\n{{ resolution }}','<p style=\"font-family: sans-serif; font-size: 1em;\">,</p>\r\n\r\n<p style=\"font-family: sans-serif; font-size: 1em;\"> <i>{{ ticket.title }}</i> (\"{{ ticket.title }}\"){% if ticket.assigned_to %},  {{ ticket.get_assigned_to }}{% endif %}  .</p>\r\n\r\n<p style=\"font-family: sans-serif; font-size: 1em;\">\r\n<b>ID </b>: {{ ticket.ticket }}<br>\r\n<b></b>: {{ queue.title }}<br>\r\n<b></b>: {{ ticket.title }}<br>\r\n<b></b>: {{ ticket.created|date:\"l N jS Y, \\a\\t P\" }}<br>\r\n<b> </b>: {{ ticket.submitter_email|default:\"Unknown\" }}<br>\r\n<b></b>: {{ ticket.get_priority_display }}<br>\r\n<b></b>: {{ ticket.get_status }}<br>\r\n<b></b>: {{ ticket.get_assigned_to }}<br>\r\n<b><a href=\"{{ ticket.staff_url }}\">  </a></b> to   ( )</p>\r\n\r\n<p style=\"font-family: sans-serif; font-size: 1em;\"> :</p>\r\n\r\n<blockquote style=\"font-family: sans-serif; font-size: 1em;>{{ ticket.description|linebreaksbr }}</blockquote>\r\n\r\n<p style=font-family: sans-serif; font-size: 1em;\">   :</p>\r\n\r\n<blockquote style=\"font-family: sans-serif; font-size: 1em;\">{{ resolution }}</blockquote>\r\n\r\n<p style=\"font-family: sans-serif; font-size: 1em;\">   <a href=\"{{ ticket.staff_url }}\">{{ ticket.staff_url }}</a>.</p>','ru'),(20,'closed_owner',' ',' ','Hello,\r\n\r\n ,      ,  .\r\n\r\nID : {{ ticket.ticket }}\r\n: {{ queue.title }}\r\n: {{ ticket.title }}\r\n: {{ ticket.created|date:\"l N jS Y, \\a\\t P\" }}\r\n : {{ ticket.submitter_email|default:\"Unknown\" }}\r\n: {{ ticket.get_priority_display }}\r\n: {{ ticket.get_status }}\r\n: {{ ticket.get_assigned_to }}\r\n  : {{ ticket.staff_url }} ( )\r\n\r\n      {{ ticket.staff_url }}.\r\n\r\n','<p style=\"font-family: sans-serif; font-size: 1em;\">,</p>\r\n\r\n<p style=\"font-family: sans-serif; font-size: 1em;\"> ,      ,  .</p>\r\n\r\n<p style=\"font-family: sans-serif; font-size: 1em;\">\r\n<b>ID </b>: {{ ticket.ticket }}<br>\r\n<b></b>: {{ queue.title }}<br>\r\n<b></b>: {{ ticket.title }}<br>\r\n<b></b>: {{ ticket.created|date:\"l N jS Y, \\a\\t P\" }}<br>\r\n<b> </b>: {{ ticket.submitter_email|default:\"Unknown\" }}<br>\r\n<b></b>: {{ ticket.get_priority_display }}<br>\r\n<b></b>: {{ ticket.get_status }}<br>\r\n<b></b>: {{ ticket.get_assigned_to }}<br>\r\n<b><a href=\"{{ ticket.staff_url }}\">  </a></b>   ( )</p>\r\n\r\n<p style=\"font-family: sans-serif\"; font-size: 1em;> :</p>\r\n\r\n<blockquote style=\"font-family: sans-serif; font-size: 1em;\">{{ ticket.description|linebreaksbr }}</blockquote>\r\n\r\n<p style=\"font-family: sans-serif; font-size: 1em;\">   :</p>\r\n\r\n<blockquote style=\"font-family: sans-serif; font-size: 1em;\">{{ ticket.resolution }}</blockquote>','ru'),(21,'closed_submitter',' ',' ',',\r\n\r\n    \"{{ ticket.title }}\"     ,     \r\n\r\n  ,       , ,    ,    .\r\n\r\n      {{ ticket.ticket_url }}.\r\n\r\n   :\r\n\r\n{{ ticket.resolution }}','<p style=\"font-family: sans-serif; font-size: 1em;\">,</p>\r\n\r\n<p style=\"font-family: sans-serif; font-size: 1em;\">   <i>{{ ticket.title }}</i>     ,     .</p>\r\n\r\n<p style=\"font-family: sans-serif; font-size: 1em;\">   :</p>\r\n\r\n<blockquote style=\"font-family: sans-serif; font-size: 1em;\">{{ ticket.resolution }}</blockquote>\r\n\r\n<p style=\"font-family: sans-serif; font-size: 1em;\">      <a href=\"{{ ticket.ticket_url }}\">{{ ticket.ticket_url }}</a>.   ,       , ,    ,    .</p>','ru'),(22,'escalated_cc',' ','  ',',\r\n\r\n   ,    {{ ticket.ticket }} (\"{{ ticket.title }}\")   .\r\n\r\nID : {{ ticket.ticket }}\r\n: {{ queue.title }}\r\n: {{ ticket.title }}\r\n: {{ ticket.created|date:\"l N jS Y, \\a\\t P\" }}\r\n : {{ ticket.submitter_email|default:\"Unknown\" }}\r\n: {{ ticket.get_priority_display }}\r\n: {{ ticket.get_status }}\r\n: {{ ticket.get_assigned_to }}\r\n  : {{ ticket.staff_url }} (login required)\r\n\r\n :\r\n\r\n{{ ticket.description }}','<p style=\"font-family: sans-serif; font-size: 1em\";>,</p>\r\n\r\n<p style=\"font-family: sans-serif; font-size: 1em;\">   ,    <i>{{ ticket.ticket }}</i> (\"{{ ticket.title }}\")  .</p>\r\n\r\n<p style=\"font-family: sans-serif; font-size: 1em;\">\r\n<b>ID </b>: {{ ticket.ticket }}<br>\r\n<b></b>: {{ queue.title }}<br>\r\n<b></b>: {{ ticket.title }}<br>\r\n<b></b>: {{ ticket.created|date:\"l N jS Y, \\a\\t P\" }}<br>\r\n<b> </b>: {{ ticket.submitter_email|default:\"Unknown\" }}<br>\r\n<b></b>: {{ ticket.get_priority_display }}<br>\r\n<b></b>: {{ ticket.get_status }}<br>\r\n<b></b>: {{ ticket.get_assigned_to }}<br>\r\n<b><a href=\"{{ ticket.staff_url }}\">  </a></b>   ( )</p>\r\n\r\n<p style=\"font-family: sans-serif; font-size: 1em;\">  :</p>\r\n\r\n<blockquote style=\"font-family: sans-serif; font-size: 1em;\">{{ ticket.description|linebreaksbr }}</blockquote>','ru'),(23,'escalated_owner',' ','     ',',\r\n\r\n ,      ,   ,      ,  .\r\n\r\nID : {{ ticket.ticket }}\r\n: {{ queue.title }}\r\n: {{ ticket.title }}\r\n: {{ ticket.created|date:\"l N jS Y, \\a\\t P\" }}\r\n : {{ ticket.submitter_email|default:\"Unknown\" }}\r\n: {{ ticket.get_priority_display }}\r\n: {{ ticket.get_status }}\r\n: {{ ticket.get_assigned_to }}\r\n  : {{ ticket.staff_url }} ( )\r\n\r\n :\r\n\r\n{{ ticket.description }}\r\n\r\n,           .','<p style=\"font-family: sans-serif; font-size: 1em;\">,</p>\r\n\r\n<p style=\"font-family: sans-serif; font-size: 1em;\"> ,      ,   ,      ,  .</p>\r\n\r\n<p style=\"font-family: sans-serif; font-size: 1em;\">\r\n<b>ID </b>: {{ ticket.ticket }}<br>\r\n<b></b>: {{ queue.title }}<br>\r\n<b></b>: {{ ticket.title }}<br>\r\n<b></b>: {{ ticket.created|date:\"l N jS Y, \\a\\t P\" }}<br>\r\n<b> </b>: {{ ticket.submitter_email|default:\"Unknown\" }}<br>\r\n</b>: {{ ticket.get_priority_display }}<br>\r\n<b></b>: {{ ticket.get_status }}<br>\r\n<b></b>: {{ ticket.get_assigned_to }}<br>\r\n<b><a href=\"{{ ticket.staff_url }}\">  </a></b>  ( )</p>\r\n\r\n<p style=\"font-family: sans-serif; font-size: 1em;\">  :</p>\r\n\r\n<blockquote style=\"font-family: sans-serif; font-size: 1em;\">{{ ticket.description|linebreaksbr }}</blockquote>','ru'),(24,'escalated_submitter',' ','   ',',\r\n\r\n     \"{{ ticket.title }}\"         ,      ,  .\r\n\r\n            .\r\n\r\n   {{ ticket.ticket_url }}.','<p style=\"font-family: sans-serif; font-size: 11pt;\">,</p>\r\n\r\n<p style=\"font-family: sans-serif; font-size: 11pt;\">    <i>{{ ticket.title }}</i>        ,      ,  .</p>\r\n\r\n<p style=\"font-family: sans-serif; font-size: 11pt;\">            .</p>\r\n\r\n<p style=\"font-family: sans-serif; font-size: 11pt;\">  <a href=\"{{ ticket.ticket_url }}\">{{ ticket.ticket_url }}</a>.</p>','ru'),(25,'newticket_cc',' ','  ',',\r\n\r\n   ,     .\r\n\r\nID : {{ ticket.ticket }}\r\n: {{ queue.title }}\r\n: {{ ticket.title }}\r\n: {{ ticket.created|date:\"l N jS Y, \\a\\t P\" }}\r\n : {{ ticket.submitter_email|default:\"Unknown\" }}\r\n: {{ ticket.get_priority_display }}\r\n: {{ ticket.get_status }}\r\n  : {{ ticket.staff_url }} (login required)\r\n\r\n:\r\n{{ ticket.description }}\r\n','<p style=\"font-family: sans-serif; font-size: 1em;\">,</p>\r\n\r\n<p style=\"font-family: sans-serif; font-size: 1em;\">   ,     </p>\r\n\r\n<p style=\"font-family: sans-serif; font-size: 1em;\">\r\n<b>ID </b>: {{ ticket.ticket }}<br>\r\n<b></b>: {{ queue.title }}<br>\r\n<b></b>: {{ ticket.title }}<br>\r\n<b></b>: {{ ticket.created|date:\"l N jS Y, \\a\\t P\" }}<br>\r\n<b> </b>: {{ ticket.submitter_email|default:\"Unknown\" }}<br>\r\n<b></b>: {{ ticket.get_priority_display }}<br>\r\n<b></b>: {{ ticket.get_status }}<br>\r\n<b><a href=\"{{ ticket.staff_url }}\">  </a></b>   ( )</p>\r\n\r\n<p style=\"font-family: sans-serif; font-size: 1em;\">:</p>\r\n\r\n<blockquote style=\"font-family: sans-serif; font-size: 1em;\">{{ ticket.description|linebreaksbr }}</blockquote>','ru'),(26,'newticket_submitter',' ','    ',',\r\n\r\n   ,        \"{{ ticket.title }}\". \r\n\r\n       .      {{ ticket.ticket }}     .\r\n\r\n     -  ,        ,   id  \"{{ ticket.ticket }}\"   .    ,   \"\".\r\n\r\n     ,   ,      ,      . {{ ticket.ticket_url }}.\r\n\r\n          .  ,       ,      .','<p style=\"font-family: sans-serif; font-size: 1em;\">,</p>\r\n\r\n<p style=\"font-family: sans-serif; font-size: 1em;\">   ,        <i>{{ ticket.title }}</i>.</p>\r\n\r\n<p style=\"font-family: sans-serif; font-size: 1em;\">       .      <b>{{ ticket.ticket }}</b>      .</p>\r\n\r\n<p style=\"font-family: sans-serif; font-size: 1em;\">     -  ,        , o  id  <b>{{ ticket.ticket }}</b>   .    ,   \"\".</p>\r\n\r\n<p style=\"font-family: sans-serif; font-size: 1em;\">    ,   ,      ,      . <a href=\"{{ ticket.ticket_url }}\">{{ ticket.ticket_url }}</a>.</p>\r\n\r\n<p style=\"font-family: sans-serif; font-size: 1em;\">          .  ,       ,      .</p>','ru'),(27,'resolved_cc',' ',' ',',\r\n\r\n   ,    :\r\n\r\nID : {{ ticket.ticket }}\r\n: {{ queue.title }}\r\n: {{ ticket.title }}\r\n: {{ ticket.created|date:\"l N jS Y, \\a\\t P\" }}\r\n : {{ ticket.submitter_email|default:\"Unknown\" }}\r\n: {{ ticket.get_priority_display }}\r\n: {{ ticket.get_status }}\r\n: {{ ticket.get_assigned_to }}\r\n  : {{ ticket.staff_url }} ( )\r\n\r\n :\r\n\r\n{{ ticket.description }}\r\n\r\n   :\r\n\r\n{{ ticket.resolution }}\r\n\r\n     ,     ,       .','<p style=\"font-family: sans-serif; font-size: 1em;\">,</p>\r\n\r\n<p style=\"font-family: sans-serif; font-size: 1em;\">   ,    .</p>\r\n\r\n<p style=\"font-family: sans-serif; font-size: 1em;\">\r\n<b>ID </b>: {{ ticket.ticket }}<br>\r\n<b></b>: {{ queue.title }}<br>\r\n<b></b>: {{ ticket.title }}<br>\r\n<b></b>: {{ ticket.created|date:\"l N jS Y, \\a\\t P\" }}<br>\r\n<b> </b>: {{ ticket.submitter_email|default:\"Unknown\" }}<br>\r\n<b></b>: {{ ticket.get_priority_display }}<br>\r\n<b></b>: {{ ticket.get_status }}<br>\r\n<b></b>: {{ ticket.get_assigned_to }}<br>\r\n<b><a href=\"{{ ticket.staff_url }}\">  </a></b>   ( )</p>\r\n\r\n<p style=\"font-family: sans-serif; font-size: 1em;\"> :</p>\r\n\r\n<blockquote style=\"font-family: sans-serif; font-size: 1em;\">{{ ticket.description|linebreaksbr }}</blockquote>\r\n\r\n<p style=\"font-family: sans-serif; font-size: 1em;\">   :</p>\r\n\r\n<blockquote style=\"font-family: sans-serif; font-size: 1em;\">{{ ticket.resolution }}</blockquote>\r\n\r\n<p style=\"font-family: sans-serif; font-size: 1em;\">     ,     ,       .</p>','ru'),(28,'resolved_owner',' ',' ',',\r\n\r\n   ,     .\r\n\r\nID : {{ ticket.ticket }}\r\n: {{ queue.title }}\r\n: {{ ticket.title }}\r\n: {{ ticket.created|date:\"l N jS Y, \\a\\t P\" }}\r\n : {{ ticket.submitter_email|default:\"Unknown\" }}\r\n: {{ ticket.get_priority_display }}\r\n: {{ ticket.get_status }}\r\n: {{ ticket.get_assigned_to }}\r\n  : {{ ticket.staff_url }} ( )\r\n\r\n :\r\n\r\n{{ ticket.description }}\r\n\r\n   :\r\n\r\n{{ ticket.resolution }}\r\n\r\n     ,     ,       .','<p style=\"font-family: sans-serif; font-size: 1em;\">,</p>\r\n\r\n<p style=\"font-family: sans-serif; font-size: 1em;\">   ,     .</p>\r\n\r\n<p style=\"font-family: sans-serif; font-size: 1em;\">\r\n<b>ID </b>: {{ ticket.ticket }}<br>\r\n<b></b>: {{ queue.title }}<br>\r\n<b></b>: {{ ticket.title }}<br>\r\n<b></b>: {{ ticket.created|date:\"l N jS Y, \\a\\t P\" }}<br>\r\n<b> </b>: {{ ticket.submitter_email|default:\"Unknown\" }}<br>\r\n<b></b>: {{ ticket.get_priority_display }}<br>\r\n<b></b>: {{ ticket.get_status }}<br>\r\n<b></b>: {{ ticket.get_assigned_to }}<br>\r\n<b><a href=\"{{ ticket.staff_url }}\">  </a></b>   ( )</p>\r\n\r\n<p style=\"font-family: sans-serif; font-size: 1em;\"> :</p>\r\n\r\n<blockquote style=\"font-family: sans-serif; font-size: 1em;\">{{ ticket.description|linebreaksbr }}</blockquote>\r\n\r\n<p style=\"font-family: sans-serif; font-size: 1em;\">   :</p>\r\n\r\n<blockquote style=\"font-family: sans-serif; font-size: 1em;\">{{ ticket.resolution }}</blockquote>\r\n\r\n<p style=\"font-family: sans-serif; font-size: 1em;\">     ,     ,       .</p>','ru'),(29,'resolved_submitter',' ',',      .',',\r\n\r\n    \"{{ ticket.title }}\"        . \r\n\r\n      {{ ticket.ticket }}:\r\n\r\n{{ resolution }}\r\n\r\n    ,     ,      ?     -        , ,    .\r\n\r\n      {{ ticket.ticket_url }}.','<p style=\"font-family: sans-serif\"; font-size: 1em;>,</p>\r\n\r\n<p style=\"font-family: sans-serif; font-size: 1em;\">    <i>{{ ticket.title }}</i>         .</p>\r\n\r\n<p style=\"font-family: sans-serif; font-size: 1em;\">      <b>{{ ticket.ticket }}</b>:</p>\r\n\r\n<blockquote style=\"font-family: sans-serif; font-size: 1em;\">{{ resolution }}</blockquote>\r\n\r\n<p style=\"font-family: sans-serif; font-size: 1em;\">    ,     ,      ?     -        , ,    .</p>\r\n\r\n<p style=\"font-family: sans-serif; font-size: 1em;\">     <a href=\"{{ ticket.ticket_url }}\">{{ ticket.ticket_url }}</a>.</p>','ru'),(30,'updated_cc',' ',' ',',\r\n\r\n   ,   {{ ticket.ticket }} (\"{{ ticket.title }}\")  {{ ticket.submitter_email }}  .\r\n\r\nID : {{ ticket.ticket }}\r\n: {{ queue.title }}\r\n: {{ ticket.title }}\r\n: {{ ticket.created|date:\"l N jS Y, \\a\\t P\" }}\r\n : {{ ticket.submitter_email|default:\"Unknown\" }}\r\n: {{ ticket.get_priority_display }}\r\n: {{ ticket.get_status }}\r\n: {{ ticket.get_assigned_to }}\r\n : {{ ticket.staff_url }} (login required)\r\n\r\n :\r\n\r\n{{ ticket.description }}\r\n\r\n   :\r\n\r\n{{ comment }}\r\n\r\n  {% if private %} {% endif %}   been e-mailed to the submitter.\r\n\r\n     ,    {{ ticket.staff_url }}.','<p style=\"font-family: sans-serif; font-size: 1em;\">,</p>\r\n\r\n<p style=\"font-family: sans-serif; font-size: 1em;\">   ,  {{ ticket.ticket }} (\"{{ ticket.title }}\")  {{ ticket.submitter_email }}  .</p>\r\n\r\n<p style=\"font-family: sans-serif; font-size: 1em;\">\r\n<b>ID </b>: {{ ticket.ticket }}<br>\r\n<b></b>: {{ queue.title }}<br>\r\n<b></b>: {{ ticket.title }}<br>\r\n<b></b>: {{ ticket.created|date:\"l N jS Y, \\a\\t P\" }}<br>\r\n<b> </b>: {{ ticket.submitter_email|default:\"Unknown\" }}<br>\r\n<b></b>: {{ ticket.get_priority_display }}<br>\r\n<b></b>: {{ ticket.get_status }}<br>\r\n<b></b>: {{ ticket.get_assigned_to }}<br>\r\n<b><a href=\"{{ ticket.staff_url }}\">  </a></b>   ( )</p>\r\n\r\n<p style=\"font-family: sans-serif; font-size: 1em;\">  :</p>\r\n\r\n<blockquote style=\"font-family: sans-serif; font-size: 1em;\">{{ ticket.description|linebreaksbr }}</blockquote>\r\n\r\n<p style=\"font-family: sans-serif; font-size: 1em;\">   :</p>\r\n\r\n<blockquote style=\"font-family: sans-serif; font-size: 1em;\">{{ comment }}</blockquote>\r\n\r\n<p style=\"font-family: Tahoma, Arial, sans-serif; font-size: 11pt;\">  {% if private %}{% endif %}       .</p>','ru'),(31,'updated_owner',' ',' ',',\r\n\r\n   ,    {{ ticket.ticket }} (\"{{ ticket.title }}\")  {{ ticket.submitter_email }},    ,    .\r\n\r\nID : {{ ticket.ticket }}\r\n: {{ queue.title }}\r\n: {{ ticket.title }}\r\n: {{ ticket.created|date:\"l N jS Y, \\a\\t P\" }}\r\n : {{ ticket.submitter_email|default:\"Unknown\" }}\r\n: {{ ticket.get_priority_display }}\r\n: {{ ticket.get_status }}\r\n: {{ ticket.get_assigned_to }}\r\n  : {{ ticket.staff_url }} ( )\r\n\r\n :\r\n\r\n{{ ticket.description }}\r\n\r\n   :\r\n\r\n{{ comment }}\r\n\r\n  {% if private %} {% endif %}       .\r\n\r\n        {{ ticket.staff_url }}.','<p style=\"font-family: sans-serif; font-size: 1em;\">,</p>\r\n\r\n<p style=\"font-family: sans-serif; font-size: 1em;\">   ,    {{ ticket.ticket }} (\"{{ ticket.title }}\")  {{ ticket.submitter_email }},    ,    .</p>\r\n\r\n<p style=\"font-family: sans-serif; font-size: 1em;\">\r\n<b>ID </b>: {{ ticket.ticket }}<br>\r\n<b></b>: {{ queue.title }}<br>\r\n<b></b>: {{ ticket.title }}<br>\r\n<b></b>: {{ ticket.created|date:\"l N jS Y, \\a\\t P\" }}<br>\r\n<b> </b>: {{ ticket.submitter_email|default:\"Unknown\" }}<br>\r\n<b></b>: {{ ticket.get_priority_display }}<br>\r\n<b></b>: {{ ticket.get_status }}<br>\r\n<b></b>: {{ ticket.get_assigned_to }}<br>\r\n<b><a href=\"{{ ticket.staff_url }}\">  </a></b>   ( )</p>\r\n\r\n<p style=\"font-family: sans-serif; font-size: 1em;\">  :</p>\r\n\r\n<blockquote style=\"font-family: sans-serif; font-size: 1em;\">{{ ticket.description|linebreaksbr }}</blockquote>\r\n\r\n<p style=\"font-family: sans-serif; font-size: 1em;\">   :</p>\r\n\r\n<blockquote style=\"font-family: sans-serif; font-size: 1em;\">{{ comment }}</blockquote>\r\n\r\n<p style=\"font-family: Tahoma, Arial, sans-serif; font-size: 11pt;\"> {% if private %} {% endif %}      .</p>','ru'),(32,'updated_submitter',' ','     ',',\r\n\r\n    \"{{ ticket.title }}\".     .\r\n\r\n    {{ ticket.ticket }}:\r\n\r\n{{ comment }}\r\n\r\n      ,     .      ,     .   {{ ticket.ticket_url }}.','<p style=\"font-family: sans-serif; font-size: 1em;\">,</p>\r\n\r\n<p style=\"font-family: sans-serif; font-size: 1em;\">    <i>{{ ticket.title }}</i>     .</p>\r\n\r\n<p style=\"font-family: sans-serif; font-size: 1em;\">     <b>{{ ticket.ticket }}</b>:</p>\r\n\r\n<blockquote style=\"font-family: sans-serif; font-size: 1em;\">{{ comment }}</blockquote>\r\n\r\n<p style=\"font-family: sans-serif; font-size: 1em;\">      ,     .      ,     .   <a href=\"{{ ticket.ticket_urL }}\">{{ ticket.ticket_url }}</a>.</p>','ru'),(33,'assigned_cc','(Zugewiesen)','Ticket Zugewiesen','Hallo,\r\n\r\ngerne teilen wir Ihnen mit, dass Ticket {{ ticket.ticket }} (\"{{ ticket.title }}\") fr {{ ticket.submitter_email }} {% if ticket.assigned_to %}zugewiesen wurde an {{ ticket.assigned_to }}{% else %}nicht mehr zugeordnet ist{% endif %}.\r\n\r\nTicket ID: {{ ticket.ticket }}\r\nTicketsammlung: {{ queue.title }}\r\nTitel: {{ ticket.title }}\r\nErffnet: {{ ticket.created|date:\"l, j. N Y, \\u\\m H:i\" }}\r\nErsteller: {{ ticket.submitter_email|default:\"Unbekannt\" }}\r\nPrioritt: {{ ticket.get_priority_display }}\r\nStatus: {{ ticket.get_status }}\r\nZugewiesen an: {{ ticket.get_assigned_to }}\r\nOnline ansehen: {{ ticket.staff_url }}\r\n\r\nDie ursprngliche Ticketbeschreibung war:\r\n\r\n{{ ticket.description }}\r\n\r\n','<p style=\"font-family: sans-serif; font-size: 1em;\">Hallo,</p>\r\n\r\n<p style=\"font-family: sans-serif; font-size: 1em;\">gerne teilen wir Ihnen mit, dass Ticket <a href=\"{{ ticket.staff_url }}\"><b>{{ ticket.ticket }}</b></a> (<em>{{ ticket.title }}</em>) fr {{ ticket.submitter_email }} {% if ticket.assigned_to %}zugewiesen wurde an {{ ticket.assigned_to }}{% else %}nicht mehr zugeordnet ist{% endif %}.</p>\r\n\r\n<p style=\"font-family: sans-serif; font-size: 1em;\">\r\n<b>Ticket ID</b>: {{ ticket.ticket }}<br>\r\n<b>Ticketsammlung</b>: {{ queue.title }}<br>\r\n<b>Titel</b>: {{ ticket.title }}<br>\r\n<b>Erffnet</b>: {{ ticket.created|date:\"l, j. N Y, \\u\\m H:i\" }}<br>\r\n<b>Ersteller</b>: {{ ticket.submitter_email|default:\"Unbekannt\" }}<br>\r\n<b>Prioritt</b>: {{ ticket.get_priority_display }}<br>\r\n<b>Status</b>: {{ ticket.get_status }}<br>\r\n<b>Zugewiesen an</b>: {{ ticket.get_assigned_to }}<br>\r\n<b><a href=\'{{ ticket.staff_url }}\'>Online ansehen</a></b> um dieses Ticket zu aktualisieren (Login erforderlich).</p>\r\n\r\n<p style=\"font-family: sans-serif; font-size: 1em;\">Die ursprngliche Ticketbeschreibung war:</p>\r\n\r\n<blockquote style=\"font-family: sans-serif; font-size: 1em;\">{{ ticket.description|linebreaksbr }}</blockquote>','de'),(34,'assigned_owner','(Ihnen zugewiesen)','Ein Ticket wurde Ihnen zugewiesen','Hello,\r\n\r\ngerne teilen wir Ihnen mit, dass Ticket {{ ticket.ticket }} (\"{{ ticket.title }}\") fr {{ ticket.submitter_email }} Ihnen zugewiesen wurde.\r\n\r\nTicket ID: {{ ticket.ticket }}\r\nTicketsammlung: {{ queue.title }}\r\nTitel: {{ ticket.title }}\r\nErffnet: {{ ticket.created|date:\"l, j. N Y, \\u\\m H:i\" }}\r\nErsteller: {{ ticket.submitter_email|default:\"Unbekannt\" }}\r\nPrioritt: {{ ticket.get_priority_display }}\r\nStatus: {{ ticket.get_status }}\r\nZugewiesen an: SIE\r\nOnline ansehen: {{ ticket.staff_url }}\r\n\r\nDie ursprngliche Ticketbeschreibung war:\r\n\r\n{{ ticket.description }}\r\n\r\n','<p style=\"font-family: sans-serif; font-size: 1em;\">Hallo,</p>\r\n\r\n<p style=\"font-family: sans-serif; font-size: 1em;\">gerne teilen wir Ihnen mit, dass Ticket <a href=\"{{ ticket.staff_url }}\"><b>{{ ticket.ticket }}</b></a> (<em>{{ ticket.title }}</em>) fr {{ ticket.submitter_email }} <b>Ihnen</b> zugewiesen wurde.</p>\r\n\r\n<p style=\"font-family: sans-serif; font-size: 1em;\">\r\n<b>Ticket ID</b>: {{ ticket.ticket }}<br>\r\n<b>Ticketsammlung</b>: {{ queue.title }}<br>\r\n<b>Titel</b>: {{ ticket.title }}<br>\r\n<b>Erffnet</b>: {{ ticket.created|date:\"l, j. N Y, \\u\\m H:i\" }}<br>\r\n<b>Ersteller</b>: {{ ticket.submitter_email|default:\"Unbekannt\" }}<br>\r\n<b>Prioritt</b>: {{ ticket.get_priority_display }}<br>\r\n<b>Status</b>: {{ ticket.get_status }}<br>\r\n<b>Zugewiesen an</b>: SIE<br>\r\n<b><a href=\'{{ ticket.staff_url }}\'>Online ansehen</a></b> um dieses Ticket zu aktualisieren (Login erforderlich)</p>\r\n\r\n<p style=\"font-family: sans-serif; font-size: 1em;\">Die ursprngliche Ticketbeschreibung war:</p>\r\n\r\n<blockquote style=\"font-family: sans-serif; font-size: 1em;\">{{ ticket.description|linebreaksbr }}</blockquote>','de'),(35,'closed_cc','(Geschlossen)','Ticket geschlossen','Hallo,\r\n\r\nTicket {{ ticket.title }} (\"{{ ticket.title }}\"){% if ticket.assigned_to %}, zugewiesen an {{ ticket.assigned_to }}{% endif %} wurde geschlossen.\r\n\r\nTicket ID: {{ ticket.ticket }}\r\nTicketsammlung: {{ queue.title }}\r\nTitel: {{ ticket.title }}\r\nErffnet: {{ ticket.created|date:\"l, j. N Y, \\u\\m H:i\" }}\r\nErsteller: {{ ticket.submitter_email|default:\"Unbekannt\" }}\r\nPrioritt: {{ ticket.get_priority_display }}\r\nStatus: {{ ticket.get_status }}\r\nZugewiesen an: {{ ticket.get_assigned_to }}\r\nOnline ansehen: {{ ticket.staff_url }} (Login erforderlich)\r\n\r\nDie ursprngliche Ticketbeschreibung war:\r\n\r\n{{ ticket.description }}\r\n\r\nDie Lsung war:\r\n\r\n{{ resolution }}\r\n\r\n','<p style=\"font-family: sans-serif; font-size: 1em;\">Hallo,</p>\r\n\r\n<p style=\"font-family: sans-serif; font-size: 1em;\">Ticket <i>{{ ticket.title }}</i> (\'{{ ticket.title }}\'){% if ticket.assigned_to %}, zugewiesen an {{ ticket.get_assigned_to }}{% endif %} wurde geschlossen.</p>\r\n\r\n<p style=\"font-family: sans-serif; font-size: 1em;\">\r\n<b>Ticket ID</b>: {{ ticket.ticket }}<br>\r\n<b>Ticketsammlung</b>: {{ queue.title }}<br>\r\n<b>Titel</b>: {{ ticket.title }}<br>\r\n<b>Erffnet</b>: {{ ticket.created|date:\"l, j. N Y, \\u\\m H:i\" }}<br>\r\n<b>Ersteller</b>: {{ ticket.submitter_email|default:\"Unbekannt\" }}<br>\r\n<b>Prioritt</b>: {{ ticket.get_priority_display }}<br>\r\n<b>Status</b>: {{ ticket.get_status }}<br>\r\n<b>Zugewiesen an</b>: {{ ticket.get_assigned_to }}<br>\r\n<b><a href=\'{{ ticket.staff_url }}\'>Online ansehen</a></b> um dieses Ticket zu aktualisieren (Login erforderlich)</p>\r\n\r\n<p style=\"font-family: sans-serif; font-size: 1em;\">Die ursprngliche Ticketbeschreibung war:</p>\r\n\r\n<blockquote style=\"font-family: sans-serif; font-size: 1em;\">{{ ticket.description|linebreaksbr }}</blockquote>\r\n\r\n<p style=\"font-family: sans-serif; font-size: 1em;\">Die Lsung war:</p>\r\n\r\n<blockquote style=\"font-family: sans-serif; font-size: 1em;\">{{ resolution }}</blockquote>\r\n\r\n<p style=\"font-family: sans-serif; font-size: 1em;\">Sie knnen dieses Ticket unter folgendem Link online ansehen: <a href=\'{{ ticket.staff_url }}\'>{{ ticket.staff_url }}</a>.</p>','de'),(36,'closed_owner','(Geschlossen)','Ticket geschlossen','Hallo,\r\n\r\nDas folgende Ticket, das Ihnen zugewiesen war, wurde geschlossen.\r\n\r\nTicket ID: {{ ticket.ticket }}\r\nTicketsammlung: {{ queue.title }}\r\nTitel: {{ ticket.title }}\r\nErffnet: {{ ticket.created|date:\"l, j. N Y, \\u\\m H:i\" }}\r\nErsteller: {{ ticket.submitter_email|default:\"Unbekannt\" }}\r\nPrioritt: {{ ticket.get_priority_display }}\r\nStatus: {{ ticket.get_status }}\r\nZugewiesen an: {{ ticket.get_assigned_to }}\r\nOnline ansehen: {{ ticket.staff_url }} (Login erforderlich)\r\n\r\nDie Lsung war:\r\n\r\n{{ resolution }}\r\n\r\n','<p style=\"font-family: sans-serif; font-size: 1em;\">Hallo,</p>\r\n\r\n<p style=\"font-family: sans-serif; font-size: 1em;\">Das folgende Ticket, das Ihnen zugewiesen war, wurde geschlossen.</p>\r\n\r\n<p style=\"font-family: sans-serif; font-size: 1em;\">\r\n<b>Ticket ID</b>: {{ ticket.ticket }}<br>\r\n<b>Ticketsammlung</b>: {{ queue.title }}<br>\r\n<b>Titel</b>: {{ ticket.title }}<br>\r\n<b>Erffnet</b>: {{ ticket.created|date:\"l, j. N Y, \\u\\m H:i\" }}<br>\r\n<b>Ersteller</b>: {{ ticket.submitter_email|default:\"Unbekannt\" }}<br>\r\n<b>Prioritt</b>: {{ ticket.get_priority_display }}<br>\r\n<b>Status</b>: {{ ticket.get_status }}<br>\r\n<b>Zugewiesen an</b>: {{ ticket.get_assigned_to }}<br>\r\n<b><a href=\'{{ ticket.staff_url }}\'>Online ansehen</a></b> um dieses Ticket zu aktualisieren (Login erforderlich)</p>\r\n\r\n<p style=\"font-family: sans-serif; font-size: 1em;\">Die ursprngliche Ticketbeschreibung war:</p>\r\n\r\n<blockquote style=\"font-family: sans-serif; font-size: 1em;\">{{ ticket.description|linebreaksbr }}</blockquote>\r\n\r\n<p style=\"font-family: sans-serif; font-size: 1em;\">Die Lsung war:</p>\r\n\r\n<blockquote style=\"font-family: sans-serif; font-size: 1em;\">{{ ticket.resolution }}</blockquote>','de'),(37,'closed_submitter','(Geschlossen)','Ticket geschlossen','Hallo,\r\n\r\nSie haben krzlich das Ticket \"{{ ticket.title }}\" bei uns erffnet. Hiermit mchten wir Ihnen mitteilen das dieses Ticket nun geschlossen wurde.\r\n\r\nDie Lsung war:\r\n\r\n{{ resolution }}\r\n\r\nWenn Sie der Meinung sind, dass weitere Arbeit an diesem Ticket ntig ist, dann mchten wir Sie bitten, auf diese E-Mail zu antworten und den Betreff unverndert zu lassen.\r\n\r\nUnter folgendem Link knnen Sie das Ticket online ansehen: {{ ticket.ticket_url }}.\r\n\r\n','<p style=\"font-family: sans-serif; font-size: 1em;\">Hallo,</p>\r\n\r\n<p style=\"font-family: sans-serif; font-size: 1em;\">Sie haben krzlich das Ticket <i>{{ ticket.title }}</i> bei uns erffnet. Hiermit mchten wir Ihnen mitteilen das dieses Ticket nun geschlossen wurde.</p>\r\n\r\n<p style=\"font-family: sans-serif; font-size: 1em;\">Die Lsung war:</p>\r\n\r\n<blockquote style=\"font-family: sans-serif; font-size: 1em;\">{{ ticket.resolution }}</blockquote>\r\n\r\n<p style=\"font-family: sans-serif; font-size: 1em;\">Unter folgendem Link knnen Sie das Ticket online ansehen: <a href=\"{{ ticket.ticket_url }}\">{{ ticket.ticket_url }}</a>. Wenn Sie der Meinung sind, dass weitere Arbeit an diesem Ticket ntig ist, dann mchten wir Sie bitten, auf diese E-Mail zu antworten und den Betreff unverndert zu lassen.</p>','de'),(38,'escalated_cc','(Eskaliert)','Ticket Eskaliert','Hallo,\r\n\r\nGerne teilen wir Ihnen mit, dass das Ticket {{ ticket.ticket }} (\"{{ ticket.title }}\") automatisch eskaliert wurde.\r\n\r\nTicket ID: {{ ticket.ticket }}\r\nTicketsammlung: {{ queue.title }}\r\nTitel: {{ ticket.title }}\r\nErffnet: {{ ticket.created|date:\"l, j. N Y, \\u\\m H:i\" }}\r\nErsteller: {{ ticket.submitter_email|default:\"Unbekannt\" }}\r\nPrioritt: {{ ticket.get_priority_display }}\r\nStatus: {{ ticket.get_status }}\r\nZugewiesen an: {{ ticket.get_assigned_to }}\r\nOnline ansehen: {{ ticket.staff_url }} (Login erforderlich)\r\n\r\nDie ursprngliche Ticketbeschreibung war:\r\n\r\n{{ ticket.description }}\r\n\r\n','<p style=\"font-family: sans-serif; font-size: 1em;\">Hallo,</p>\r\n\r\n<p style=\"font-family: sans-serif; font-size: 1em;\">Gerne teilen wir Ihnen mit, dass das Ticket <i>{{ ticket.ticket }}</i> (\'{{ ticket.title }}\') automatisch eskaliert wurde.</p>\r\n\r\n<p style=\"font-family: sans-serif; font-size: 1em;\">\r\n<b>Ticket ID</b>: {{ ticket.ticket }}<br>\r\n<b>Ticketsammlung</b>: {{ queue.title }}<br>\r\n<b>Titel</b>: {{ ticket.title }}<br>\r\n<b>Erffnet</b>: {{ ticket.created|date:\"l, j. N Y, \\u\\m H:i\" }}<br>\r\n<b>Ersteller</b>: {{ ticket.submitter_email|default:\"Unbekannt\" }}<br>\r\n<b>Prioritt</b>: {{ ticket.get_priority_display }}<br>\r\n<b>Status</b>: {{ ticket.get_status }}<br>\r\n<b>Zugewiesen an</b>: {{ ticket.get_assigned_to }}<br>\r\n<b><a href=\'{{ ticket.staff_url }}\'>Online ansehen</a></b> um dieses Ticket zu aktualisieren (Login erforderlich)</p>\r\n\r\n<p style=\"font-family: sans-serif; font-size: 1em;\">Die ursprngliche Ticketbeschreibung war:</p>\r\n\r\n<blockquote style=\"font-family: sans-serif; font-size: 1em;\">{{ ticket.description|linebreaksbr }}</blockquote>','de'),(39,'escalated_owner','(Eskaliert)','Ein an Sie zugewiesenes Ticket wurde eskaliert','Hallo,\r\n\r\nEin an Sie zugewiesenes Ticket wurde automatisch eskaliert da es lnger offen war als erwartet.\r\n\r\nTicket ID: {{ ticket.ticket }}\r\nTicketsammlung: {{ queue.title }}\r\nTitel: {{ ticket.title }}\r\nErffnet: {{ ticket.created|date:\"l, j. N Y, \\u\\m H:i\" }}\r\nErsteller: {{ ticket.submitter_email|default:\"Unbekannt\" }}\r\nPrioritt: {{ ticket.get_priority_display }}\r\nStatus: {{ ticket.get_status }}\r\nZugewiesen an: {{ ticket.get_assigned_to }}\r\nOnline ansehen: {{ ticket.staff_url }} (Login erforderlich)\r\n\r\nDie ursprngliche Ticketbeschreibung war:\r\n\r\n{{ ticket.description }}\r\n\r\nBitte prfen Sie dieses Ticket und versuchen Sie so bald wie mglich eine Lsung zu finden.\r\n\r\n','<p style=\"font-family: sans-serif; font-size: 1em;\">Hallo,</p>\r\n\r\n<p style=\"font-family: sans-serif; font-size: 1em;\">Ein an Sie zugewiesenes Ticket wurde automatisch eskaliert da es lnger offen war als erwartet.</p>\r\n\r\n<p style=\"font-family: sans-serif; font-size: 1em;\">\r\n<b>Ticket ID</b>: {{ ticket.ticket }}<br>\r\n<b>Ticketsammlung</b>: {{ queue.title }}<br>\r\n<b>Titel</b>: {{ ticket.title }}<br>\r\n<b>Erffnet</b>: {{ ticket.created|date:\"l, j. N Y, \\u\\m H:i\" }}<br>\r\n<b>Ersteller</b>: {{ ticket.submitter_email|default:\"Unbekannt\" }}<br>\r\n<b>Prioritt</b>: {{ ticket.get_priority_display }}<br>\r\n<b>Status</b>: {{ ticket.get_status }}<br>\r\n<b>Zugewiesen an</b>: {{ ticket.get_assigned_to }}<br>\r\n<b><a href=\'{{ ticket.staff_url }}\'>Online ansehen</a></b> um dieses Ticket zu aktualisieren (Login erforderlich)</p>\r\n\r\n<p style=\"font-family: sans-serif; font-size: 1em;\">Die ursprngliche Ticketbeschreibung war:</p>\r\n\r\n<blockquote style=\"font-family: sans-serif; font-size: 1em;\">{{ ticket.description|linebreaksbr }}</blockquote>\r\n\r\n<p style=\"font-family: sans-serif; font-size: 1em;\">Bitte prfen Sie dieses Ticket und versuchen Sie so bald wie mglich eine Lsung zu finden.</p>','de'),(40,'escalated_submitter','(Eskaliert)','Ihr Ticket wurde eskaliert','Hallo,\r\n\r\nSie haben krzlich das Ticket \"{{ ticket.title }}\" bei uns erffnet. Hiermit mchten wir Ihnen mitteilen, dass dieses Ticket automatisch eskaliert wurde, da es lnger offen war als erwartet.\r\n\r\nWir werden Ihr Ticket in Krze prfen und so bald wie mglich eine Lsung finden.\r\n\r\nUnter folgendem Link knnen das Ticket online ansehen: {{ ticket.ticket_url }}.\r\n\r\n','<p style=\"font-family: sans-serif; font-size: 11pt;\">Hallo,</p>\r\n\r\n<p style=\"font-family: sans-serif; font-size: 11pt;\">Sie haben krzlich das Ticket <i>{{ ticket.title }}</i> bei uns erffnet. Hiermit mchten wir Ihnen mitteilen, dass dieses Ticket automatisch eskaliert wurde, da es lnger offen war als erwartet.</p>\r\n\r\n<p style=\"font-family: sans-serif; font-size: 11pt;\">Wir werden Ihr Ticket in Krze prfen und so bald wie mglich eine Lsung finden.</p>\r\n\r\n<p style=\"font-family: sans-serif; font-size: 11pt;\">Unter folgendem Link knnen das Ticket online ansehen: <a href=\"{{ ticket.ticket_url }}\">{{ ticket.ticket_url }}</a>.</p>','de'),(41,'newticket_cc','(Erffnet)','Neues Ticket erffnet','Hallo,\r\n\r\nGerne teilen wir Ihnen mit, dass ein neues Ticket erffnet wurde.\r\n\r\nTicket ID: {{ ticket.ticket }}\r\nTicketsammlung: {{ queue.title }}\r\nTitel: {{ ticket.title }}\r\nErffnet: {{ ticket.created|date:\"l, j. N Y, \\u\\m H:i\" }}\r\nErsteller: {{ ticket.submitter_email|default:\"Unbekannt\" }}\r\nPrioritt: {{ ticket.get_priority_display }}\r\nStatus: {{ ticket.get_status }}\r\nOnline ansehen: {{ ticket.staff_url }} (Login erforderlich)\r\n\r\nBeschreibung:\r\n{{ ticket.description }}\r\n\r\n','<p style=\"font-family: sans-serif; font-size: 1em;\">Hallo,</p>\r\n\r\n<p style=\"font-family: sans-serif; font-size: 1em;\">Gerne teilen wir Ihnen mit, dass ein neues Ticket erffnet wurde.</p>\r\n\r\n<p style=\"font-family: sans-serif; font-size: 1em;\">\r\n<b>Ticket ID</b>: {{ ticket.ticket }}<br>\r\n<b>Ticketsammlung</b>: {{ queue.title }}<br>\r\n<b>Titel</b>: {{ ticket.title }}<br>\r\n<b>Erffnet</b>: {{ ticket.created|date:\"l, j. N Y, \\u\\m H:i\" }}<br>\r\n<b>Ersteller</b>: {{ ticket.submitter_email|default:\"Unbekannt\" }}<br>\r\n<b>Prioritt</b>: {{ ticket.get_priority_display }}<br>\r\n<b>Status</b>: {{ ticket.get_status }}<br>\r\n<b><a href=\'{{ ticket.staff_url }}\'>Online ansehen</a></b> um dieses Ticket zu aktualisieren (Login erforderlich)</p>\r\n\r\n<p style=\"font-family: sans-serif; font-size: 1em;\">Beschreibung:</p>\r\n\r\n<blockquote style=\"font-family: sans-serif; font-size: 1em;\">{{ ticket.description|linebreaksbr }}</blockquote>','de'),(42,'newticket_submitter','(Erffnet)','Ihr Ticket wurde erffnet','Hallo,\r\n\r\nGerne teilen wir Ihnen mit, dass wir Ihre Helpdesk-Anforderung mit dem Betreff \"{{ ticket.title }}\" erhalten haben. \r\n\r\nAn dieser Stelle sind keine weiteren Eingaben von Ihnen ntig. Ihrem Ticket wurde die ID {{ ticket.ticket }} zugewiesen und es wird in Krze bearbeitet werden.\r\n\r\nWenn Sie uns weitere Details mitteilen mchten oder wenn Sie Fragen zu diesem Ticket haben, knnen Sie uns gerne eine E-Mail senden mit der Ticket ID \'{{ ticket.ticket }}\' im Betreff. Die einfachste Mglichkeit dazu ist, direkt auf diese E-Mail zu \"antworten\".\r\n\r\nWenn Sie das Ticket online ansehen mchten, um weitere Informationen hinzuzufgen, Dateien anzuhngen oder Aktualisierungen anzusehen, besuchen Sie bitte folgenden Link: {{ ticket.ticket_url }}.\r\n\r\nWir werden Ihr Ticket prfen und so bald wie mglich eine Lsung erarbeiten. Weitere Aktualisierungen und die Lsung werden wir an diese E-Mail Adresse senden.\r\n','<p style=\"font-family: sans-serif; font-size: 1em;\">Hallo,</p>\r\n\r\n<p style=\"font-family: sans-serif; font-size: 1em;\">Gerne teilen wir Ihnen mit, dass wir Ihre Helpdesk-Anforderung mit dem Betreff <i>{{ ticket.title }}</i> erhalten haben.</p>\r\n\r\n<p style=\"font-family: sans-serif; font-size: 1em;\">An dieser Stelle sind keine weiteren Eingaben von Ihnen ntig. Ihrem Ticket wurde die ID <b>{{ ticket.ticket }}</b> zugewiesen und es wird in Krze bearbeitet werden.</p>\r\n\r\n<p style=\"font-family: sans-serif; font-size: 1em;\">Wenn Sie uns weitere Details mitteilen mchten oder wenn Sie Fragen zu diesem Ticket haben, knnen Sie uns gerne eine E-Mail senden mit der Ticket ID <b>{{ ticket.ticket }}</b> im Betreff. Die einfachste Mglichkeit dazu ist, direkt auf diese E-Mail zu \"antworten\".</p>\r\n\r\n<p style=\"font-family: sans-serif; font-size: 1em;\">Wenn Sie das Ticket online ansehen mchten, um weitere Informationen hinzuzufgen, Dateien anzuhngen oder Aktualisierungen anzusehen, besuchen Sie bitte folgenden Link: <a href=\"{{ ticket.ticket_url }}\">{{ ticket.ticket_url }}</a>.</p>\r\n\r\n<p style=\"font-family: sans-serif; font-size: 1em;\">Wir werden Ihr Ticket prfen und so bald wie mglich eine Lsung erarbeiten. Weitere Aktualisierungen und die Lsung werden wir an diese E-Mail Adresse senden.</p>','de'),(43,'resolved_cc','(Gelst)','Ticket gelst','Hallo,\r\n\r\nDas folgende Ticket wurde gelst:\r\n\r\nTicket ID: {{ ticket.ticket }}\r\nTicketsammlung: {{ queue.title }}\r\nTitel: {{ ticket.title }}\r\nErffnet: {{ ticket.created|date:\"l, j. N Y, \\u\\m H:i\" }}\r\nErsteller: {{ ticket.submitter_email|default:\"Unbekannt\" }}\r\nPrioritt: {{ ticket.get_priority_display }}\r\nStatus: {{ ticket.get_status }}\r\nZugewiesen an: {{ ticket.get_assigned_to }}\r\nOnline ansehen: {{ ticket.staff_url }} (Login erforderlich)\r\n\r\nDie ursprngliche Ticketbeschreibung war:\r\n\r\n{{ ticket.description }}\r\n\r\nDie vorgeschlagene Lsung ist:\r\n\r\n{{ ticket.resolution }}\r\n\r\nDiese Lsung wurde an den Ersteller gesendet, der die Lsung berprfen muss, bevor dieses Ticket geschlossen werden kann.\r\n\r\n','<p style=\"font-family: sans-serif; font-size: 1em;\">Hallo,</p>\r\n\r\n<p style=\"font-family: sans-serif; font-size: 1em;\">Das folgende Ticket wurde gelst:</p>\r\n\r\n<p style=\"font-family: sans-serif; font-size: 1em;\">\r\n<b>Ticket ID</b>: {{ ticket.ticket }}<br>\r\n<b>Ticketsammlung</b>: {{ queue.title }}<br>\r\n<b>Titel</b>: {{ ticket.title }}<br>\r\n<b>Erffnet</b>: {{ ticket.created|date:\"l, j. N Y, \\u\\m H:i\" }}<br>\r\n<b>Ersteller</b>: {{ ticket.submitter_email|default:\"Unbekannt\" }}<br>\r\n<b>Prioritt</b>: {{ ticket.get_priority_display }}<br>\r\n<b>Status</b>: {{ ticket.get_status }}<br>\r\n<b>Zugewiesen an</b>: {{ ticket.get_assigned_to }}<br>\r\n<b><a href=\'{{ ticket.staff_url }}\'>Online ansehen</a></b> um dieses Ticket zu aktualisieren (Login erforderlich)</p>\r\n\r\n<p style=\"font-family: sans-serif; font-size: 1em;\">Die ursprngliche Ticketbeschreibung war:</p>\r\n\r\n<blockquote style=\"font-family: sans-serif; font-size: 1em;\">{{ ticket.description|linebreaksbr }}</blockquote>\r\n\r\n<p style=\"font-family: sans-serif; font-size: 1em;\">Die vergeschlagene Lsung ist:</p>\r\n\r\n<blockquote style=\"font-family: sans-serif; font-size: 1em;\">{{ ticket.resolution }}</blockquote>\r\n\r\n<p style=\"font-family: sans-serif; font-size: 1em;\">Diese Lsung wurde an den Ersteller gesendet, der die Lsung berprfen muss, bevor dieses Ticket geschlossen werden kann.</p>','de'),(44,'resolved_owner','(Gelst)','Ticket gelst','Hallo,\r\n\r\nEin Ihnen zugeordnetes Ticket wurde gelst.\r\n\r\nTicket ID: {{ ticket.ticket }}\r\nTicketsammlung: {{ queue.title }}\r\nTitel: {{ ticket.title }}\r\nErffnet: {{ ticket.created|date:\"l, j. N Y, \\u\\m H:i\" }}\r\nErsteller: {{ ticket.submitter_email|default:\"Unbekannt\" }}\r\nPrioritt: {{ ticket.get_priority_display }}\r\nStatus: {{ ticket.get_status }}\r\nZugewiesen an: {{ ticket.get_assigned_to }}\r\nOnline ansehen: {{ ticket.staff_url }} (Login erforderlich)\r\n\r\nDie ursprngliche Ticketbeschreibung war:\r\n\r\n{{ ticket.description }}\r\n\r\nDie vorgeschlagene Lsung ist:\r\n\r\n{{ ticket.resolution }}\r\n\r\nDiese Lsung wurde an den Ersteller gesendet, der die Lsung berprfen muss, bevor dieses Ticket geschlossen werden kann.\r\n\r\n','<p style=\"font-family: sans-serif; font-size: 1em;\">Hallo,</p>\r\n\r\n<p style=\"font-family: sans-serif; font-size: 1em;\">Ein Ihnen zugeordnetes Ticket wurde gelst.</p>\r\n\r\n<p style=\"font-family: sans-serif; font-size: 1em;\">\r\n<b>Ticket ID</b>: {{ ticket.ticket }}<br>\r\n<b>Ticketsammlung</b>: {{ queue.title }}<br>\r\n<b>Titel</b>: {{ ticket.title }}<br>\r\n<b>Erffnet</b>: {{ ticket.created|date:\"l, j. N Y, \\u\\m H:i\" }}<br>\r\n<b>Ersteller</b>: {{ ticket.submitter_email|default:\"Unbekannt\" }}<br>\r\n<b>Prioritt</b>: {{ ticket.get_priority_display }}<br>\r\n<b>Status</b>: {{ ticket.get_status }}<br>\r\n<b>Zugewiesen an</b>: {{ ticket.get_assigned_to }}<br>\r\n<b><a href=\'{{ ticket.staff_url }}\'>Online ansehen</a></b> um dieses Ticket zu aktualisieren (Login erforderlich)</p>\r\n\r\n<p style=\"font-family: sans-serif; font-size: 1em;\">Die ursprngliche Ticketbeschreibung war:</p>\r\n\r\n<blockquote style=\"font-family: sans-serif; font-size: 1em;\">{{ ticket.description|linebreaksbr }}</blockquote>\r\n\r\n<p style=\"font-family: sans-serif; font-size: 1em;\">Die vergeschlagene Lsung ist:</p>\r\n\r\n<blockquote style=\"font-family: sans-serif; font-size: 1em;\">{{ ticket.resolution }}</blockquote>\r\n\r\n<p style=\"font-family: sans-serif; font-size: 1em;\">Diese Lsung wurde an den Ersteller gesendet, der die Lsung berprfen muss, bevor dieses Ticket geschlossen werden kann.</p>','de'),(45,'resolved_submitter','(Gelst)','Ihr Ticket wurde gelst','Hallo,\r\n\r\nSie haben krzlich das Ticket \"{{ ticket.title }}\" bei uns erffnet. Hiermit mchten wir Ihnen mitteilen, dass dafr eine Lsung gefunden wurde.\r\n\r\nFr das Ticket {{ ticket.ticket }} wurde folgende Lsung vorgeschlagen:\r\n\r\n{{ resolution }}\r\n\r\nWir mchten Sie bitten zu besttigen, dass diese Lsung Ihren Anforderungen entspricht, damit wir dieses Ticket schlieen knnen. Wenn Sie weitere Fragen haben, oder der Meinung sind, dass diese Lsung nicht ausreichend ist, dann antworten Sie bitte auf diese E-Mail und lassen den Betreff unverndert.\r\n\r\nUnter folgendem Link knnen Sie das Ticket online ansehen: {{ ticket.ticket_url }}\r\n\r\n','<p style=\"font-family: sans-serif; font-size: 1em;\">Hallo,</p>\r\n\r\n<p style=\"font-family: sans-serif; font-size: 1em;\">Sie haben krzlich das Ticket <i>{{ ticket.title }}</i> bei uns erffnet. Hiermit mchten wir Ihnen mitteilen, dass dafr eine Lsung gefunden wurde.</p>\r\n\r\n<p style=\"font-family: sans-serif; font-size: 1em;\">Fr das Ticket <b>{{ ticket.ticket }}</b> wurde folgende Lsung vorgeschlagen:</p>\r\n\r\n<blockquote style=\"font-family: sans-serif; font-size: 1em;\">{{ resolution }}</blockquote>\r\n\r\n<p style=\"font-family: sans-serif; font-size: 1em;\">Wir mchten Sie bitten zu besttigen, dass diese Lsung Ihren Anforderungen entspricht, damit wir dieses Ticket schlieen knnen. Wenn Sie weitere Fragen haben, oder der Meinung sind, dass diese Lsung nicht ausreichend ist, dann antworten Sie bitte auf diese E-Mail und lassen den Betreff unverndert.</p>\r\n\r\n<p style=\"font-family: sans-serif; font-size: 1em;\">Unter folgendem Link knnen Sie das Ticket online ansehen: <a href=\"{{ ticket.ticket_url }}\">{{ ticket.ticket_url }}</a>.</p>','de'),(46,'updated_cc','(Aktualisiert)','Ticket aktualisiert','Hallo,\r\n\r\nGerne teilen wir Ihnen mit, dass das Ticket {{ ticket.ticket }} (\"{{ ticket.title }}\") fr {{ ticket.submitter_email }} aktualisiert wurde.\r\n\r\nTicket ID: {{ ticket.ticket }}\r\nTicketsammlung: {{ queue.title }}\r\nTitel: {{ ticket.title }}\r\nErffnet: {{ ticket.created|date:\"l, j. N Y, \\u\\m H:i\" }}\r\nErsteller: {{ ticket.submitter_email|default:\"Unbekannt\" }}\r\nPrioritt: {{ ticket.get_priority_display }}\r\nStatus: {{ ticket.get_status }}\r\nZugewiesen an: {{ ticket.get_assigned_to }}\r\nOnline ansehen: {{ ticket.staff_url }} (Login erforderlich)\r\n\r\nUrsprngliche Ticketbeschreibung:\r\n\r\n{{ ticket.description }}\r\n\r\nFolgender Kommentar wurde hinzugefgt:\r\n\r\n{{ comment }}\r\n\r\nDiese Information wurde {% if private %}nicht {% endif %} an den Ersteller gesendet.\r\n\r\nUnter folgendem Link knnen Sie das Ticket online ansehen: {{ ticket.staff_url }}.\r\n\r\n','<p style=\"font-family: sans-serif; font-size: 1em;\">Hallo,</p>\r\n\r\n<p style=\"font-family: sans-serif; font-size: 1em;\">Gerne teilen wir Ihnen mit, dass das Ticket {{ ticket.ticket }} (\"{{ ticket.title }}\") fr {{ ticket.submitter_email }} aktualisiert wurde.</p>\r\n\r\n<p style=\"font-family: sans-serif; font-size: 1em;\">\r\n<b>Ticket ID</b>: {{ ticket.ticket }}<br>\r\n<b>Ticketsammlung</b>: {{ queue.title }}<br>\r\n<b>Titel</b>: {{ ticket.title }}<br>\r\n<b>Erffnet</b>: {{ ticket.created|date:\"l, j. N Y, \\u\\m H:i\" }}<br>\r\n<b>Ersteller</b>: {{ ticket.submitter_email|default:\"Unbekannt\" }}<br>\r\n<b>Prioritt</b>: {{ ticket.get_priority_display }}<br>\r\n<b>Status</b>: {{ ticket.get_status }}<br>\r\n<b>Zugewiesen an</b>: {{ ticket.get_assigned_to }}<br>\r\n<b><a href=\'{{ ticket.staff_url }}\'>Online ansehen</a></b> um dieses Ticket zu aktualisieren (Login erforderlich)</p>\r\n\r\n<p style=\"font-family: sans-serif; font-size: 1em;\">Die ursprngliche Ticketbeschreibung war:</p>\r\n\r\n<blockquote style=\"font-family: sans-serif; font-size: 1em;\">{{ ticket.description|linebreaksbr }}</blockquote>\r\n\r\n<p style=\"font-family: sans-serif; font-size: 1em;\">Folgender Kommentar wurde hinzugefgt:</p>\r\n\r\n<blockquote style=\"font-family: sans-serif; font-size: 1em;\">{{ comment }}</blockquote>\r\n\r\n<p style=\"font-family: Tahoma, Arial, sans-serif; font-size: 11pt;\">Diese Information wurde {% if private %}nicht {% endif %} an den Ersteller gesendet.</p>','de'),(47,'updated_owner','(Aktualisiert)','Ticket Aktualisiert','Hallo,\r\n\r\nGerne teilen wir Ihnen mit, dass das Ticket {{ ticket.ticket }} (\"{{ ticket.title }}\") fr {{ ticket.submitter_email }}, das Ihnen zugewiesen ist, aktualisiert wurde.\r\n\r\nTicket ID: {{ ticket.ticket }}\r\nTicketsammlung: {{ queue.title }}\r\nTitel: {{ ticket.title }}\r\nErffnet: {{ ticket.created|date:\"l, j. N Y, \\u\\m H:i\" }}\r\nErsteller: {{ ticket.submitter_email|default:\"Unbekannt\" }}\r\nPrioritt: {{ ticket.get_priority_display }}\r\nStatus: {{ ticket.get_status }}\r\nZugewiesen an: {{ ticket.get_assigned_to }}\r\nOnline ansehen: {{ ticket.staff_url }} (Login erforderlich)\r\n\r\nUrsprngliche Ticketbeschreibung:\r\n\r\n{{ ticket.description }}\r\n\r\nFolgender Kommentar wurde hinzugefgt:\r\n\r\n{{ comment }}\r\n\r\nDiese Information wurde {% if private %}nicht {% endif %} an den Ersteller gesendet.\r\n\r\nUnter folgendem Link knnen Sie das Ticket online ansehen: {{ ticket.staff_url }}\r\n\r\n','<p style=\"font-family: sans-serif; font-size: 1em;\">Hallo,</p>\r\n\r\n<p style=\"font-family: sans-serif; font-size: 1em;\">Gerne teilen wir Ihnen mit, dass das Ticket {{ ticket.ticket }} (\"{{ ticket.title }}\") fr {{ ticket.submitter_email }}, das Ihnen zugewiesen ist, aktualisiert wurde.</p>\r\n\r\n<p style=\"font-family: sans-serif; font-size: 1em;\">\r\n<b>Ticket ID</b>: {{ ticket.ticket }}<br>\r\n<b>Ticketsammlung</b>: {{ queue.title }}<br>\r\n<b>Titel</b>: {{ ticket.title }}<br>\r\n<b>Erffnet</b>: {{ ticket.created|date:\"l, j. N Y, \\u\\m H:i\" }}<br>\r\n<b>Ersteller</b>: {{ ticket.submitter_email|default:\"Unbekannt\" }}<br>\r\n<b>Prioritt</b>: {{ ticket.get_priority_display }}<br>\r\n<b>Status</b>: {{ ticket.get_status }}<br>\r\n<b>Zugewiesen an</b>: {{ ticket.get_assigned_to }}<br>\r\n<b><a href=\'{{ ticket.staff_url }}\'>Online ansehen</a></b> um dieses Ticket zu aktualisieren (Login erforderlich)</p>\r\n\r\n<p style=\"font-family: sans-serif; font-size: 1em;\">Die ursprngliche Ticketbeschreibung war:</p>\r\n\r\n<blockquote style=\"font-family: sans-serif; font-size: 1em;\">{{ ticket.description|linebreaksbr }}</blockquote>\r\n\r\n<p style=\"font-family: sans-serif; font-size: 1em;\">Folgender Kommentar wurde hinzugefgt:</p>\r\n\r\n<blockquote style=\"font-family: sans-serif; font-size: 1em;\">{{ comment }}</blockquote>\r\n\r\n<p style=\"font-family: Tahoma, Arial, sans-serif; font-size: 11pt;\">Diese Information wurde {% if private %}nicht {% endif %} an den Ersteller gesendet.</p>','de'),(48,'updated_submitter','(Aktualisiert)','Ihr Ticket wurde aktualisiert','Hallo,\r\n\r\nSie haben krzlich das Ticket \"{{ ticket.title }}\" bei uns erffnet. Hiermit mchten wir Ihnen eine Aktualisierung mitteilen.\r\n\r\nFolgender Kommentar wurde zum Ticket {{ ticket.ticket }} hinzugefgt:\r\n\r\n{{ comment }}\r\n\r\nWenn Sie uns weitere Informationen mitteilen mchten, antworten Sie bitte auf diese E-Mail und lassen den Betreff unverndert. Oder Sie knnen das Ticket online ansehen und aktualisieren: {{ ticket.ticket_url }}\r\n\r\n','<p style=\"font-family: sans-serif; font-size: 1em;\">Hallo,</p>\r\n\r\n<p style=\"font-family: sans-serif; font-size: 1em;\">Sie haben krzlich das Ticket <i>{{ ticket.title }}</i> bei uns erffnet. Hiermit mchten wir Ihnen eine Aktualisierung mitteilen.</p>\r\n\r\n<p style=\"font-family: sans-serif; font-size: 1em;\">Folgender Kommentar wurde zum Ticket <b>{{ ticket.ticket }}</b> hinzugefgt:</p>\r\n\r\n<blockquote style=\"font-family: sans-serif; font-size: 1em;\">{{ comment }}</blockquote>\r\n\r\n<p style=\"font-family: sans-serif; font-size: 1em;\">Wenn Sie uns weitere Informationen mitteilen mchten, antworten Sie bitte auf diese E-Mail und lassen den Betreff unverndert. Oder Sie knnen das Ticket online ansehen und aktualisieren: <a href=\"{{ ticket.ticket_url }}\">{{ ticket.ticket_url }}</a>.</p>','de'),(49,'assigned_cc','(Assign)','Ticket Assign','Bonjour,\r\n\r\nCe courriel indicatif permet de vous prvenir que le ticket  {{ ticket.ticket }} (\"{{ ticket.title }}\") par {{ ticket.submitter_email }} {% if ticket.assigned_to %} a t assign  {{ ticket.assigned_to }}{% else %} n\'est plus assign  personne{% endif %}.\r\n\r\nIdentifiant: {{ ticket.ticket }}\r\nFile d\'attente: {{ queue.title }}\r\nTitre: {{ ticket.title }}\r\nOuvert le: {{ ticket.created|date:\"l N jS Y, \\a\\t P\" }}\r\nSoumis par: {{ ticket.submitter_email|default:\"Unknown\" }}\r\nPriorit: {{ ticket.get_priority_display }}\r\nStatut: {{ ticket.get_status }}\r\nAssign : {{ ticket.get_assigned_to }}\r\nAdresse: {{ ticket.staff_url }}\r\n\r\nLa description originelle tait:\r\n\r\n{{ ticket.description }}\r\n\r\n','<p style=\"font-family: sans-serif; font-size: 1em;\">Bonjour,</p>\r\n\r\n<p style=\"font-family: sans-serif; font-size: 1em;\">Ce courriel indicatif permet de vous prvenir que le ticket <a href=\"{{ ticket.staff_url }}\"><b>{{ ticket.ticket }}</b></a> (<em>{{ ticket.title }}</em>) par {{ ticket.submitter_email }}  {% if ticket.assigned_to %}a t assign  {{ ticket.assigned_to }}{% else %} n\'est plus assign  personne{% endif %}.</p>\r\n\r\n<p style=\"font-family: sans-serif; font-size: 1em;\">\r\n<b>File d\'attente</b>&nbsp;: {{ ticket.ticket }}<br>\r\n<b>Queue</b>&nbsp;: {{ queue.title }}<br>\r\n<b>Titre</b>&nbsp;: {{ ticket.title }}<br>\r\n<b>Ouvert le</b>&nbsp;: {{ ticket.created|date:\"l N jS Y, \\a\\t P\" }}<br>\r\n<b>Soumis par</b>&nbsp;: {{ ticket.submitter_email|default:\"Unknown\" }}<br>\r\n<b>Priorit</b>&nbsp;: {{ ticket.get_priority_display }}<br>\r\n<b>Statut</b>&nbsp;: {{ ticket.get_status }}<br>\r\n<b>Assign </b>&nbsp;: {{ ticket.get_assigned_to }}<br>\r\n<b><a href=\'{{ ticket.staff_url }}\'>Voir le ticket en ligne</a></b> pour le mettre  jour (aprs authentification)</p>\r\n\r\n<p style=\"font-family: sans-serif; font-size: 1em;\">Pour mmoire, la description originelle tait&nbsp;:</p>\r\n\r\n<blockquote style=\"font-family: sans-serif; font-size: 1em;\">{{ ticket.description|linebreaksbr }}</blockquote>','fr'),(50,'assigned_owner','(Pour vous)','Le ticket vous est assign','Bonjour,\r\n\r\nCe courriel indicatif permet de vous prvenir que le ticket {{ ticket.ticket }} (\"{{ ticket.title }}\") pour {{ ticket.submitter_email }} vous a t assign.\r\n\r\nIdentifiant : {{ ticket.ticket }}\r\nFile d\'attente : {{ queue.title }}\r\nTitre : {{ ticket.title }}\r\nOuvert le : {{ ticket.created|date:\"l N jS Y, \\a\\t P\" }}\r\nSoumis par : {{ ticket.submitter_email|default:\"Unknown\" }}\r\nPriorit : {{ ticket.get_priority_display }}\r\nStatut : {{ ticket.get_status }}\r\nAssign  : {{ ticket.get_assigned_to }}\r\nAdresse : {{ ticket.staff_url }}\r\n\r\nLa description originelle tait :\r\n\r\n{{ ticket.description }}','<p style=\"font-family: sans-serif; font-size: 1em;\">Bonjour,</p>\r\n\r\n<p style=\"font-family: sans-serif; font-size: 1em;\">Ce courriel indicatif permet de vous prvenir que le ticket <a href=\"{{ ticket.staff_url }}\"><b>{{ ticket.ticket }}</b></a> (<em>{{ ticket.title }}</em>) pour {{ ticket.submitter_email }} <b>vous</b> a t assign.</p>\r\n\r\n<p style=\"font-family: sans-serif; font-size: 1em;\">\r\n<b>File d\'attente</b>&nbsp;: {{ ticket.ticket }}<br>\r\n<b>Queue</b>&nbsp;: {{ queue.title }}<br>\r\n<b>Titre</b>&nbsp;: {{ ticket.title }}<br>\r\n<b>Ouvert le</b>&nbsp;: {{ ticket.created|date:\"l N jS Y, \\a\\t P\" }}<br>\r\n<b>Soumis par</b>&nbsp;: {{ ticket.submitter_email|default:\"Unknown\" }}<br>\r\n<b>Priorit</b>&nbsp;: {{ ticket.get_priority_display }}<br>\r\n<b>Statut</b>&nbsp;: {{ ticket.get_status }}<br>\r\n<b>Assign </b>&nbsp;: {{ ticket.get_assigned_to }}<br>\r\n<b><a href=\'{{ ticket.staff_url }}\'>Voir le ticket en ligne</a></b> pour le mettre  jour (aprs authentification)</p>\r\n\r\n<p style=\"font-family: sans-serif; font-size: 1em;\">Pour mmoire, la description originelle tait&nbsp;:</p>\r\n\r\n<blockquote style=\"font-family: sans-serif; font-size: 1em;\">{{ ticket.description|linebreaksbr }}</blockquote>','fr'),(51,'closed_cc','(Ferm)','Ticket Ferm','Bonjour,\r\n\r\nLe ticket {{ ticket.title }} (\"{{ ticket.title }}\"){% if ticket.assigned_to %}, assign  {{ ticket.assigned_to }}{% endif %} a t ferm.\r\n\r\nIdentifiant : {{ ticket.ticket }}\r\nFile d\'attente : {{ queue.title }}\r\nTitre : {{ ticket.title }}\r\nOuvert le : {{ ticket.created|date:\"l N jS Y, \\a\\t P\" }}\r\nSoumis par : {{ ticket.submitter_email|default:\"Unknown\" }}\r\nPriorit : {{ ticket.get_priority_display }}\r\nStatut : {{ ticket.get_status }}\r\nAssign  : {{ ticket.get_assigned_to }}\r\nAdresse : {{ ticket.staff_url }}\r\n\r\nLa description originelle tait :\r\n\r\n{{ ticket.description }}\r\n\r\nLa motivation de rsolution est:\r\n\r\n{{ resolution }}\r\n\r\n','<p style=\"font-family: sans-serif; font-size: 1em;\">Bonjour,</p>\r\n\r\n<p style=\"font-family: sans-serif; font-size: 1em;\">Le ticket <i>{{ ticket.title }}</i> (\'{{ ticket.title }}\'){% if ticket.assigned_to %}, assign  {{ ticket.get_assigned_to }}{% endif %} a t ferm.</p>\r\n\r\n<p style=\"font-family: sans-serif; font-size: 1em;\">\r\n<b>File d\'attente</b>&nbsp;: {{ ticket.ticket }}<br>\r\n<b>Queue</b>&nbsp;: {{ queue.title }}<br>\r\n<b>Titre</b>&nbsp;: {{ ticket.title }}<br>\r\n<b>Ouvert le</b>&nbsp;: {{ ticket.created|date:\"l N jS Y, \\a\\t P\" }}<br>\r\n<b>Soumis par</b>&nbsp;: {{ ticket.submitter_email|default:\"Unknown\" }}<br>\r\n<b>Priorit</b>&nbsp;: {{ ticket.get_priority_display }}<br>\r\n<b>Statut</b>&nbsp;: {{ ticket.get_status }}<br>\r\n<b>Assign </b>&nbsp;: {{ ticket.get_assigned_to }}<br>\r\n<b><a href=\'{{ ticket.staff_url }}\'>Voir le ticket en ligne</a></b> pour le mettre  jour (aprs authentification)</p>\r\n\r\n<p style=\"font-family: sans-serif; font-size: 1em;\">Pour mmoire, la description originelle tait&nbsp;:</p>\r\n\r\n<blockquote style=\"font-family: sans-serif; font-size: 1em;\">{{ ticket.description|linebreaksbr }}</blockquote>\r\n<p style=\"font-family: sans-serif; font-size: 1em;\">La motivation de rsolution est:</p>\r\n\r\n<blockquote style=\"font-family: sans-serif; font-size: 1em;\">{{ resolution }}</blockquote>','fr'),(52,'closed_owner','(Ferm -  vous)','Ticket Ferm','Bonjour,\r\n\r\nLe ticket suivant qui vous est actuellement assign a t ferm.\r\n\r\n\r\nIdentifiant : {{ ticket.ticket }}\r\nFile d\'attente : {{ queue.title }}\r\nTitre : {{ ticket.title }}\r\nOuvert le : {{ ticket.created|date:\"l N jS Y, \\a\\t P\" }}\r\nSoumis par : {{ ticket.submitter_email|default:\"Unknown\" }}\r\nPriorit : {{ ticket.get_priority_display }}\r\nStatut : {{ ticket.get_status }}\r\nAssign  : {{ ticket.get_assigned_to }}\r\nAdresse : {{ ticket.staff_url }} (authentification obligatoire)\r\n\r\nLa description originelle tait :\r\n\r\n{{ ticket.description }}\r\n\r\nLa motivation de rsolution est:\r\n\r\n{{ resolution }}','<p style=\"font-family: sans-serif; font-size: 1em;\">Bonjour,</p>\r\n\r\n<p style=\"font-family: sans-serif; font-size: 1em;\">\r\nLe ticket suivant qui vous est actuellement assign a t ferm.</p>\r\n\r\n<p style=\"font-family: sans-serif; font-size: 1em;\">\r\n<b>File d\'attente</b>&nbsp;: {{ ticket.ticket }}<br>\r\n<b>Queue</b>&nbsp;: {{ queue.title }}<br>\r\n<b>Titre</b>&nbsp;: {{ ticket.title }}<br>\r\n<b>Ouvert le</b>&nbsp;: {{ ticket.created|date:\"l N jS Y, \\a\\t P\" }}<br>\r\n<b>Soumis par</b>&nbsp;: {{ ticket.submitter_email|default:\"Unknown\" }}<br>\r\n<b>Priorit</b>&nbsp;: {{ ticket.get_priority_display }}<br>\r\n<b>Statut</b>&nbsp;: {{ ticket.get_status }}<br>\r\n<b>Assign </b>&nbsp;: {{ ticket.get_assigned_to }}<br>\r\n<b><a href=\'{{ ticket.staff_url }}\'>Voir le ticket en ligne</a></b> pour le mettre  jour (aprs authentification)</p>\r\n\r\n<p style=\"font-family: sans-serif; font-size: 1em;\">Pour mmoire, la description originelle tait&nbsp;:</p>\r\n\r\n<blockquote style=\"font-family: sans-serif; font-size: 1em;\">{{ ticket.description|linebreaksbr }}</blockquote>\r\n<p style=\"font-family: sans-serif; font-size: 1em;\">La motivation de rsolution est:</p>\r\n\r\n<blockquote style=\"font-family: sans-serif; font-size: 1em;\">{{ resolution }}</blockquote>\r\n','fr'),(53,'closed_submitter','(Ferm)','Ticket Ferm','Bonjour,\r\n\r\nVous avez rcemment ouvert chez nous un ticket dont le sujet est \"{{ ticket.title }}\". Ce courriel vous confirme que ce ticket a t ferm.\r\n\r\nSi vous pensez que nous devons encore travailler sur ce problme, faites le nous savoir en rpondant  ce courriel en conservant le sujet tel-quel.\r\n\r\nVous pouvez visualiser ce ticket en ligne, en vous rendant  l\'adresse {{ ticket.ticket_url }}.\r\n\r\nLa rsolution a t motive ainsi:\r\n\r\n{{ ticket.resolution }}\r\n\r\n','<p style=\"font-family: sans-serif; font-size: 1em;\">Bonjour,</p>\r\n\r\n<p style=\"font-family: sans-serif; font-size: 1em;\">Vous avez rcemment ouvert chez nous un ticket dont le sujet est <i>{{ ticket.title }}</i>. Ce courriel vous confirme que ce ticket a t ferm.</p>\r\n\r\n<p style=\"font-family: sans-serif; font-size: 1em;>\"La rsolution a t motive ainsi&nbsp;:</p>\r\n\r\n<blockquote style=\"font-family: sans-serif; font-size: 1em;\">{{ ticket.resolution }}</blockquote>\r\n\r\n<p style=\"font-family: sans-serif; font-size: 1em;\">Vous pouvez visualiser ce ticket en ligne, en vous rendant  l\'adresse <a href=\"{{ ticket.ticket_url }}\">{{ ticket.ticket_url }}</a>.</p>\r\n\r\n<p style=\"font-family: sans-serif; font-size: 1em;\">Si vous pensez que nous devons encore travailler sur ce problme, faites le nous savoir en rpondant  ce courriel en conservant le sujet tel-quel..</p>','fr'),(54,'escalated_cc','(Priorit augmente)','Priorit du ticket augmente','Bonjour,\r\n\r\nCe courriel indicatif permet de vous prvenir que le ticket {{ ticket.ticket }} (\"{{ ticket.title }}\") a vu sa priorit augment de manire automatique.\r\n\r\nIdentifiant : {{ ticket.ticket }}\r\nFile d\'attente : {{ queue.title }}\r\nTitre : {{ ticket.title }}\r\nOuvert le : {{ ticket.created|date:\"l N jS Y, \\a\\t P\" }}\r\nSoumis par : {{ ticket.submitter_email|default:\"Unknown\" }}\r\nPriorit : {{ ticket.get_priority_display }}\r\nStatut : {{ ticket.get_status }}\r\nAssign  : {{ ticket.get_assigned_to }}\r\nAdresse : {{ ticket.staff_url }}\r\n\r\nLa description originelle tait :\r\n\r\n{{ ticket.description }}\r\n','<p style=\"font-family: sans-serif; font-size: 1em;\">Bonjour,</p>\r\n\r\n<p style=\"font-family: sans-serif; font-size: 1em;\">Ce courriel indicatif permet de vous prvenir que le ticket <i>{{ ticket.ticket }}</i> (\'{{ ticket.title }}\') a vu sa priorit augment de manire automatique.</p>\r\n<p style=\"font-family: sans-serif; font-size: 1em;\">\r\n<b>File d\'attente</b>&nbsp;: {{ ticket.ticket }}<br>\r\n<b>Queue</b>&nbsp;: {{ queue.title }}<br>\r\n<b>Titre</b>&nbsp;: {{ ticket.title }}<br>\r\n<b>Ouvert le</b>&nbsp;: {{ ticket.created|date:\"l N jS Y, \\a\\t P\" }}<br>\r\n<b>Soumis par</b>&nbsp;: {{ ticket.submitter_email|default:\"Unknown\" }}<br>\r\n<b>Priorit</b>&nbsp;: {{ ticket.get_priority_display }}<br>\r\n<b>Statut</b>&nbsp;: {{ ticket.get_status }}<br>\r\n<b>Assign </b>&nbsp;: {{ ticket.get_assigned_to }}<br>\r\n<b><a href=\'{{ ticket.staff_url }}\'>Voir le ticket en ligne</a></b> pour le mettre  jour (aprs authentification)</p>\r\n\r\n<p style=\"font-family: sans-serif; font-size: 1em;\">Pour mmoire, la description originelle tait&nbsp;:</p>\r\n\r\n<blockquote style=\"font-family: sans-serif; font-size: 1em;\">{{ ticket.description|linebreaksbr }}</blockquote>','fr'),(55,'escalated_submitter','(Priorit augmente)','Votre ticket a vu sa priorit augmente','Bonjour,\r\n\r\n\r\nVous avez rcemment ouvert chez nous un ticket dont le sujet est \"{{ ticket.title }}\". Ce courriel vous informe que ce ticket  a vu sa priorit augment de manire automatique,  vu son dlai de rsolution plus long que prvu.\r\n\r\nNous allons reprendre rapidement ce ticket afin d\'essayer de le rsoudre le plus vite possible.\r\n\r\nVous pouvez visualiser ce ticket en ligne, en vous rendant  l\'adresse {{ ticket.ticket_url }}.\r\n\r\n','<p style=\"font-family: sans-serif; font-size: 11pt;\">Bonjour,</p>\r\n\r\n<p style=\"font-family: sans-serif; font-size: 11pt;\">Vous avez rcemment ouvert chez nous un ticket dont le sujet est <i>{{ ticket.title }}</i> . Ce courriel vous informe que ce ticket  a vu sa priorit augment de manire automatique,  vu son dlai de rsolution plus long que prvu.</p>\r\n\r\n<p style=\"font-family: sans-serif; font-size: 11pt;\">Nous allons reprendre rapidement ce ticket afin d\'essayer de le rsoudre le plus vite possible.</p>\r\n\r\n<p style=\"font-family: sans-serif; font-size: 11pt;\">Vous pouvez visualiser ce ticket en ligne, en vous rendant  l\'adresse <a href=\"{{ ticket.ticket_url }}\">{{ ticket.ticket_url }}</a>.</p>','fr'),(56,'escalated_owner','(Priorit augmente -  vous)','Priorit de votre ticket augmente','Bonjour,\r\n\r\nUn ticket qui vous est assign a vu sa priorit augment vu son dlai de rsolution plus long que prvu.\r\n\r\nIdentifiant : {{ ticket.ticket }}\r\nFile d\'attente : {{ queue.title }}\r\nTitre : {{ ticket.title }}\r\nOuvert le : {{ ticket.created|date:\"l N jS Y, \\a\\t P\" }}\r\nSoumis par : {{ ticket.submitter_email|default:\"Unknown\" }}\r\nPriorit : {{ ticket.get_priority_display }}\r\nStatut : {{ ticket.get_status }}\r\nAssign  : {{ ticket.get_assigned_to }}\r\nAdresse : {{ ticket.staff_url }}\r\n\r\nLa description originelle tait :\r\n\r\n{{ ticket.description }}\r\n\r\nMerci de reprendre ce ticket afin d\'essayer de le rsoudre le plus vite possible.\r\n','<p style=\"font-family: sans-serif; font-size: 1em;\">Bonjour,</p>\r\n\r\n<p style=\"font-family: sans-serif; font-size: 1em;\">Un ticket qui vous est assign a vu sa priorit augment vu son dlai de rsolution plus long que prvu.</p>\r\n\r\n<p style=\"font-family: sans-serif; font-size: 1em;\">\r\n<b>File d\'attente</b>&nbsp;: {{ ticket.ticket }}<br>\r\n<b>Queue</b>&nbsp;: {{ queue.title }}<br>\r\n<b>Titre</b>&nbsp;: {{ ticket.title }}<br>\r\n<b>Ouvert le</b>&nbsp;: {{ ticket.created|date:\"l N jS Y, \\a\\t P\" }}<br>\r\n<b>Soumis par</b>&nbsp;: {{ ticket.submitter_email|default:\"Unknown\" }}<br>\r\n<b>Priorit</b>&nbsp;: {{ ticket.get_priority_display }}<br>\r\n<b>Statut</b>&nbsp;: {{ ticket.get_status }}<br>\r\n<b>Assign </b>&nbsp;: {{ ticket.get_assigned_to }}<br>\r\n<b><a href=\'{{ ticket.staff_url }}\'>Voir le ticket en ligne</a></b> pour le mettre  jour (aprs authentification)</p>\r\n\r\n<p style=\"font-family: sans-serif; font-size: 1em;\">Pour mmoire, la description originelle tait&nbsp;:</p>\r\n\r\n<blockquote style=\"font-family: sans-serif; font-size: 1em;\">{{ ticket.description|linebreaksbr }}</blockquote>\r\n\r\n<p style=\"font-family: sans-serif; font-size: 1em;\">Merci de reprendre ce ticket afin d\'essayer de le rsoudre le plus vite possible..</p>','fr'),(57,'newticket_cc','(Ouvert)','Nouveau ticket ouvert','Bonjour,\r\n\r\nCe courriel indicatif permet de vous prvenir qu\'un nouveau ticket a t ouvert.\r\n\r\nIdentifiant : {{ ticket.ticket }}\r\nFile d\'attente : {{ queue.title }}\r\nTitre : {{ ticket.title }}\r\nOuvert le : {{ ticket.created|date:\"l N jS Y, \\a\\t P\" }}\r\nSoumis par : {{ ticket.submitter_email|default:\"Unknown\" }}\r\nPriorit : {{ ticket.get_priority_display }}\r\nStatut : {{ ticket.get_status }}\r\nAssign  : {{ ticket.get_assigned_to }}\r\nAdresse : {{ ticket.staff_url }}\r\n\r\nDescription:\r\n{{ ticket.description }}\r\n\r\n','<p style=\"font-family: sans-serif; font-size: 1em;\">Bonjour,</p>\r\n\r\n<p style=\"font-family: sans-serif; font-size: 1em;\">Ce courriel indicatif permet de vous prvenir qu\'un nouveau ticket a t ouvert.</p>\r\n\r\n<p style=\"font-family: sans-serif; font-size: 1em;\">\r\n<b>File d\'attente</b>&nbsp;: {{ ticket.ticket }}<br>\r\n<b>Queue</b>&nbsp;: {{ queue.title }}<br>\r\n<b>Titre</b>&nbsp;: {{ ticket.title }}<br>\r\n<b>Ouvert le</b>&nbsp;: {{ ticket.created|date:\"l N jS Y, \\a\\t P\" }}<br>\r\n<b>Soumis par</b>&nbsp;: {{ ticket.submitter_email|default:\"Unknown\" }}<br>\r\n<b>Priorit</b>&nbsp;: {{ ticket.get_priority_display }}<br>\r\n<b>Statut</b>&nbsp;: {{ ticket.get_status }}<br>\r\n<b>Assign </b>&nbsp;: {{ ticket.get_assigned_to }}<br>\r\n<b><a href=\'{{ ticket.staff_url }}\'>Voir le ticket en ligne</a></b> pour le mettre  jour (aprs authentification)</p>\r\n\r\n<p style=\"font-family: sans-serif; font-size: 1em;\">Description&nbsp;:</p>\r\n\r\n<blockquote style=\"font-family: sans-serif; font-size: 1em;\">{{ ticket.description|linebreaksbr }}</blockquote>','fr'),(58,'newticket_submitter','(Ouvert)','Votre ticket est dsormais ouvert','Bonjour,\r\n\r\nCe courriel permet de vous informer que nous avons reu votre demande de support dont le sujet est \"{{ ticket.title }}\".\r\n\r\nVous n\'avez rien de plus  faire pour le moment. Votre ticket porte l\'identifiant  {{ ticket.ticket }} et sera trait rapidement.\r\n\r\nSi vous voulez nous donner plus de dtails ou si vous avez une question concernant ce ticket, merci d\'inclure la rfrence \'{{ ticket.ticket }}\'  dans le sujet du message. Le plus simple tant d\'utiliser la fonction \'rpondre\' de votre logiciel de messagerie.\r\n\r\nVous pouvez visualiser ce ticket en ligne et y ajouter des informations ou des pices jointes ainsi que voir les dernires mies  jour en vous rendant  l\'adresse {{ ticket.ticket_url }}.\r\n\r\nNous allons traiter votre demande afin, si possible, de la rsoudre au plus vite. Vous recevrez des mise  jour ou la rponse au ticket  cette adresse mail.','<p style=\"font-family: sans-serif; font-size: 1em;\">Bonjour,</p>\r\n\r\n<p style=\"font-family: sans-serif; font-size: 1em;\">Ce courriel permet de vous informer que nous avons reu votre demande de support dont le sujet est <i>{{ ticket.title }}</i>.</p>\r\n\r\n<p style=\"font-family: sans-serif; font-size: 1em;>\"Vous n\'avez rien de plus  faire pour le moment. Votre ticket porte l\'identifiant <b>{{ ticket.ticket }}</b> et sera trait rapidement.</p>\r\n\r\n<p style=\"font-family: sans-serif; font-size: 1em;\">Si vous voulez nous donner plus de dtails ou si vous avez une question concernant ce ticket, merci d\'inclure la rfrence <b>{{ ticket.ticket }}</b> dans le sujet du message. Le plus simple tant d\'utiliser la fonction \'rpondre\' de votre logiciel de messagerie.</p>\r\n\r\n<p style=\"font-family: sans-serif; font-size: 1em;\">Vous pouvez visualiser ce ticket en ligne et y ajouter des informations ou des pices jointes ainsi que voir les dernires mies  jour en vous rendant  l\'adresse <a href=\"{{ ticket.ticket_url }}\">{{ ticket.ticket_url }}</a>.</p>\r\n\r\n<p style=\"font-family: sans-serif; font-size: 1em;\">Nous allons traiter votre demande afin, si possible, de la rsoudre au plus vite. Vous recevrez des mise  jour ou la rponse au ticket  cette adresse mail.</p>','fr'),(59,'resolved_cc','(Rsolu)','Ticket rsolu','Bonjour,\r\n\r\nLe ticket suivant a t rsolu.\r\n\r\nIdentifiant : {{ ticket.ticket }}\r\nFile d\'attente : {{ queue.title }}\r\nTitre : {{ ticket.title }}\r\nOuvert le : {{ ticket.created|date:\"l N jS Y, \\a\\t P\" }}\r\nSoumis par : {{ ticket.submitter_email|default:\"Unknown\" }}\r\nPriorit : {{ ticket.get_priority_display }}\r\nStatut : {{ ticket.get_status }}\r\nAssign  : {{ ticket.get_assigned_to }}\r\nAdresse : {{ ticket.staff_url }}\r\n\r\nLa description originelle tait :\r\n\r\n{{ ticket.description }}\r\n\r\nLa motivation de rsolution est:\r\n\r\n{{ resolution }}\r\n\r\nCette information a t envoy au crateur de ce ticket, qui la confirmera avant que vous puissiez fermer ce ticket.\r\n\r\n','<p style=\"font-family: sans-serif; font-size: 1em;\">Bonjour,</p>\r\n\r\n<p style=\"font-family: sans-serif; font-size: 1em;\">Le ticket suivant a t rsolu.</p>\r\n\r\n<p style=\"font-family: sans-serif; font-size: 1em;\">\r\n<b>File d\'attente</b>&nbsp;: {{ ticket.ticket }}<br>\r\n<b>Queue</b>&nbsp;: {{ queue.title }}<br>\r\n<b>Titre</b>&nbsp;: {{ ticket.title }}<br>\r\n<b>Ouvert le</b>&nbsp;: {{ ticket.created|date:\"l N jS Y, \\a\\t P\" }}<br>\r\n<b>Soumis par</b>&nbsp;: {{ ticket.submitter_email|default:\"Unknown\" }}<br>\r\n<b>Priorit</b>&nbsp;: {{ ticket.get_priority_display }}<br>\r\n<b>Statut</b>&nbsp;: {{ ticket.get_status }}<br>\r\n<b>Assign </b>&nbsp;: {{ ticket.get_assigned_to }}<br>\r\n<b><a href=\'{{ ticket.staff_url }}\'>Voir le ticket en ligne</a></b> pour le mettre  jour (aprs authentification)</p>\r\n\r\n<p style=\"font-family: sans-serif; font-size: 1em;\">Pour mmoire, la description originelle tait&nbsp;:</p>\r\n\r\n<blockquote style=\"font-family: sans-serif; font-size: 1em;\">{{ ticket.description|linebreaksbr }}</blockquote>\r\n<p style=\"font-family: sans-serif; font-size: 1em;\">La motivation de rsolution est:</p>\r\n\r\n<blockquote style=\"font-family: sans-serif; font-size: 1em;\">{{ resolution }}</blockquote>\r\n\r\n<p style=\"font-family: sans-serif; font-size: 1em;\">\r\nCette information a t envoy au crateur de ce ticket, qui la confirmera avant que vous puissiez fermer ce ticket.</p>','fr'),(60,'resolved_owner','(Rsolu -  vous)','Ticket rsolu','Bonjour,\r\n\r\nUn ticket qui vous est assign a t rsolu.\r\n\r\n\r\nIdentifiant : {{ ticket.ticket }}\r\nFile d\'attente : {{ queue.title }}\r\nTitre : {{ ticket.title }}\r\nOuvert le : {{ ticket.created|date:\"l N jS Y, \\a\\t P\" }}\r\nSoumis par : {{ ticket.submitter_email|default:\"Unknown\" }}\r\nPriorit : {{ ticket.get_priority_display }}\r\nStatut : {{ ticket.get_status }}\r\nAssign  : {{ ticket.get_assigned_to }}\r\nAdresse : {{ ticket.staff_url }}\r\n\r\nLa description originelle tait :\r\n\r\n{{ ticket.description }}\r\n\r\nLa motivation de rsolution est:\r\n\r\n{{ resolution }}\r\n\r\nCette information a t envoy au crateur de ce ticket, qui la confirmera avant que vous puissiez fermer ce ticket.\r\n\r\n','<p style=\"font-family: sans-serif; font-size: 1em;\">Bonjour,</p>\r\n\r\n<p style=\"font-family: sans-serif; font-size: 1em;\">Un ticket qui vous est assign a t rsolu.</p>\r\n\r\n<p style=\"font-family: sans-serif; font-size: 1em;\">\r\n<b>File d\'attente</b>&nbsp;: {{ ticket.ticket }}<br>\r\n<b>Queue</b>&nbsp;: {{ queue.title }}<br>\r\n<b>Titre</b>&nbsp;: {{ ticket.title }}<br>\r\n<b>Ouvert le</b>&nbsp;: {{ ticket.created|date:\"l N jS Y, \\a\\t P\" }}<br>\r\n<b>Soumis par</b>&nbsp;: {{ ticket.submitter_email|default:\"Unknown\" }}<br>\r\n<b>Priorit</b>&nbsp;: {{ ticket.get_priority_display }}<br>\r\n<b>Statut</b>&nbsp;: {{ ticket.get_status }}<br>\r\n<b>Assign </b>&nbsp;: {{ ticket.get_assigned_to }}<br>\r\n<b><a href=\'{{ ticket.staff_url }}\'>Voir le ticket en ligne</a></b> pour le mettre  jour (aprs authentification)</p>\r\n\r\n<p style=\"font-family: sans-serif; font-size: 1em;\">Pour mmoire, la description originelle tait&nbsp;:</p>\r\n\r\n<blockquote style=\"font-family: sans-serif; font-size: 1em;\">{{ ticket.description|linebreaksbr }}</blockquote>\r\n<p style=\"font-family: sans-serif; font-size: 1em;\">La motivation de rsolution est:</p>\r\n\r\n<blockquote style=\"font-family: sans-serif; font-size: 1em;\">{{ resolution }}</blockquote>\r\n\r\n<p style=\"font-family: sans-serif; font-size: 1em;\">\r\nCette information a t envoy au crateur de ce ticket, qui la confirmera avant que vous puissiez fermer ce ticket.</p>','fr'),(61,'resolved_submitter','(Rsolu)','Votre ticket a t rsolu','Bonjour,\r\n\r\nVous avez rcemment ouvert chez nous un ticket dont le sujet est \"{{ ticket.title }}\" . Ce message vous informe d\'une rsolution de la demande.\r\n\r\nLa solution suivante a t donne au ticket {{ ticket.ticket }}:\r\n\r\n{{ resolution }}\r\n\r\nMerci de confirmer que cette solution vous convient afin que nous puissions clore le ticket. Si vous avez d\'autre demandes, o si vous pensez que cette solution n\'est pas adapte, merci de rpondre  ce mail en conservant le sujet tel-quel.\r\n\r\nVous pouvez visualiser ce ticket en ligne, en vous rendant  l\'adresse {{ ticket.ticket_url }}.\r\n\r\n','<p style=\"font-family: sans-serif; font-size: 1em;\">Bonjour,</p>\r\n\r\n<p style=\"font-family: sans-serif; font-size: 1em;\">Vous avez rcemment ouvert chez nous un ticket dont le sujet est <i>{{ ticket.title }}</i>. Ce message vous informe d\'une rsolution de la demande.</p>\r\n\r\n<p style=\"font-family: sans-serif; font-size: 1em;\">La solution suivante a t donne au ticket <b>{{ ticket.ticket }}</b>:</p>\r\n\r\n<blockquote style=\"font-family: sans-serif; font-size: 1em;\">{{ resolution }}</blockquote>\r\n\r\n<p style=\"font-family: sans-serif; font-size: 1em;\">Merci de confirmer que cette solution vous convient afin que nous puissions clore le ticket. Si vous avez d\'autre demandes, o si vous pensez que cette solution n\'est pas adapte, merci de rpondre  ce mail en conservant le sujet tel-quel.</p>\r\n\r\n<p style=\"font-family: sans-serif; font-size: 1em;\">Vous pouvez visualiser ce ticket en ligne, en vous rendant  l\'adresse <a href=\"{{ ticket.ticket_url }}\">{{ ticket.ticket_url }}</a>.</p>','fr'),(62,'updated_cc','(Mis  jour)','Ticket mis  jour','Bonjour,\r\n\r\nCe courriel indicatif permet de vous prvenir que le ticket  {{ ticket.ticket }} (\"{{ ticket.title }}\") par {{ ticket.submitter_email }} a t mis  jour.\r\n\r\nIdentifiant : {{ ticket.ticket }}\r\nFile d\'attente : {{ queue.title }}\r\nTitre : {{ ticket.title }}\r\nOuvert le : {{ ticket.created|date:\"l N jS Y, \\a\\t P\" }}\r\nSoumis par : {{ ticket.submitter_email|default:\"Unknown\" }}\r\nPriorit : {{ ticket.get_priority_display }}\r\nStatut : {{ ticket.get_status }}\r\nAssign  : {{ ticket.get_assigned_to }}\r\nAdresse : {{ ticket.staff_url }}\r\n\r\nDescription originelle :\r\n\r\n{{ ticket.description }}\r\n\r\nLe commentaire suivant a t ajout:\r\n\r\n{{ comment }}\r\n\r\nCette information {% if private %} n\' a pas {% else %} a {% endif %} t envoy par mail  l\'metteur.\r\n\r\n','<p style=\"font-family: sans-serif; font-size: 1em;\">Bonjour,</p>\r\n\r\n<p style=\"font-family: sans-serif; font-size: 1em;\">Ce courriel indicatif permet de vous prvenir que le ticket  {{ ticket.ticket }} (\"{{ ticket.title }}\") par {{ ticket.submitter_email }}  a t mis  jour.</p>\r\n\r\n<p style=\"font-family: sans-serif; font-size: 1em;\">\r\n<b>File d\'attente</b>&nbsp;: {{ ticket.ticket }}<br>\r\n<b>Queue</b>&nbsp;: {{ queue.title }}<br>\r\n<b>Titre</b>&nbsp;: {{ ticket.title }}<br>\r\n<b>Ouvert le</b>&nbsp;: {{ ticket.created|date:\"l N jS Y, \\a\\t P\" }}<br>\r\n<b>Soumis par</b>&nbsp;: {{ ticket.submitter_email|default:\"Unknown\" }}<br>\r\n<b>Priorit</b>&nbsp;: {{ ticket.get_priority_display }}<br>\r\n<b>Statut</b>&nbsp;: {{ ticket.get_status }}<br>\r\n<b>Assign </b>&nbsp;: {{ ticket.get_assigned_to }}<br>\r\n<b><a href=\'{{ ticket.staff_url }}\'>Voir le ticket en ligne</a></b> pour le mettre  jour (aprs authentification)</p>\r\n\r\n<p style=\"font-family: sans-serif; font-size: 1em;\">Pour mmoire, la description originelle tait&nbsp;:</p>\r\n\r\n<blockquote style=\"font-family: sans-serif; font-size: 1em;\">{{ ticket.description|linebreaksbr }}</blockquote>\r\n\r\n<p style=\"font-family: sans-serif; font-size: 1em;\">Le commentaire suivant a t ajout :</p>\r\n\r\n<blockquote style=\"font-family: sans-serif; font-size: 1em;\">{{ comment }}</blockquote>\r\n\r\n<p style=\"font-family: Tahoma, Arial, sans-serif; font-size: 11pt;\">Cette information {% if private %} n\' a pas {% else %} a {% endif %} t envoy par mail  l\'metteur.</p>','fr'),(63,'updated_owner','(Mis  jour -  vous)','Ticket mis  jour','Hello,\r\n\r\nCe courriel indicatif permet de vous prvenir que le ticket  {{ ticket.ticket }} (\"{{ ticket.title }}\") par {{ ticket.submitter_email }}, qui vous est assign, a t mis  jour.\r\n\r\nIdentifiant : {{ ticket.ticket }}\r\nFile d\'attente : {{ queue.title }}\r\nTitre : {{ ticket.title }}\r\nOuvert le : {{ ticket.created|date:\"l N jS Y, \\a\\t P\" }}\r\nSoumis par : {{ ticket.submitter_email|default:\"Unknown\" }}\r\nPriorit : {{ ticket.get_priority_display }}\r\nStatut : {{ ticket.get_status }}\r\nAssign  : {{ ticket.get_assigned_to }}\r\nAdresse : {{ ticket.staff_url }}\r\n\r\nDescription originelle :\r\n\r\n{{ ticket.description }}\r\n\r\nLe commentaire suivant a t ajout :\r\n\r\n{{ comment }}\r\n\r\nCette information {% if private %} n\' a pas {% else %} a {% endif %} t envoy par mail  l\'metteur.\r\n\r\n','<p style=\"font-family: sans-serif; font-size: 1em;\">Bonjour,</p>\r\n\r\n<p style=\"font-family: sans-serif; font-size: 1em;\">Ce courriel indicatif permet de vous prvenir que le ticket  {{ ticket.ticket }} (\"{{ ticket.title }}\") par {{ ticket.submitter_email }}, qui vous est assign, a t mis  jour.</p>\r\n\r\n<p style=\"font-family: sans-serif; font-size: 1em;\">\r\n<b>File d\'attente</b>&nbsp;: {{ ticket.ticket }}<br>\r\n<b>Queue</b>&nbsp;: {{ queue.title }}<br>\r\n<b>Titre</b>&nbsp;: {{ ticket.title }}<br>\r\n<b>Ouvert le</b>&nbsp;: {{ ticket.created|date:\"l N jS Y, \\a\\t P\" }}<br>\r\n<b>Soumis par</b>&nbsp;: {{ ticket.submitter_email|default:\"Unknown\" }}<br>\r\n<b>Priorit</b>&nbsp;: {{ ticket.get_priority_display }}<br>\r\n<b>Statut</b>&nbsp;: {{ ticket.get_status }}<br>\r\n<b>Assign </b>&nbsp;: {{ ticket.get_assigned_to }}<br>\r\n<b><a href=\'{{ ticket.staff_url }}\'>Voir le ticket en ligne</a></b> pour le mettre  jour (aprs authentification)</p>\r\n\r\n<p style=\"font-family: sans-serif; font-size: 1em;\">Pour mmoire, la description originelle tait&nbsp;:</p>\r\n\r\n<blockquote style=\"font-family: sans-serif; font-size: 1em;\">{{ ticket.description|linebreaksbr }}</blockquote>\r\n\r\n<p style=\"font-family: sans-serif; font-size: 1em;\">Le commentaire suivant a t ajout :</p>\r\n\r\n<blockquote style=\"font-family: sans-serif; font-size: 1em;\">{{ comment }}</blockquote>\r\n\r\n<p style=\"font-family: Tahoma, Arial, sans-serif; font-size: 11pt;\">Cette information {% if private %} n\' a pas {% else %} a {% endif %} t envoy par mail  l\'metteur.</p>','fr'),(64,'updated_submitter','(Mis  jour)','Votre ticket a t mis  jour','Bonjour,\r\n\r\nVous avez rcemment ouvert chez nous un ticket dont le sujet est \"{{ ticket.title }}\". Ce message vous informe d\'une mise  jour du ticket.\r\n\r\nLe commentaire suivant a t ajout au ticket {{ ticket.ticket }}:\r\n\r\n{{ comment }}\r\n\r\nSi vous voulez nous fournir d\'autres informations, merci de rpondre  ce mail en conservant le sujet tel-quel. Vous pouvez galement voir et mettre  jour ce ticket en ligne  l\'adresse {{ ticket.ticket_url }}','<p style=\"font-family: sans-serif; font-size: 1em;\">Bonjour,</p>\r\n\r\n<p style=\"font-family: sans-serif; font-size: 1em;\">Vous avez rcemment ouvert chez nous un ticket dont le sujet est <i>{{ ticket.title }}</i> . Ce message vous informe d\'une mise  jour du ticket.</p>\r\n\r\n<p style=\"font-family: sans-serif; font-size: 1em;\">Le commentaire suivant a t ajout au ticket <b>{{ ticket.ticket }}</b>:</p>\r\n\r\n<blockquote style=\"font-family: sans-serif; font-size: 1em;\">{{ comment }}</blockquote>\r\n\r\n<p style=\"font-family: sans-serif; font-size: 1em;>\"Si vous voulez nous fournir d\'autres informations, merci de rpondre  ce mail en conservant le sujet tel-quel. Vous pouvez galement voir et mettre  jour ce ticket en ligne  l\'adresse <a href=\"{{ ticket.ticket_url }}\">{{ ticket.ticket_url }}</a>.</p>','fr'),(65,'assigned_cc','(Assegnato)','Ticket Assegnato','Salve,\r\n\r\nTi  stata inviata questa email per informarti che il ticket {{ ticket.ticket }} (\"{{ ticket.title }}\") per {{ ticket.submitter_email }} {% if ticket.assigned_to %} stato assegnato a {{ ticket.assigned_to }}{% else %}non  pi assegnato{% endif %}.\r\n\r\nID Ticket: {{ ticket.ticket }}\r\nCoda: {{ queue.title }}\r\nTitolo: {{ ticket.title }}\r\nAperto: {{ ticket.created|date:\"l N jS Y, \\a\\t P\" }}\r\nInserito da: {{ ticket.submitter_email|default:\"Sconosciuto\" }}\r\nPriorit: {{ ticket.get_priority_display }}\r\nStato: {{ ticket.get_status }}\r\nAssegnato a: {{ ticket.get_assigned_to }}\r\nVedi Online: {{ ticket.staff_url }} (richiede login)\r\n\r\nLa descrizione del ticket era:\r\n\r\n{{ ticket.description }}','<p style=\"font-family: sans-serif; font-size: 1em;\">Salve,</p>\r\n\r\n<p style=\"font-family: sans-serif; font-size: 1em;\">Ti  stata inviata questa email per informarti che il ticket <a href=\"{{ ticket.staff_url }}\"><b>{{ ticket.ticket }}</b></a> (<em>{{ ticket.title }}</em>) per {{ ticket.submitter_email }} {% if ticket.assigned_to %} stato assegnato a {{ ticket.assigned_to }}{% else %}non  pi assegnato{% endif %}.</p>\r\n\r\n<p style=\"font-family: sans-serif; font-size: 1em;\">\r\n<b>Ticket ID</b>: {{ ticket.ticket }}<br>\r\n<b>Coda</b>: {{ queue.title }}<br>\r\n<b>Titolo</b>: {{ ticket.title }}<br>\r\n<b>Aperto</b>: {{ ticket.created|date:\"l N jS Y, \\a\\t P\" }}<br>\r\n<b>Inserito da</b>: {{ ticket.submitter_email|default:\"Sconosciuto\" }}<br>\r\n<b>Priorit</b>: {{ ticket.get_priority_display }}<br>\r\n<b>Stato</b>: {{ ticket.get_status }}<br>\r\n<b>Assegnato a</b>: {{ ticket.get_assigned_to }}<br>\r\n<b><a href=\'{{ ticket.staff_url }}\'>Vedi Online</a></b> per aggiornare questo ticket (richiede login)</p>\r\n\r\n<p style=\"font-family: sans-serif; font-size: 1em;\">Per riferimento, la descrizione del ticket era:</p>\r\n\r\n<blockquote style=\"font-family: sans-serif; font-size: 1em;\">{{ ticket.description|linebreaksbr }}</blockquote>','it'),(66,'assigned_owner','(Assegnato a Te)','Ticket Assegnato a Te','Salve,\r\n\r\nTi  stata inviata questa email per informarti che ti  stato assegnato il ticket {{ ticket.ticket }} (\"{{ ticket.title }}\") per {{ ticket.submitter_email }}.\r\n\r\nID Ticket: {{ ticket.ticket }}\r\nCoda: {{ queue.title }}\r\nTitolo: {{ ticket.title }}\r\nAperto: {{ ticket.created|date:\"l N jS Y, \\a\\t P\" }}\r\nInserito da: {{ ticket.submitter_email|default:\"Sconosciuto\" }}\r\nPriorit: {{ ticket.get_priority_display }}\r\nStato: {{ ticket.get_status }}\r\nAssegnato a: {{ ticket.get_assigned_to }}\r\nVedi Online: {{ ticket.staff_url }} (richiede login)\r\n\r\nLa descrizione del ticket :\r\n\r\n{{ ticket.description }}','<p style=\"font-family: sans-serif; font-size: 1em;\">Salve,</p>\r\n\r\n<p style=\"font-family: sans-serif; font-size: 1em;\">Ti  stata inviata questa email per informarti che ti  stato assegnato il ticket <a href=\"{{ ticket.staff_url }}\"><b>{{ ticket.ticket }}</b></a> (<em>{{ ticket.title }}</em>) per {{ ticket.submitter_email }}.</p>\r\n\r\n<p style=\"font-family: sans-serif; font-size: 1em;\">\r\n<b>Ticket ID</b>: {{ ticket.ticket }}<br>\r\n<b>Coda</b>: {{ queue.title }}<br>\r\n<b>Titolo</b>: {{ ticket.title }}<br>\r\n<b>Aperto</b>: {{ ticket.created|date:\"l N jS Y, \\a\\t P\" }}<br>\r\n<b>Inserito da</b>: {{ ticket.submitter_email|default:\"Sconosciuto\" }}<br>\r\n<b>Priorit</b>: {{ ticket.get_priority_display }}<br>\r\n<b>Stato</b>: {{ ticket.get_status }}<br>\r\n<b>Assegnato a</b>: {{ ticket.get_assigned_to }}<br>\r\n<b><a href=\'{{ ticket.staff_url }}\'>Vedi Online</a></b> per aggiornare questo ticket (richiede login)</p>\r\n\r\n<p style=\"font-family: sans-serif; font-size: 1em;\">La descrizione del ticket :</p>\r\n\r\n<blockquote style=\"font-family: sans-serif; font-size: 1em;\">{{ ticket.description|linebreaksbr }}</blockquote>','it'),(67,'closed_cc','(Closed)','Ticket Chiuso','Salve,\r\n\r\nIl ticket {{ ticket.title }} (\"{{ ticket.title }}\"){% if ticket.assigned_to %}, assegnato a {{ ticket.assigned_to }}{% endif %}  stato chiuso.\r\n\r\nID Ticket: {{ ticket.ticket }}\r\nCoda: {{ queue.title }}\r\nTitolo: {{ ticket.title }}\r\nAperto: {{ ticket.created|date:\"l N jS Y, \\a\\t P\" }}\r\nInserito da: {{ ticket.submitter_email|default:\"Sconosciuto\" }}\r\nPriorit: {{ ticket.get_priority_display }}\r\nStato: {{ ticket.get_status }}\r\nAssegnato a: {{ ticket.get_assigned_to }}\r\nVedi Online: {{ ticket.staff_url }} (richiede login)\r\n\r\nLa descrizione del ticket :\r\n\r\n{{ ticket.description }}\r\n\r\nLa soluzione fornita :\r\n\r\n{{ resolution }}','<p style=\"font-family: sans-serif; font-size: 1em;\">Salve,</p>\r\n\r\n<p style=\"font-family: sans-serif; font-size: 1em;\">Il ticket <i>{{ ticket.title }}</i> (\'{{ ticket.title }}\'){% if ticket.assigned_to %}, assegnato a {{ ticket.get_assigned_to }}{% endif %}  stato chiuso.</p>\r\n\r\n<p style=\"font-family: sans-serif; font-size: 1em;\">\r\n<b>Ticket ID</b>: {{ ticket.ticket }}<br>\r\n<b>Coda</b>: {{ queue.title }}<br>\r\n<b>Titolo</b>: {{ ticket.title }}<br>\r\n<b>Aperto</b>: {{ ticket.created|date:\"l N jS Y, \\a\\t P\" }}<br>\r\n<b>Inserito da</b>: {{ ticket.submitter_email|default:\"Sconosciuto\" }}<br>\r\n<b>Priorit</b>: {{ ticket.get_priority_display }}<br>\r\n<b>Stato</b>: {{ ticket.get_status }}<br>\r\n<b>Assegnato a</b>: {{ ticket.get_assigned_to }}<br>\r\n<b><a href=\'{{ ticket.staff_url }}\'>Vedi Online</a></b> per aggiornare questo ticket (richiede login)</p>\r\n\r\n<p style=\"font-family: sans-serif; font-size: 1em;\">La descrizione del ticket :</p>\r\n\r\n<blockquote style=\"font-family: sans-serif; font-size: 1em;\">{{ ticket.description|linebreaksbr }}</blockquote>\r\n\r\n<p style=\"font-family: sans-serif; font-size: 1em;\">La soluzione fornita :</p>\r\n\r\n<blockquote style=\"font-family: sans-serif; font-size: 1em;\">{{ resolution }}</blockquote>\r\n\r\n<p style=\"font-family: sans-serif; font-size: 1em;\">Se vuoi vedere questo ticket online, puoi visitare l\'indirizzo <a href=\'{{ ticket.staff_url }}\'>{{ ticket.staff_url }}</a>.</p>','it'),(68,'closed_owner','(Chiuso)','Ticket Chiuso','Salve,\r\n\r\nIl seguente ticket, attualmente assegnato a te,  stato chiuso.\r\n\r\nID Ticket: {{ ticket.ticket }}\r\nCoda: {{ queue.title }}\r\nTitolo: {{ ticket.title }}\r\nAperto: {{ ticket.created|date:\"l N jS Y, \\a\\t P\" }}\r\nInserito da: {{ ticket.submitter_email|default:\"Sconosciuto\" }}\r\nPriorit: {{ ticket.get_priority_display }}\r\nStato: {{ ticket.get_status }}\r\nAssegnato a: {{ ticket.get_assigned_to }}\r\nVedi Online: {{ ticket.staff_url }} (richiede login)\r\n\r\nSe vuoi vedere il ticket online, puoi visitare l\'indirizzo {{ ticket.staff_url }}.','<p style=\"font-family: sans-serif; font-size: 1em;\">Salve,</p>\r\n\r\n<p style=\"font-family: sans-serif; font-size: 1em;\">Il seguente ticket, attualmente assegnato a te,  stato chiuso.</p>\r\n\r\n<p style=\"font-family: sans-serif; font-size: 1em;\">\r\n<b>Ticket ID</b>: {{ ticket.ticket }}<br>\r\n<b>Coda</b>: {{ queue.title }}<br>\r\n<b>Titolo</b>: {{ ticket.title }}<br>\r\n<b>Aperto</b>: {{ ticket.created|date:\"l N jS Y, \\a\\t P\" }}<br>\r\n<b>Inserito da</b>: {{ ticket.submitter_email|default:\"Sconosciuto\" }}<br>\r\n<b>Priorit</b>: {{ ticket.get_priority_display }}<br>\r\n<b>Stato</b>: {{ ticket.get_status }}<br>\r\n<b>Assegnato a</b>: {{ ticket.get_assigned_to }}<br>\r\n<b><a href=\'{{ ticket.staff_url }}\'>Vedi Online</a></b> per aggiornare questo ticket (richiede login)</p>\r\n\r\n<p style=\"font-family: sans-serif; font-size: 1em;\">La descrizione del ticket :</p>\r\n\r\n<blockquote style=\"font-family: sans-serif; font-size: 1em;\">{{ ticket.description|linebreaksbr }}</blockquote>\r\n\r\n<p style=\"font-family: sans-serif; font-size: 1em;\">La soluzione fornita :</p>\r\n\r\n<blockquote style=\"font-family: sans-serif; font-size: 1em;\">{{ ticket.resolution }}</blockquote>','it'),(69,'closed_submitter','(Closed)','Ticket Chiuso','Salve,\r\n\r\nHai recentemente inserito un ticket dal titolo \"{{ ticket.title }}\". Questa email ti  inviata come conferma della chiusura del ticket.\r\n\r\nSe ritieni che questo ticket richieda ulteriori attivit, per cortesia faccelo sapere rispondendo a questa email mantenendone invariato l\'oggetto.\r\n\r\nSe vuoi vedere il ticket online, puoi visitare l\'indirizzo {{ ticket.ticket_url }}.\r\n\r\nLa soluzione proposta :\r\n\r\n{{ ticket.resolution }}','<p style=\"font-family: sans-serif; font-size: 1em;\">Salve,</p>\r\n\r\n<p style=\"font-family: sans-serif; font-size: 1em;\">Hai recentemente inserito un ticket dal titolo <i>{{ ticket.title }}</i>. Questa email ti  inviata come conferma della chiusura del ticket.</p>\r\n\r\n<p style=\"font-family: sans-serif; font-size: 1em;\">La soluzione proposta :</p>\r\n\r\n<blockquote style=\"font-family: sans-serif; font-size: 1em;\">{{ ticket.resolution }}</blockquote>\r\n\r\n<p style=\"font-family: sans-serif; font-size: 1em;\">Se vuoi vedere il ticket online, puoi visitare l\'indirizzo <a href=\"{{ ticket.ticket_url }}\">{{ ticket.ticket_url }}</a>. Se ritieni che questo ticket richieda ulteriori attivit, per cortesia faccelo sapere rispondendo a questa email mantenendone invariato l\'oggetto.\r\n</p>','it'),(70,'escalated_cc','(Priorit)','Priorit Aumentata','Salve,\r\n\r\nTi  stata inviata questa email per informarti che la priorit del ticket {{ ticket.ticket }} (\"{{ ticket.title }}\")  stata aumentata automaticamente.\r\n\r\nID Ticket: {{ ticket.ticket }}\r\nCoda: {{ queue.title }}\r\nTitolo: {{ ticket.title }}\r\nAperto: {{ ticket.created|date:\"l N jS Y, \\a\\t P\" }}\r\nInserito da: {{ ticket.submitter_email|default:\"Sconosciuto\" }}\r\nPriorit: {{ ticket.get_priority_display }}\r\nStato: {{ ticket.get_status }}\r\nAssegnato a: {{ ticket.get_assigned_to }}\r\nVedi Online: {{ ticket.staff_url }} (richiede login)\r\n\r\nLa descrizione originale del ticket era:\r\n\r\n{{ ticket.description }}','<p style=\"font-family: sans-serif; font-size: 1em;\">Salve,</p>\r\n\r\n<p style=\"font-family: sans-serif; font-size: 1em;\">Ti  stata inviata questa email per informarti che la priorit del ticket {{ ticket.ticket }} (\"{{ ticket.title }}\")  stata aumentata automaticamente.</p>\r\n\r\n<p style=\"font-family: sans-serif; font-size: 1em;\">\r\n<b>Ticket ID</b>: {{ ticket.ticket }}<br>\r\n<b>Coda</b>: {{ queue.title }}<br>\r\n<b>Titolo</b>: {{ ticket.title }}<br>\r\n<b>Aperto</b>: {{ ticket.created|date:\"l N jS Y, \\a\\t P\" }}<br>\r\n<b>Inserito da</b>: {{ ticket.submitter_email|default:\"Sconosciuto\" }}<br>\r\n<b>Priorit</b>: {{ ticket.get_priority_display }}<br>\r\n<b>Stato</b>: {{ ticket.get_status }}<br>\r\n<b>Assegnato a</b>: {{ ticket.get_assigned_to }}<br>\r\n<b><a href=\'{{ ticket.staff_url }}\'>Vedi Online</a></b> per aggiornare questo ticket (richiede login)</p>\r\n\r\n<p style=\"font-family: sans-serif; font-size: 1em;\">Per riferimento, la descrizione originale del ticket era:</p>\r\n\r\n<blockquote style=\"font-family: sans-serif; font-size: 1em;\">{{ ticket.description|linebreaksbr }}</blockquote>','it'),(71,'escalated_owner','(Priorit)','La Priorit di un Ticket Assegnato a Te  Stata Aumentata','Salve,\r\n\r\nLa priorit di un ticket a te assegnato  stata automaticamente aumentata in quanto questo  rimasto aperto pi del previsto.\r\n\r\nID Ticket: {{ ticket.ticket }}\r\nCoda: {{ queue.title }}\r\nTitolo: {{ ticket.title }}\r\nAperto: {{ ticket.created|date:\"l N jS Y, \\a\\t P\" }}\r\nInserito da: {{ ticket.submitter_email|default:\"Sconosciuto\" }}\r\nPriorit: {{ ticket.get_priority_display }}\r\nStato: {{ ticket.get_status }}\r\nAssegnato a: {{ ticket.get_assigned_to }}\r\nVedi Online: {{ ticket.staff_url }} (richiede login)\r\n\r\nLa descrizione originale del ticket era:\r\n\r\n{{ ticket.description }}\r\n\r\nRiesamina questo ticket e cerca di fornire una soluzione al pi presto.','<p style=\"font-family: sans-serif; font-size: 1em;\">Salve,</p>\r\n\r\n<p style=\"font-family: sans-serif; font-size: 1em;\">La priorit di un ticket a te assegnato  stata automaticamente aumentata in quanto questo  rimasto aperto pi del previsto.</p>\r\n\r\n<p style=\"font-family: sans-serif; font-size: 1em;\">\r\n<b>Ticket ID</b>: {{ ticket.ticket }}<br>\r\n<b>Coda</b>: {{ queue.title }}<br>\r\n<b>Titolo</b>: {{ ticket.title }}<br>\r\n<b>Aperto</b>: {{ ticket.created|date:\"l N jS Y, \\a\\t P\" }}<br>\r\n<b>Inserito da</b>: {{ ticket.submitter_email|default:\"Sconosciuto\" }}<br>\r\n<b>Priorit</b>: {{ ticket.get_priority_display }}<br>\r\n<b>Stato</b>: {{ ticket.get_status }}<br>\r\n<b>Assegnato a</b>: {{ ticket.get_assigned_to }}<br>\r\n<b><a href=\'{{ ticket.staff_url }}\'>Vedi Online</a></b> per aggiornare questo ticket (richiede login)</p>\r\n\r\n<p style=\"font-family: sans-serif; font-size: 1em;\">Per riferimento, la descrizione originale del ticket era:</p>\r\n\r\n<blockquote style=\"font-family: sans-serif; font-size: 1em;\">{{ ticket.description|linebreaksbr }}</blockquote>','it'),(72,'escalated_submitter','(Priorit)','La Priorit del Tuo Ticket  Stata Aumentata','Salve,\r\n\r\nHai recentemente inserito un ticket dal titolo \"{{ ticket.title }}\". Questa email ti  inviata per informarti che la priorit del ticket  stata automaticamente aumentata in quanto questo  rimasto aperto pi a lungo del previsto.\r\n\r\nRiesamineremo a breve il ticket e cercheremo di fornire una soluzione quanto prima.\r\n\r\nSe vuoi visualizzare il ticket online, puoi visitare l\'indirizzo {{ ticket.ticket_url }}.','<p style=\"font-family: sans-serif; font-size: 11pt;\">Salve,</p>\r\n\r\n<p style=\"font-family: sans-serif; font-size: 11pt;\">Hai recentemente inserito un ticket dal titolo <i>{{ ticket.title }}</i>. Questa email ti  inviata per informarti che la priorit del ticket  stata automaticamente aumentata in quanto questo  rimasto aperto pi a lungo del previsto.</p>\r\n\r\n<p style=\"font-family: sans-serif; font-size: 11pt;\">Riesamineremo a breve il ticket e cercheremo di fornire una soluzione quanto prima.</p>\r\n\r\n<p style=\"font-family: sans-serif; font-size: 11pt;\">Se vuoi visualizzare il ticket online, puoi visitare l\'indirizzo <a href=\"{{ ticket.ticket_url }}\">{{ ticket.ticket_url }}</a>.</p>','it'),(73,'newticket_cc','(Aperto)','Nuovo Ticket Aperto','Salve,\r\n\r\nQuesta email ti  stata inviata per informarti che  stato aperto un nuovo ticket.\r\n\r\nID Ticket: {{ ticket.ticket }}\r\nCoda: {{ queue.title }}\r\nTitolo: {{ ticket.title }}\r\nAperto: {{ ticket.created|date:\"l N jS Y, \\a\\t P\" }}\r\nInserito da: {{ ticket.submitter_email|default:\"Sconosciuto\" }}\r\nPriorit: {{ ticket.get_priority_display }}\r\nStato: {{ ticket.get_status }}\r\nVedi Online: {{ ticket.staff_url }} (richiede login)\r\n\r\nDescrizione:\r\n{{ ticket.description }}','<p style=\"font-family: sans-serif; font-size: 1em;\">Salve,</p>\r\n\r\n<p style=\"font-family: sans-serif; font-size: 1em;\">Questa email ti  stata inviata per informarti che  stato aperto un nuovo ticket.</p>\r\n\r\n<p style=\"font-family: sans-serif; font-size: 1em;\">\r\n<b>Ticket ID</b>: {{ ticket.ticket }}<br>\r\n<b>Coda</b>: {{ queue.title }}<br>\r\n<b>Titolo</b>: {{ ticket.title }}<br>\r\n<b>Aperto</b>: {{ ticket.created|date:\"l N jS Y, \\a\\t P\" }}<br>\r\n<b>Inserito da</b>: {{ ticket.submitter_email|default:\"Sconosciuto\" }}<br>\r\n<b>Priorit</b>: {{ ticket.get_priority_display }}<br>\r\n<b>Stato</b>: {{ ticket.get_status }}<br>\r\n<b><a href=\'{{ ticket.staff_url }}\'>Vedi Online</a></b> per aggiornare questo ticket (richiede login)</p>\r\n\r\n<p style=\"font-family: sans-serif; font-size: 1em;\">Descrizione:</p>\r\n\r\n<blockquote style=\"font-family: sans-serif; font-size: 1em;\">{{ ticket.description|linebreaksbr }}</blockquote>','it'),(74,'newticket_submitter','(Aperto)','Il Tuo Ticket  Stato Aperto','Salve,\r\n\r\nQuesta email ti  stata inviata per informarti che abbiamo ricevuto la tua richiesta di assistenza dal titolo \"{{ ticket.title }}\".\r\n\r\nNon  necessario fare altro al momento. Il tuo ticket  identificato dal codice {{ ticket.ticket }}, e verr esaminato al pi presto.\r\n\r\nSe vuoi aggiungere ulteriori dettagli o hai domande sul ticket, rispondi a questa email includendo l\'id \"{{ ticket.ticket }}\" del ticket nell\'oggetto. Il modo pi semplice per farlo  premere il pulsante \"rispondi\" del tuo client di posta.\r\n\r\nSe vuoi vedere questo ticket online per aggiungere ulteriori informazioni, allegare file o vedere gli aggiornamenti, puoi visitare l\'indirizzo {{ ticket.ticket_url }}.\r\n\r\nAnalizzeremo la tua richiesta e cercheremo di risolverla quanto prima. Riceverai successivi aggiornamenti e la notifica di risoluzione a questo indirizzo email.','<p style=\"font-family: sans-serif; font-size: 1em;\">Salve,</p>\r\n\r\n<p style=\"font-family: sans-serif; font-size: 1em;\">Questa email ti  stata inviata per informarti che abbiamo ricevuto la tua richiesta di assistenza dal titolo <i>{{ ticket.title }}</i>.</p>\r\n\r\n<p style=\"font-family: sans-serif; font-size: 1em;\">Non  necessario fare altro al momento. Il tuo ticket  identificato dal codice <b>{{ ticket.ticket }}</b> e verr esaminato al pi presto.</p>\r\n\r\n<p style=\"font-family: sans-serif; font-size: 1em;\">Se vuoi aggiungere ulteriori dettagli o hai domande sul ticket, rispondi a questa email includendo l\'id <b>{{ ticket.ticket}}</b> del ticket nell\'oggetto. Il modo pi semplice per farlo  premere il pulsante \"rispondi\" del tuo client di posta.</p>\r\n\r\n<p style=\"font-family: sans-serif; font-size: 1em;\">Se vuoi vedere questo ticket online per aggiungere ulteriori informazioni, allegare file o vedere gli aggiornamenti, puoi visitare l\'indirizzo <a href=\"{{ ticket.ticket_url }}\">{{ ticket.ticket_url }}</a>.</p>\r\n\r\n<p style=\"font-family: sans-serif; font-size: 1em;\">Analizzeremo la tua richiesta e cercheremo di risolverla quanto prima. Riceverai successivi aggiornamenti e la notifica di risoluzione a questo indirizzo email.</p>','it'),(75,'resolved_cc','(Risolto)','Ticket Risolto','Salve,\r\n\r\nIl seguente ticket  stato risolto:\r\n\r\nID Ticket: {{ ticket.ticket }}\r\nCoda: {{ queue.title }}\r\nTitolo: {{ ticket.title }}\r\nAperto: {{ ticket.created|date:\"l N jS Y, \\a\\t P\" }}\r\nInserito da: {{ ticket.submitter_email|default:\"Sconosciuto\" }}\r\nPriorit: {{ ticket.get_priority_display }}\r\nStato: {{ ticket.get_status }}\r\nAssegnato a: {{ ticket.get_assigned_to }}\r\nVedi Online: {{ ticket.staff_url }} (richiede login)\r\n\r\nLa descrizione del ticket :\r\n\r\n{{ ticket.description }}\r\n\r\nLa risoluzione fornita :\r\n\r\n{{ ticket.resolution }}\r\n\r\nLa risoluzione  stata inviata al proprietario del ticket, che dovr verificarla prima che il ticket possa essere chiuso.','<p style=\"font-family: sans-serif; font-size: 1em;\">Salve,</p>\r\n\r\n<p style=\"font-family: sans-serif; font-size: 1em;\">Il seguente ticket  stato risolto:</p>\r\n\r\n<p style=\"font-family: sans-serif; font-size: 1em;\">\r\n<b>Ticket ID</b>: {{ ticket.ticket }}<br>\r\n<b>Coda</b>: {{ queue.title }}<br>\r\n<b>Titolo</b>: {{ ticket.title }}<br>\r\n<b>Aperto</b>: {{ ticket.created|date:\"l N jS Y, \\a\\t P\" }}<br>\r\n<b>Inserito da</b>: {{ ticket.submitter_email|default:\"Sconosciuto\" }}<br>\r\n<b>Priorit</b>: {{ ticket.get_priority_display }}<br>\r\n<b>Stato</b>: {{ ticket.get_status }}<br>\r\n<b>Assegnato a</b>: {{ ticket.get_assigned_to }}<br>\r\n<b><a href=\'{{ ticket.staff_url }}\'>Vedi Online</a></b> per aggiornare questo ticket (richiede login)</p>\r\n\r\n<p style=\"font-family: sans-serif; font-size: 1em;\">Per riferimento, la descrizione originale del ticket era:</p>\r\n\r\n<blockquote style=\"font-family: sans-serif; font-size: 1em;\">{{ ticket.description|linebreaksbr }}</blockquote>\r\n\r\n<p style=\"font-family: sans-serif; font-size: 1em;\">La risoluzione aggiunta era:</p>\r\n\r\n<blockquote style=\"font-family: sans-serif; font-size: 1em;\">{{ ticket.resolution }}</blockquote>\r\n\r\n<p style=\"font-family: sans-serif; font-size: 1em;\">La risoluzione  stata inviata al proprietario del ticket, che dovr verificarla prima che il ticket possa essere chiuso.</p>','it'),(76,'resolved_owner','(Risolto)','Ticket Risolto','Salve,\r\n\r\nun ticket a te assegnato  stato risolto.\r\n\r\nID Ticket: {{ ticket.ticket }}\r\nCoda: {{ queue.title }}\r\nTitolo: {{ ticket.title }}\r\nAperto: {{ ticket.created|date:\"l N jS Y, \\a\\t P\" }}\r\nInserito da: {{ ticket.submitter_email|default:\"Sconosciuto\" }}\r\nPriorit: {{ ticket.get_priority_display }}\r\nStato: {{ ticket.get_status }}\r\nAssegnato a: {{ ticket.get_assigned_to }}\r\nVedi Online: {{ ticket.staff_url }} (richiede login)\r\n\r\nLa descrizione del ticket :\r\n\r\n{{ ticket.description }}\r\n\r\nLa risoluzione fornita :\r\n\r\n{{ ticket.resolution }}\r\n\r\nLa risoluzione  stata inviata al proprietario del ticket, che dovr verificarla prima che il ticket possa essere chiuso.','<p style=\"font-family: sans-serif; font-size: 1em;\">Salve,</p>\r\n\r\n<p style=\"font-family: sans-serif; font-size: 1em;\">Un ticket a te assegnato  stato risolto.</p>\r\n\r\n<p style=\"font-family: sans-serif; font-size: 1em;\">\r\n<b>Ticket ID</b>: {{ ticket.ticket }}<br>\r\n<b>Coda</b>: {{ queue.title }}<br>\r\n<b>Titolo</b>: {{ ticket.title }}<br>\r\n<b>Aperto</b>: {{ ticket.created|date:\"l N jS Y, \\a\\t P\" }}<br>\r\n<b>Inserito da</b>: {{ ticket.submitter_email|default:\"Sconosciuto\" }}<br>\r\n<b>Priorit</b>: {{ ticket.get_priority_display }}<br>\r\n<b>Stato</b>: {{ ticket.get_status }}<br>\r\n<b>Assegnato a</b>: {{ ticket.get_assigned_to }}<br>\r\n<b><a href=\'{{ ticket.staff_url }}\'>Vedi Online</a></b> per aggiornare questo ticket (richiede login)</p>\r\n\r\n<p style=\"font-family: sans-serif; font-size: 1em;\">La descrizione del ticket :</p>\r\n\r\n<blockquote style=\"font-family: sans-serif; font-size: 1em;\">{{ ticket.description|linebreaksbr }}</blockquote>\r\n\r\n<p style=\"font-family: sans-serif; font-size: 1em;\">La risoluzione fornita :</p>\r\n\r\n<blockquote style=\"font-family: sans-serif; font-size: 1em;\">{{ ticket.resolution }}</blockquote>\r\n\r\n<p style=\"font-family: sans-serif; font-size: 1em;\">La risoluzione  stata inviata al proprietario del ticket, che dovr verificarla prima che il ticket possa essere chiuso.</p>','it'),(77,'resolved_submitter','(Risolto)','Il Tuo Ticket  Stato Risolto','Salve,\r\n\r\nHai recentemente inserito un ticket con titolo \"{{ ticket.title }}\". Questa email ti  stata inviata per informarti della risoluzione del ticket.\r\n\r\nLa seguente risoluzione  stata indicata per il ticket {{ ticket.ticket }}:\r\n\r\n{{ resolution }}\r\n\r\nPuoi per cortesia confermare che questa soluzione risolva i vostri problemi in modo tale da poter chiudere il ticket? Se hai ulteriori domande, o ritieni che la soluzione proposta non sia adeguata, rispondi a questa email mantenendo invariato l\'oggetto.\r\n\r\nSe vuoi vedere il ticket online, puoi visitare l\'indirizzo {{ ticket.ticket_url }}','<p style=\"font-family: sans-serif; font-size: 1em;\">Salve,</p>\r\n\r\n<p style=\"font-family: sans-serif; font-size: 1em;\">Hai recentemente inserito un ticket con titolo <i>{{ ticket.title }}</i>. Questa email ti  stata inviata per informarti della risoluzione del ticket.</p>\r\n\r\n<p style=\"font-family: sans-serif; font-size: 1em;\">La seguente risoluzione  stata indicata per il ticket <b>{{ ticket.ticket }}</b>:</p>\r\n\r\n<blockquote style=\"font-family: sans-serif; font-size: 1em;\">{{ resolution }}</blockquote>\r\n\r\n<p style=\"font-family: sans-serif; font-size: 1em;\">Puoi per cortesia confermare che questa soluzione risolva i vostri problemi in modo tale da poter chiudere il ticket? Se hai ulteriori domande, o ritieni che la soluzione proposta non sia adeguata, rispondi a questa email mantenendo invariato l\'oggetto.</p>\r\n\r\n<p style=\"font-family: sans-serif; font-size: 1em;\">Se vuoi vedere il ticket online, puoi visitare l\'indirizzo <a href=\"{{ ticket.ticket_url }}\">{{ ticket.ticket_url }}</a>.</p>','it'),(78,'updated_cc','(Aggiornato)','Ticket Aggiornato','Salve,\r\n\r\nQuesta email ti  stata inviata per informarti che il ticket {{ ticket.ticket }} (\"{{ ticket.title }}\") per {{ ticket.submitter_email }}  stato aggiornato.\r\n\r\nID Ticket: {{ ticket.ticket }}\r\nCoda: {{ queue.title }}\r\nTitolo: {{ ticket.title }}\r\nAperto: {{ ticket.created|date:\"l N jS Y, \\a\\t P\" }}\r\nInserito da: {{ ticket.submitter_email|default:\"Sconosciuto\" }}\r\nPriorit: {{ ticket.get_priority_display }}\r\nStato: {{ ticket.get_status }}\r\nAssegnato a: {{ ticket.get_assigned_to }}\r\nVedi Online: {{ ticket.staff_url }} (richiede login)\r\n\r\nDescrizione originale:\r\n\r\n{{ ticket.description }}\r\n\r\nIl seguente commento  stato aggiunto:\r\n\r\n{{ comment }}\r\n\r\nQuesta informazione{% if private %} non{% endif %}  stata inviata al proprietario del ticket.\r\n\r\nSe vuoi vedere il ticket online, puoi visitare l\'indirizzo {{ ticket.staff_url }}.','<p style=\"font-family: sans-serif; font-size: 1em;\">Salve,</p>\r\n\r\n<p style=\"font-family: sans-serif; font-size: 1em;\">Questa email ti  stata inviata per informarti che il ticket {{ ticket.ticket }} (\"{{ ticket.title }}\") per {{ ticket.submitter_email }}  stato aggiornato.</p>\r\n\r\n<p style=\"font-family: sans-serif; font-size: 1em;\">\r\n<b>Ticket ID</b>: {{ ticket.ticket }}<br>\r\n<b>Coda</b>: {{ queue.title }}<br>\r\n<b>Titolo</b>: {{ ticket.title }}<br>\r\n<b>Aperto</b>: {{ ticket.created|date:\"l N jS Y, \\a\\t P\" }}<br>\r\n<b>Inserito da</b>: {{ ticket.submitter_email|default:\"Sconosciuto\" }}<br>\r\n<b>Priorit</b>: {{ ticket.get_priority_display }}<br>\r\n<b>Stato</b>: {{ ticket.get_status }}<br>\r\n<b>Assegnato a</b>: {{ ticket.get_assigned_to }}<br>\r\n<b><a href=\'{{ ticket.staff_url }}\'>Vedi Online</a></b> per aggiornare questo ticket (richiede login)</p>\r\n\r\n<p style=\"font-family: sans-serif; font-size: 1em;\">Per riferimento, la descrizione originale era:</p>\r\n\r\n<blockquote style=\"font-family: sans-serif; font-size: 1em;\">{{ ticket.description|linebreaksbr }}</blockquote>\r\n\r\n<p style=\"font-family: sans-serif; font-size: 1em;\">Il seguente commento  stato aggiunto:</p>\r\n\r\n<blockquote style=\"font-family: sans-serif; font-size: 1em;\">{{ comment }}</blockquote>\r\n\r\n<p style=\"font-family: Tahoma, Arial, sans-serif; font-size: 11pt;\">Questa informazione{% if private %} non{% endif %}  stata inviata al proprietario del ticket.</p>','it'),(79,'updated_owner','(Updated)','Ticket Aggiornato','Salve,\r\n\r\nTi  stata inviata questa email per informarti che il ticket {{ ticket.ticket }} (\"{{ ticket.title }}\") per {{ ticket.submitter_email }}, a te assegnato,  stato aggiornato.\r\n\r\nID Ticket: {{ ticket.ticket }}\r\nCoda: {{ queue.title }}\r\nTitolo: {{ ticket.title }}\r\nAperto: {{ ticket.created|date:\"l N jS Y, \\a\\t P\" }}\r\nInserito da: {{ ticket.submitter_email|default:\"Sconosciuto\" }}\r\nPriorit: {{ ticket.get_priority_display }}\r\nStato: {{ ticket.get_status }}\r\nAssegnato a: {{ ticket.get_assigned_to }}\r\nVedi Online: {{ ticket.staff_url }} (richiede login)\r\n\r\nDescrizione originale:\r\n\r\n{{ ticket.description }}\r\n\r\nIl seguente commento  stato aggiunto:\r\n\r\n{{ comment }}\r\n\r\nQuesta informazione{% if private %} non{% endif %}  stata inviata al proprietario del ticket.\r\n\r\nSe vuoi vedere il ticket online, puoi visitare l\'indirizzo {{ ticket.staff_url }}.','<p style=\"font-family: sans-serif; font-size: 1em;\">Salve,</p>\r\n\r\n<p style=\"font-family: sans-serif; font-size: 1em;\">Ti  stata inviata questa email per informarti che il ticket {{ ticket.ticket }} (\"{{ ticket.title }}\") per {{ ticket.submitter_email }}, a te assegnato,  stato aggiornato.</p>\r\n\r\n<p style=\"font-family: sans-serif; font-size: 1em;\">\r\n<b>Ticket ID</b>: {{ ticket.ticket }}<br>\r\n<b>Coda</b>: {{ queue.title }}<br>\r\n<b>Titolo</b>: {{ ticket.title }}<br>\r\n<b>Aperto</b>: {{ ticket.created|date:\"l N jS Y, \\a\\t P\" }}<br>\r\n<b>Inserito da</b>: {{ ticket.submitter_email|default:\"Sconosciuto\" }}<br>\r\n<b>Priorit</b>: {{ ticket.get_priority_display }}<br>\r\n<b>Stato</b>: {{ ticket.get_status }}<br>\r\n<b>Assegnato a</b>: {{ ticket.get_assigned_to }}<br>\r\n<b><a href=\'{{ ticket.staff_url }}\'>Vedi Online</a></b> per aggiornare questo ticket (richiede login)</p>\r\n\r\n<p style=\"font-family: sans-serif; font-size: 1em;\">Per riferimento, la descrizione originale del ticket era:</p>\r\n\r\n<blockquote style=\"font-family: sans-serif; font-size: 1em;\">{{ ticket.description|linebreaksbr }}</blockquote>\r\n\r\n<p style=\"font-family: sans-serif; font-size: 1em;\">Il seguente commento  stato aggiunto:</p>\r\n\r\n<blockquote style=\"font-family: sans-serif; font-size: 1em;\">{{ comment }}</blockquote>\r\n\r\n<p style=\"font-family: Tahoma, Arial, sans-serif; font-size: 11pt;\">Questa informazione{% if private %} non{% endif %}  stata inviata al proprietario del ticket.</p>','it'),(80,'updated_submitter','(Aggiornato)','Il Tuo Ticket  Stato Aggiornato','Salve,\r\n\r\nHai recentemente inserito un ticket con titolo \"{{ ticket.title }}\". Questa email ti  stata inviata per informarti di un aggiornamento alla tua richiesta.\r\n\r\nIl seguente commento  stato aggiunto al ticket {{ ticket.ticket }}:\r\n\r\n{{ comment }}\r\n\r\nPer fornire informazioni aggiuntive, rispondi a questa email mantenendone l\'oggetto invariato. In alternativa,  possibile vedere ed aggiornare il ticket online visitando l\'indirizzo {{ ticket.ticket_url }}\r\n','<p style=\"font-family: sans-serif; font-size: 1em;\">Salve,</p>\r\n\r\n<p style=\"font-family: sans-serif; font-size: 1em;\">Hai recentemente inserito un ticket con titolo <i>{{ ticket.title }}</i>. Questa email ti  stata inviata per informarti di un aggiornamento alla tua richiesta.</p>\r\n\r\n<p style=\"font-family: sans-serif; font-size: 1em;\">Il seguente commento  stato aggiunto al ticket <b>{{ ticket.ticket }}</b>:</p>\r\n\r\n<blockquote style=\"font-family: sans-serif; font-size: 1em;\">{{ comment }}</blockquote>\r\n\r\n<p style=\"font-family: sans-serif; font-size: 1em;\">Per fornire informazioni aggiuntive, rispondi a questa email mantenendone l\'oggetto invariato. In alternativa,  possibile vedere ed aggiornare il ticket online visitando l\'indirizzo <a href=\"{{ ticket.ticket_url }}\">{{ ticket.ticket_url }}</a>.</p>','it'),(81,'assigned_cc','(Asignado)','Ticket asignado','Hola,\r\n\r\nEste e-mail es para informar que el Ticket {{ ticket.ticket }} (\"{{ ticket.title }}\") por {{ ticket.submitter_email }}{% if ticket.assigned_to %} ha sido asignado a {{ ticket.assigned_to }}{% else %} no ha sido asignado{% endif %}.\r\n\r\nTicket ID: {{ ticket.ticket }}\r\nCola: {{ queue.title }}\r\nTtulo: {{ ticket.title }}\r\nCreado: {{ ticket.created|date:\"l N jS Y, \\a\\t P\" }}\r\nRemitente: {{ ticket.submitter_email|default:\"Desconocido\" }}\r\nPrioridad: {{ ticket.get_priority_display }}\r\nEstado: {{ ticket.get_status }}\r\nAsignado a: {{ ticket.get_assigned_to }}\r\nVer online: {{ ticket.staff_url }}\r\n\r\nLa descripcin original es:\r\n\r\n{{ ticket.description }}\r\n\r\n','<p style=\"font-family: sans-serif; font-size: 1em;\">Hola,</p>\r\n\r\n<p style=\"font-family: sans-serif; font-size: 1em;\">Este e-mail es para informar que el Ticket <a href=\"{{ ticket.staff_url }}\"><b>{{ ticket.ticket }}</b></a> (<em>{{ ticket.title }}</em>) por {{ ticket.submitter_email }} {% if ticket.assigned_to %} ha sido asignado a {{ ticket.assigned_to }}{% else %} no ha sido asignado{% endif %}.</p>\r\n\r\n<p style=\"font-family: sans-serif; font-size: 1em;\">\r\n<b>Ticket ID</b>: {{ ticket.ticket }}<br>\r\n<b>Cola</b>: {{ queue.title }}<br>\r\n<b>Ttulo</b>: {{ ticket.title }}<br>\r\n<b>Creado</b>: {{ ticket.created|date:\"l N jS Y, \\a\\t P\" }}<br>\r\n<b>Remitente</b>: {{ ticket.submitter_email|default:\"Desconocido\" }}<br>\r\n<b>Prioridad</b>: {{ ticket.get_priority_display }}<br>\r\n<b>Estado</b>: {{ ticket.get_status }}<br>\r\n<b>Asignado a</b>: {{ ticket.get_assigned_to }}<br>\r\n<b><a href=\'{{ ticket.staff_url }}\'>Ver online</a></b> para actualizar este Ticket (login requerido)</p>\r\n\r\n<p style=\"font-family: sans-serif; font-size: 1em;\">La descripcin original es:</p>\r\n\r\n<blockquote style=\"font-family: sans-serif; font-size: 1em;\">{{ ticket.description|linebreaksbr }}</blockquote>','es'),(82,'assigned_owner','(Asignado a ud)','Le asignaron un Ticket','Hola,\r\n\r\nEste e-mail es para informar que el Ticket {{ ticket.ticket }} (\"{{ ticket.title }}\") por {{ ticket.submitter_email }} ha sido asignado a usted.\r\n\r\nTicket ID: {{ ticket.ticket }}\r\nCola: {{ queue.title }}\r\nTtulo: {{ ticket.title }}\r\nCreado: {{ ticket.created|date:\"l N jS Y, \\a\\t P\" }}\r\nRemitente: {{ ticket.submitter_email|default:\"Desconocido\" }}\r\nPrioridad: {{ ticket.get_priority_display }}\r\nEstado: {{ ticket.get_status }}\r\nAsignado: USTED\r\nVer online: {{ ticket.staff_url }}\r\n\r\nLa descripcin original del ticket es:\r\n\r\n{{ ticket.description }}\r\n\r\n','<p style=\"font-family: sans-serif; font-size: 1em;\">Hola,</p>\r\n\r\n<p style=\"font-family: sans-serif; font-size: 1em;\">Este e-mail es para informar que el Ticket <a href=\"{{ ticket.staff_url }}\"><b>{{ ticket.ticket }}</b></a> (<em>{{ ticket.title }}</em>) por {{ ticket.submitter_email }} ha sido asignado a <b>usted</b>.</p>\r\n\r\n<p style=\"font-family: sans-serif; font-size: 1em;\">\r\n<b>Ticket ID</b>: {{ ticket.ticket }}<br>\r\n<b>Cola</b>: {{ queue.title }}<br>\r\n<b>Ttulo</b>: {{ ticket.title }}<br>\r\n<b>Creado</b>: {{ ticket.created|date:\"l N jS Y, \\a\\t P\" }}<br>\r\n<b>Remitente</b>: {{ ticket.submitter_email|default:\"Desconocido\" }}<br>\r\n<b>Prioridad</b>: {{ ticket.get_priority_display }}<br>\r\n<b>Estado</b>: {{ ticket.get_status }}<br>\r\n<b>Asignado a</b>: USTED<br>\r\n<b><a href=\'{{ ticket.staff_url }}\'>Ver online</a></b> para actualizar el Ticket (login requerido)</p>\r\n\r\n<p style=\"font-family: sans-serif; font-size: 1em;\">La descripcin original es:</p>\r\n\r\n<blockquote style=\"font-family: sans-serif; font-size: 1em;\">{{ ticket.description|linebreaksbr }}</blockquote>','es'),(83,'closed_cc','(Cerrado)','Ticket cerrado','Hola,\r\n\r\nEl Ticket {{ ticket.title }} (\"{{ ticket.title }}\"){% if ticket.assigned_to %}, asignado a {{ ticket.assigned_to }}{% endif %} ha sido cerrado.\r\n\r\nTicket ID: {{ ticket.ticket }}\r\nCola: {{ queue.title }}\r\nTtulo: {{ ticket.title }}\r\nCreado: {{ ticket.created|date:\"l N jS Y, \\a\\t P\" }}\r\nRemitente: {{ ticket.submitter_email|default:\"Desconocido\" }}\r\nPrioridad: {{ ticket.get_priority_display }}\r\nEstado: {{ ticket.get_status }}\r\nAsignado a: {{ ticket.get_assigned_to }}\r\nVer online: {{ ticket.staff_url }} (login requerido)\r\n\r\nLa descripcin original es:\r\n\r\n{{ ticket.description }}\r\n\r\nLa solucin dada fue:\r\n\r\n{{ resolution }}\r\n\r\n','<p style=\"font-family: sans-serif; font-size: 1em;\">Hola,</p>\r\n\r\n<p style=\"font-family: sans-serif; font-size: 1em;\">El Ticket <i>{{ ticket.title }}</i> (\'{{ ticket.title }}\'){% if ticket.assigned_to %}, asignado a {{ ticket.get_assigned_to }}{% endif %} ha sido cerrado.</p>\r\n\r\n<p style=\"font-family: sans-serif; font-size: 1em;\">\r\n<b>Ticket ID</b>: {{ ticket.ticket }}<br>\r\n<b>Cola</b>: {{ queue.title }}<br>\r\n<b>Ttulo</b>: {{ ticket.title }}<br>\r\n<b>Creado</b>: {{ ticket.created|date:\"l N jS Y, \\a\\t P\" }}<br>\r\n<b>Remitente</b>: {{ ticket.submitter_email|default:\"Desconocido\" }}<br>\r\n<b>Prioridad</b>: {{ ticket.get_priority_display }}<br>\r\n<b>Estado</b>: {{ ticket.get_status }}<br>\r\n<b>Asignado a</b>: {{ ticket.get_assigned_to }}<br>\r\n<b><a href=\'{{ ticket.staff_url }}\'>Ver online</a></b> para actualizar este Ticket (login requerido)</p>\r\n\r\n<p style=\"font-family: sans-serif; font-size: 1em;\">La descripcin original es:</p>\r\n\r\n<blockquote style=\"font-family: sans-serif; font-size: 1em;\">{{ ticket.description|linebreaksbr }}</blockquote>\r\n\r\n<p style=\"font-family: sans-serif; font-size: 1em;\">La solucin dada fue:</p>\r\n\r\n<blockquote style=\"font-family: sans-serif; font-size: 1em;\">{{ resolution }}</blockquote>\r\n\r\n<p style=\"font-family: sans-serif; font-size: 1em;\">Para ver este Ticket online, por favor visite <a href=\'{{ ticket.staff_url }}\'>{{ ticket.staff_url }}</a>.</p>','es'),(84,'closed_owner','(Cerrado)','Ticket cerrado','Hola,\r\n\r\nEl siguiente Ticket asignado a usted ha sido cerrado.\r\n\r\nTicket ID: {{ ticket.ticket }}\r\nCola: {{ queue.title }}\r\nTtulo: {{ ticket.title }}\r\nCreado: {{ ticket.created|date:\"l N jS Y, \\a\\t P\" }}\r\nRemitente: {{ ticket.submitter_email|default:\"Desconocido\" }}\r\nPrioridad: {{ ticket.get_priority_display }}\r\nEstado: {{ ticket.get_status }}\r\nAsignado a: {{ ticket.get_assigned_to }}\r\nVer online: {{ ticket.staff_url }} (login requerido)\r\n\r\nPara ver este Ticket online, por favor visite {{ ticket.staff_url }}.\r\n\r\n','<p style=\"font-family: sans-serif; font-size: 1em;\">Hola,</p>\r\n\r\n<p style=\"font-family: sans-serif; font-size: 1em;\">El siguiente Ticket asignado a usted ha sido cerrado.</p>\r\n\r\n<p style=\"font-family: sans-serif; font-size: 1em;\">\r\n<b>Ticket ID</b>: {{ ticket.ticket }}<br>\r\n<b>Cola</b>: {{ queue.title }}<br>\r\n<b>Ttulo</b>: {{ ticket.title }}<br>\r\n<b>Creado</b>: {{ ticket.created|date:\"l N jS Y, \\a\\t P\" }}<br>\r\n<b>Remitente</b>: {{ ticket.submitter_email|default:\"Desconocido\" }}<br>\r\n<b>Prioridad</b>: {{ ticket.get_priority_display }}<br>\r\n<b>Estado</b>: {{ ticket.get_status }}<br>\r\n<b>Asignado a</b>: {{ ticket.get_assigned_to }}<br>\r\n<b><a href=\'{{ ticket.staff_url }}\'>Ver online</a></b> para actualizar este Ticket (login requerido)</p>\r\n\r\n<p style=\"font-family: sans-serif; font-size: 1em;\">La descripcin original es:</p>\r\n\r\n<blockquote style=\"font-family: sans-serif; font-size: 1em;\">{{ ticket.description|linebreaksbr }}</blockquote>\r\n\r\n<p style=\"font-family: sans-serif; font-size: 1em;\">La solucin dada fue:</p>\r\n\r\n<blockquote style=\"font-family: sans-serif; font-size: 1em;\">{{ ticket.resolution }}</blockquote>','es'),(85,'closed_submitter','(cerrado)','Ticket cerrado','Hola,\r\n\r\nRecientemente usted envi el Ticket \"{{ ticket.title }}\". Este e-mail es para confirmar que el Ticket ha sido cerrado.\r\n\r\nSi cree que se requiere trabajo adicional, por favor djanoslo saber respondiendo a este correo dejando el asunto intacto.\r\n\r\nPara ver este Ticket online, por favor visite {{ ticket.ticket_url }}.\r\n\r\nLa solucin dada fue:\r\n\r\n{{ ticket.resolution }}\r\n\r\n','<p style=\"font-family: sans-serif; font-size: 1em;\">Hola,</p>\r\n\r\n<p style=\"font-family: sans-serif; font-size: 1em;\">Recientemente usted envi el Ticket <i>{{ ticket.title }}</i>. Este e-mail es para confirmar que el Ticket ha sido cerrado.</p>\r\n\r\n<p style=\"font-family: sans-serif; font-size: 1em;\">La solucin dada es:</p>\r\n\r\n<blockquote style=\"font-family: sans-serif; font-size: 1em;\">{{ ticket.resolution }}</blockquote>\r\n\r\n<p style=\"font-family: sans-serif; font-size: 1em;\">Para ver este Ticket online, por favor visite <a href=\"{{ ticket.ticket_url }}\">{{ ticket.ticket_url }}</a>. Si cree que se requiere trabajo adicional, por favor djanoslo saber respondiendo a este correo dejando el asunto intacto.</p>','es'),(86,'escalated_cc','(Escalado)','Ticket escalado','Hola,\r\n\r\nEste e-mail es para informar que el Ticket {{ ticket.ticket }} (\"{{ ticket.title }}\") ha sido escalado automticamente.\r\n\r\nTicket ID: {{ ticket.ticket }}\r\nCola: {{ queue.title }}\r\nTtulo: {{ ticket.title }}\r\nCreado: {{ ticket.created|date:\"l N jS Y, \\a\\t P\" }}\r\nRemitente: {{ ticket.submitter_email|default:\"Desconocido\" }}\r\nPrioridad: {{ ticket.get_priority_display }}\r\nEstado: {{ ticket.get_status }}\r\nAsignado a: {{ ticket.get_assigned_to }}\r\nVer online: {{ ticket.staff_url }} (login requerido)\r\n\r\nLa descripcin original es:\r\n\r\n{{ ticket.description }}\r\n\r\n','<p style=\"font-family: sans-serif; font-size: 1em;\">Hola,</p>\r\n\r\n<p style=\"font-family: sans-serif; font-size: 1em;\">Este e-mail es para informar que el Ticket <i>{{ ticket.ticket }}</i> (\'{{ ticket.title }}\') ha sido escalado automticamente.</p>\r\n\r\n<p style=\"font-family: sans-serif; font-size: 1em;\">\r\n<b>Ticket ID</b>: {{ ticket.ticket }}<br>\r\n<b>Cola</b>: {{ queue.title }}<br>\r\n<b>Ttulo</b>: {{ ticket.title }}<br>\r\n<b>Creado</b>: {{ ticket.created|date:\"l N jS Y, \\a\\t P\" }}<br>\r\n<b>Remitente</b>: {{ ticket.submitter_email|default:\"Desconocido\" }}<br>\r\n<b>Prioridad</b>: {{ ticket.get_priority_display }}<br>\r\n<b>Estado</b>: {{ ticket.get_status }}<br>\r\n<b>Asignado a</b>: {{ ticket.get_assigned_to }}<br>\r\n<b><a href=\'{{ ticket.staff_url }}\'>Ver online</a></b> para actualizar este Ticket (login requerido)</p>\r\n\r\n<p style=\"font-family: sans-serif; font-size: 1em;\">La descripcin original es:</p>\r\n\r\n<blockquote style=\"font-family: sans-serif; font-size: 1em;\">{{ ticket.description|linebreaksbr }}</blockquote>','es'),(87,'escalated_submitter','(Escalado)','Su Ticket ha sido escalado','Hola,\r\n\r\nRecientemente usted envi el Ticket \"{{ ticket.title }}\". Este e-mail es para informarle que su Ticket ha sido escalado ya que ha estado abierto por mas tiempo del esperado.\r\n\r\nSe revisar su Ticket para darle una solucin tan pronto como sea posible.\r\n\r\nPara ver este Ticket online, por favor visite {{ ticket.ticket_url }}.\r\n\r\n','<p style=\"font-family: sans-serif; font-size: 11pt;\">Hola,</p>\r\n\r\n<p style=\"font-family: sans-serif; font-size: 11pt;\">Recientemente usted envi el Ticket <i>{{ ticket.title }}</i>. Este e-mail es para informarle que su Ticket ha sido escalado ya que ha estado abierto por mas tiempo del esperado.</p>\r\n\r\n<p style=\"font-family: sans-serif; font-size: 11pt;\">Se revisar su Ticket para darle una solucin tan pronto como sea posible.</p>\r\n\r\n<p style=\"font-family: sans-serif; font-size: 11pt;\">Para ver este Ticket online, por favor visite <a href=\"{{ ticket.ticket_url }}\">{{ ticket.ticket_url }}</a>.</p>','es'),(88,'escalated_owner','(Escalado)','El Ticket asignado a usted ha sido escalado','Hola,\r\n\r\nUn Ticket asignado a usted ha sido automaticamente escalado ya que ha estado abierto por mas tiempo del esperado.\r\n\r\nTicket ID: {{ ticket.ticket }}\r\nCola: {{ queue.title }}\r\nTtulo: {{ ticket.title }}\r\nCreado: {{ ticket.created|date:\"l N jS Y, \\a\\t P\" }}\r\nRemitente: {{ ticket.submitter_email|default:\"Desconocido\" }}\r\nPrioridad: {{ ticket.get_priority_display }}\r\nEstado: {{ ticket.get_status }}\r\nAsignado a: {{ ticket.get_assigned_to }}\r\nVer online: {{ ticket.staff_url }} (login requerido)\r\n\r\nLa descripcin original es::\r\n\r\n{{ ticket.description }}\r\n\r\nPor favor revisar este Ticket e intentar dar una solucin tan pronto como sea posible.\r\n\r\n','<p style=\"font-family: sans-serif; font-size: 1em;\">Hola,</p>\r\n\r\n<p style=\"font-family: sans-serif; font-size: 1em;\">Un Ticket asignado a usted ha sido automaticamente escalado ya que ha estado abierto por mas tiempo del esperado.</p>\r\n\r\n<p style=\"font-family: sans-serif; font-size: 1em;\">\r\n<b>Ticket ID</b>: {{ ticket.ticket }}<br>\r\n<b>Cola</b>: {{ queue.title }}<br>\r\n<b>Ttulo</b>: {{ ticket.title }}<br>\r\n<b>Creado</b>: {{ ticket.created|date:\"l N jS Y, \\a\\t P\" }}<br>\r\n<b>Remitente</b>: {{ ticket.submitter_email|default:\"Desconocido\" }}<br>\r\n<b>Prioridad</b>: {{ ticket.get_priority_display }}<br>\r\n<b>Estado</b>: {{ ticket.get_status }}<br>\r\n<b>Asignado a</b>: {{ ticket.get_assigned_to }}<br>\r\n<b><a href=\'{{ ticket.staff_url }}\'>Ver online</a></b> para actualizar este Ticket (login requerido)</p>\r\n\r\n<p style=\"font-family: sans-serif; font-size: 1em;\">La descripcin original es:</p>\r\n\r\n<blockquote style=\"font-family: sans-serif; font-size: 1em;\">{{ ticket.description|linebreaksbr }}</blockquote>','es'),(89,'newticket_cc','(Creado)','Nuevo Ticket creado','Hola,\r\n\r\nEste e-mail es para informar que un Ticket ha sido creado.\r\n\r\nTicket ID: {{ ticket.ticket }}\r\nCola: {{ queue.title }}\r\nTtulo: {{ ticket.title }}\r\nCreado: {{ ticket.created|date:\"l N jS Y, \\a\\t P\" }}\r\nRemitente: {{ ticket.submitter_email|default:\"Desconocido\" }}\r\nPrioridad: {{ ticket.get_priority_display }}\r\nEstado: {{ ticket.get_status }}\r\nVer online: {{ ticket.staff_url }} (login requerido)\r\n\r\nDescripcin:\r\n{{ ticket.description }}\r\n\r\n','<p style=\"font-family: sans-serif; font-size: 1em;\">Hola,</p>\r\n\r\n<p style=\"font-family: sans-serif; font-size: 1em;\">Este e-mail es para informar que un Ticket ha sido creado.</p>\r\n\r\n<p style=\"font-family: sans-serif; font-size: 1em;\">\r\n<b>Ticket ID</b>: {{ ticket.ticket }}<br>\r\n<b>Cola</b>: {{ queue.title }}<br>\r\n<b>Ttulo</b>: {{ ticket.title }}<br>\r\n<b>Creado</b>: {{ ticket.created|date:\"l N jS Y, \\a\\t P\" }}<br>\r\n<b>Remitente</b>: {{ ticket.submitter_email|default:\"Desconocido\" }}<br>\r\n<b>Prioridad</b>: {{ ticket.get_priority_display }}<br>\r\n<b>Estado</b>: {{ ticket.get_status }}<br>\r\n<b><a href=\'{{ ticket.staff_url }}\'>Ver online</a></b> para actualizar este Ticket (login requerido)</p>\r\n\r\n<p style=\"font-family: sans-serif; font-size: 1em;\">Descripcin:</p>\r\n\r\n<blockquote style=\"font-family: sans-serif; font-size: 1em;\">{{ ticket.description|linebreaksbr }}</blockquote>','es'),(90,'newticket_submitter','(Creado)','Su Ticket ha sido creado','Hola,\r\n\r\nEste e-mail es para informar que recibimos su consulta \"{{ ticket.title }}\". \r\n\r\nUsted no debe realizar nada en este momento. Su Ticket est identificado con el nmero {{ ticket.ticket }} y ser respondido prontamente.\r\n\r\nSi desea enviar detalles adicionales, o si tiene cualquier consulta con respecto a este Ticket por favor incluya el Ticket ID \'{{ ticket.ticket }}\' en el asunto. La manera mas fcil de hacerlo es presionando el botn de \"respuesta\" a este mensaje.\r\n\r\nPara ver este Ticket online y proveer informacin adicional, aadir archivos adjuntos o ver actualizaciones recientes, por favor visite {{ ticket.ticket_url }}.\r\n\r\nNosotros trabajaremos en su consulta y la resolveremos tan pronto como sea posible. Usted recibir actualizaciones y la solucin a su consulta a travs de este e-mail.\r\n','<p style=\"font-family: sans-serif; font-size: 1em;\">Hola,</p>\r\n\r\n<p style=\"font-family: sans-serif; font-size: 1em;\">Este e-mail es para informar que recibimos su consulta <i>{{ ticket.title }}</i>.</p>\r\n\r\n<p style=\"font-family: sans-serif; font-size: 1em;\">Usted no debe realizar nada en este momento. Su Ticket est identificado con el nmero <b>{{ ticket.ticket }}</b> y ser respondido prontamente.</p>\r\n\r\n<p style=\"font-family: sans-serif; font-size: 1em;\">Si desea enviar detalles adicionales, o si tiene cualquier consulta con respecto a este Ticket por favor incluya el Ticket ID <b>{{ ticket.ticket }}</b> en el asunto. La manera mas fcil de hacerlo es presionando el botn de \"respuesta\" a este mensaje.</p>\r\n\r\n<p style=\"font-family: sans-serif; font-size: 1em;\">Para ver este Ticket online y proveer informacin adicional, aadir archivos adjuntos o ver actualizaciones recientes, por favor visite <a href=\"{{ ticket.ticket_url }}\">{{ ticket.ticket_url }}</a>.</p>\r\n\r\n<p style=\"font-family: sans-serif; font-size: 1em;\">Nosotros trabajaremos en su consulta y la resolveremos tan pronto como sea posible. Usted recibir actualizaciones y la solucin a su consulta a travs de este e-mail.</p>','es'),(91,'resolved_cc','(Resuelto)','Ticket resuelto','Hola,\r\n\r\nEl siguiente Ticket ha sido resuelto:\r\n\r\nTicket ID: {{ ticket.ticket }}\r\nCola: {{ queue.title }}\r\nTtulo: {{ ticket.title }}\r\nCreado: {{ ticket.created|date:\"l N jS Y, \\a\\t P\" }}\r\nRemitente: {{ ticket.submitter_email|default:\"Desconocido\" }}\r\nPrioridad: {{ ticket.get_priority_display }}\r\nEstado: {{ ticket.get_status }}\r\nAsignado a: {{ ticket.get_assigned_to }}\r\nVer online: {{ ticket.staff_url }} (login requerido)\r\n\r\nLa descripcin original es:\r\n\r\n{{ ticket.description }}\r\n\r\nLa solucin dada fue:\r\n\r\n{{ ticket.resolution }}\r\n\r\nEsta solucion ha sido enviada al remitente, quien realizar la verificacin antes de que pueda cerrar el Ticket.\r\n\r\n','<p style=\"font-family: sans-serif; font-size: 1em;\">Hola,</p>\r\n\r\n<p style=\"font-family: sans-serif; font-size: 1em;\">El siguiente Ticket ha sido resuelto.</p>\r\n\r\n<p style=\"font-family: sans-serif; font-size: 1em;\">\r\n<b>Ticket ID</b>: {{ ticket.ticket }}<br>\r\n<b>Cola</b>: {{ queue.title }}<br>\r\n<b>Ttulo</b>: {{ ticket.title }}<br>\r\n<b>Creado</b>: {{ ticket.created|date:\"l N jS Y, \\a\\t P\" }}<br>\r\n<b>Remitente</b>: {{ ticket.submitter_email|default:\"Desconocido\" }}<br>\r\n<b>Prioridad</b>: {{ ticket.get_priority_display }}<br>\r\n<b>Estado</b>: {{ ticket.get_status }}<br>\r\n<b>Asignado a</b>: {{ ticket.get_assigned_to }}<br>\r\n<b><a href=\'{{ ticket.staff_url }}\'>Ver online</a></b> para actualizar este Ticket (login requerido)</p>\r\n\r\n<p style=\"font-family: sans-serif; font-size: 1em;\">La descripcin original es:</p>\r\n\r\n<blockquote style=\"font-family: sans-serif; font-size: 1em;\">{{ ticket.description|linebreaksbr }}</blockquote>\r\n\r\n<p style=\"font-family: sans-serif; font-size: 1em;\">La solucin dada fue:</p>\r\n\r\n<blockquote style=\"font-family: sans-serif; font-size: 1em;\">{{ ticket.resolution }}</blockquote>\r\n\r\n<p style=\"font-family: sans-serif; font-size: 1em;\">Esta solucion ha sido enviada al remitente, quien realizar la verificacin antes de que pueda cerrar el Ticket.</p>','es'),(92,'resolved_owner','(Resuelto)','Ticket resuelto','Hola,\r\n\r\nUn ticket asignado a usted ha sido resuelto.\r\n\r\nTicket ID: {{ ticket.ticket }}\r\nCola: {{ queue.title }}\r\nTtulo: {{ ticket.title }}\r\nCreado: {{ ticket.created|date:\"l N jS Y, \\a\\t P\" }}\r\nRemitente: {{ ticket.submitter_email|default:\"Desconocido\" }}\r\nPrioridad: {{ ticket.get_priority_display }}\r\nEstado: {{ ticket.get_status }}\r\nAsignado a: {{ ticket.get_assigned_to }}\r\nVer online: {{ ticket.staff_url }} (login requerido)\r\n\r\nLa descripcin original es:\r\n\r\n{{ ticket.description }}\r\n\r\nLa solucin dada fue:\r\n\r\n{{ ticket.resolution }}\r\n\r\nEsta solucin ha sido enviada al remitente, quien realizar la verificacin antes de que pueda cerrar el Ticket.\r\n\r\n','<p style=\"font-family: sans-serif; font-size: 1em;\">Hola,</p>\r\n\r\n<p style=\"font-family: sans-serif; font-size: 1em;\">Un ticket asignado a usted ha sido resuelto.</p>\r\n\r\n<p style=\"font-family: sans-serif; font-size: 1em;\">\r\n<b>Ticket ID</b>: {{ ticket.ticket }}<br>\r\n<b>Cola</b>: {{ queue.title }}<br>\r\n<b>Ttulo</b>: {{ ticket.title }}<br>\r\n<b>Creado</b>: {{ ticket.created|date:\"l N jS Y, \\a\\t P\" }}<br>\r\n<b>Remitente</b>: {{ ticket.submitter_email|default:\"Desconocido\" }}<br>\r\n<b>Prioridad</b>: {{ ticket.get_priority_display }}<br>\r\n<b>Estado</b>: {{ ticket.get_status }}<br>\r\n<b>Asignado a</b>: {{ ticket.get_assigned_to }}<br>\r\n<b><a href=\'{{ ticket.staff_url }}\'>Ver online</a></b> para actualizar este Ticket (login requerido)</p>\r\n\r\n<p style=\"font-family: sans-serif; font-size: 1em;\">La descripcin original es:</p>\r\n\r\n<blockquote style=\"font-family: sans-serif; font-size: 1em;\">{{ ticket.description|linebreaksbr }}</blockquote>\r\n\r\n<p style=\"font-family: sans-serif; font-size: 1em;\">La solucin dada fue:</p>\r\n\r\n<blockquote style=\"font-family: sans-serif; font-size: 1em;\">{{ ticket.resolution }}</blockquote>\r\n\r\n<p style=\"font-family: sans-serif; font-size: 1em;\">Esta solucion ha sido enviada al remitente, quien realizar la verificacin antes de que pueda cerrar el Ticket.</p>','es'),(93,'resolved_submitter','(Resuelto)','Su Ticket ha sido resuelto','Hola,\r\n\r\nRecientemente usted envi el Ticket \"{{ ticket.title }}\". Este e-mail es para informar que su Ticket ha sido resuelto.\r\n\r\nLa siguiente solucin fue dada a su Ticket {{ ticket.ticket }}:\r\n\r\n{{ resolution }}\r\n\r\nPuede confirmar que esta solucin cumple con lo que necesita para cerrar este Ticket? Si tiene otras consultas, o cree que esta solucin no es la adecuada, por favor responda este mensaje manteniendo el asunto intacto.\r\n\r\nSi desea ver este Ticket online, por favor visite {{ ticket.ticket_url }}\r\n\r\n','<p style=\"font-family: sans-serif; font-size: 1em;\">Hola,</p>\r\n\r\n<p style=\"font-family: sans-serif; font-size: 1em;\">Recientemente usted envi el Ticket <i>{{ ticket.title }}</i>. Este e-mail es para informar que su Ticket ha sido resuelto.</p>\r\n\r\n<p style=\"font-family: sans-serif; font-size: 1em;\">La siguiente solucin fue dada a su Ticket <b>{{ ticket.ticket }}</b>:</p>\r\n\r\n<blockquote style=\"font-family: sans-serif; font-size: 1em;\">{{ resolution }}</blockquote>\r\n\r\n<p style=\"font-family: sans-serif; font-size: 1em;\">Puede confirmar que esta solucin cumple con lo que necesita para cerrar este Ticket? Si tiene otras consultas, o cree que esta solucin no es la adecuada, por favor responda este mensaje manteniendo el asunto intacto.</p>\r\n\r\n<p style=\"font-family: sans-serif; font-size: 1em;\">Si desea ver este Ticket online, por favor visite <a href=\"{{ ticket.ticket_url }}\">{{ ticket.ticket_url }}</a>.</p>','es'),(94,'updated_cc','(Actualizado)','Ticket actualizado','Hola,\r\n\r\nEste e-mail es para informar que el Ticket {{ ticket.ticket }} (\"{{ ticket.title }}\") por {{ ticket.submitter_email }} ha sido actualizado.\r\n\r\nTicket ID: {{ ticket.ticket }}\r\nCola: {{ queue.title }}\r\nTtulo: {{ ticket.title }}\r\nCreado: {{ ticket.created|date:\"l N jS Y, \\a\\t P\" }}\r\nRemitente: {{ ticket.submitter_email|default:\"Desconocido\" }}\r\nPrioridad: {{ ticket.get_priority_display }}\r\nEstado: {{ ticket.get_status }}\r\nAsignado a: {{ ticket.get_assigned_to }}\r\nVer online: {{ ticket.staff_url }} (login requerido)\r\n\r\nDescripcin:\r\n\r\n{{ ticket.description }}\r\n\r\nSe agreg el siguiente comentario:\r\n\r\n{{ comment }}\r\n\r\nEsta informacin {% if private %}no {% endif %} fue enviada al remitente.\r\n\r\nSi desea ver este Ticket online, por favor visite {{ ticket.staff_url }}.\r\n\r\n','<p style=\"font-family: sans-serif; font-size: 1em;\">Hola,</p>\r\n\r\n<p style=\"font-family: sans-serif; font-size: 1em;\">Este e-mail es para informar que el Ticket {{ ticket.ticket }} (\"{{ ticket.title }}\") por {{ ticket.submitter_email }} ha sido actualizado.</p>\r\n\r\n<p style=\"font-family: sans-serif; font-size: 1em;\">\r\n<b>Ticket ID</b>: {{ ticket.ticket }}<br>\r\n<b>Cola</b>: {{ queue.title }}<br>\r\n<b>Ttulo</b>: {{ ticket.title }}<br>\r\n<b>Creado</b>: {{ ticket.created|date:\"l N jS Y, \\a\\t P\" }}<br>\r\n<b>Remitente</b>: {{ ticket.submitter_email|default:\"Desconocido\" }}<br>\r\n<b>Prioridad</b>: {{ ticket.get_priority_display }}<br>\r\n<b>Estado</b>: {{ ticket.get_status }}<br>\r\n<b>Asignado a</b>: {{ ticket.get_assigned_to }}<br>\r\n<b><a href=\'{{ ticket.staff_url }}\'>Ver online</a></b> para actualizar este Ticket (login requerido)</p>\r\n\r\n<p style=\"font-family: sans-serif; font-size: 1em;\">La descripcin original es:</p>\r\n\r\n<blockquote style=\"font-family: sans-serif; font-size: 1em;\">{{ ticket.description|linebreaksbr }}</blockquote>\r\n\r\n<p style=\"font-family: sans-serif; font-size: 1em;\">Se agreg el siguiente comentario:</p>\r\n\r\n<blockquote style=\"font-family: sans-serif; font-size: 1em;\">{{ comment }}</blockquote>\r\n\r\n<p style=\"font-family: Tahoma, Arial, sans-serif; font-size: 11pt;\">Esta informacin {% if private %}no {% endif %} fue enviada al remitente.</p>','es'),(95,'updated_owner','(Actualizado)','Ticket actualizado','Hola,\r\n\r\nEste e-mail es para informar que el Ticket {{ ticket.ticket }} (\"{{ ticket.title }}\") por {{ ticket.submitter_email }}, que le fue asignado, ha sido actualizado.\r\n\r\nTicket ID: {{ ticket.ticket }}\r\nCola: {{ queue.title }}\r\nTtulo: {{ ticket.title }}\r\nCreado: {{ ticket.created|date:\"l N jS Y, \\a\\t P\" }}\r\nRemitente: {{ ticket.submitter_email|default:\"Desconocido\" }}\r\nPrioridad: {{ ticket.get_priority_display }}\r\nEstado: {{ ticket.get_status }}\r\nAsignado a: {{ ticket.get_assigned_to }}\r\nVer online: {{ ticket.staff_url }} (login requerido)\r\n\r\nDescripcin original:\r\n\r\n{{ ticket.description }}\r\n\r\nSe agreg el siguiente comentario:\r\n\r\n{{ comment }}\r\n\r\nEsta informacin {% if private %}no {% endif %} fue enviada al remitente.\r\n\r\nSi desea ver este Ticket online, por favor visite {{ ticket.staff_url }}\r\n\r\n','<p style=\"font-family: sans-serif; font-size: 1em;\">Hola,</p>\r\n\r\n<p style=\"font-family: sans-serif; font-size: 1em;\">Este e-mail es para informar que el Ticket {{ ticket.ticket }} (\"{{ ticket.title }}\") por {{ ticket.submitter_email }}, que le fue asignado, ha sido actualizado.</p>\r\n\r\n<p style=\"font-family: sans-serif; font-size: 1em;\">\r\n<b>Ticket ID</b>: {{ ticket.ticket }}<br>\r\n<b>Cola</b>: {{ queue.title }}<br>\r\n<b>Ttulo</b>: {{ ticket.title }}<br>\r\n<b>Creado</b>: {{ ticket.created|date:\"l N jS Y, \\a\\t P\" }}<br>\r\n<b>Remitente</b>: {{ ticket.submitter_email|default:\"Desconocido\" }}<br>\r\n<b>Prioridad</b>: {{ ticket.get_priority_display }}<br>\r\n<b>Estado</b>: {{ ticket.get_status }}<br>\r\n<b>Asignado a</b>: {{ ticket.get_assigned_to }}<br>\r\n<b><a href=\'{{ ticket.staff_url }}\'>Ver online</a></b> para actualizar este Ticket (login requerido)</p>\r\n\r\n<p style=\"font-family: sans-serif; font-size: 1em;\">La descripcin original es:</p>\r\n\r\n<blockquote style=\"font-family: sans-serif; font-size: 1em;\">{{ ticket.description|linebreaksbr }}</blockquote>\r\n\r\n<p style=\"font-family: sans-serif; font-size: 1em;\">Se agreg el siguiente comentario:</p>\r\n\r\n<blockquote style=\"font-family: sans-serif; font-size: 1em;\">{{ comment }}</blockquote>\r\n\r\n<p style=\"font-family: Tahoma, Arial, sans-serif; font-size: 11pt;\">Esta informacin {% if private %}no {% endif %} fue enviada al remitente.</p>','es'),(96,'updated_submitter','(Actualizado)','Su Ticket ha sido actualizado','Hola,\r\n\r\nRecientemente usted envi el Ticket \"{{ ticket.title }}\". Este correo es para informar que su Ticket ha sido actualizado.\r\n\r\nSe agreg el siguiente comentario al Ticket {{ ticket.ticket }}:\r\n\r\n{{ comment }}\r\n\r\nSi necesita agregar informacin adicional por favor responda a este mensaje manteniendo el asunto intacto. Por otro lado, usted puede ver y actualizar la informacin de este Ticket visitando {{ ticket.ticket_url }}\r\n\r\n','<p style=\"font-family: sans-serif; font-size: 1em;\">Hola,</p>\r\n\r\n<p style=\"font-family: sans-serif; font-size: 1em;\">Recientemente usted envi el Ticket <i>{{ ticket.title }}</i>. Este correo es para informar que su Ticket ha sido actualizado.</p>\r\n\r\n<p style=\"font-family: sans-serif; font-size: 1em;\">Se agreg el siguiente comentario al Ticket <b>{{ ticket.ticket }}</b>:</p>\r\n\r\n<blockquote style=\"font-family: sans-serif; font-size: 1em;\">{{ comment }}</blockquote>\r\n\r\n<p style=\"font-family: sans-serif; font-size: 1em;\">Si necesita agregar informacin adicional por favor responda a este mensaje manteniendo el asunto intacto. Por otro lado, usted puede ver y actualizar la informacin de este Ticket visitando <a href=\"{{ ticket.ticket_url }}\">{{ ticket.ticket_url }}</a>.</p>','es'),(97,'assigned_cc','()','',',\r\n\r\n, {{ ticket.submitter_email }} {{ ticket.ticket }} (\"{{ ticket.title }}\")  {% if ticket.assigned_to %} {{ ticket.assigned_to }}{% else %}{% endif %}.\r\n\r\n ID: {{ ticket.ticket }}\r\n: {{ queue.title }}\r\n: {{ ticket.title }}\r\n: {{ ticket.created|date:\"l N jS Y, \\a\\t P\" }}\r\n: {{ ticket.submitter_email|default:\"Unknown\" }}\r\n:{{ ticket.get_priority_display }}\r\n: {{ ticket.get_status }}\r\n: {{ ticket.get_assigned_to }}\r\n: {{ ticket.staff_url }}\r\n\r\n:\r\n\r\n{{ ticket.description }}\r\n\r\n','<p style=\"font-family: sans-serif; font-size: 1em;\">,</p>\r\n\r\n<p style=\"font-family: sans-serif; font-size: 1em;\">, {{ ticket.submitter_email }} <a href=\"{{ ticket.staff_url }}\"><b>{{ ticket.ticket }}</b></a> (<em>{{ ticket.title }}</em>)  {% if ticket.assigned_to %} {{ ticket.assigned_to }}{% else %}{% endif %}.</p>\r\n\r\n<p style=\"font-family: sans-serif; font-size: 1em;\">\r\n<b> ID</b>: {{ ticket.ticket }}<br>\r\n<b></b>: {{ queue.title }}<br>\r\n<b></b>: {{ ticket.title }}<br>\r\n<b></b>: {{ ticket.created|date:\"l N jS Y, \\a\\t P\" }}<br>\r\n<b></b>: {{ ticket.submitter_email|default:\"Unknown\" }}<br>\r\n<b></b>: {{ ticket.get_priority_display }}<br>\r\n<b></b>: {{ ticket.get_status }}<br>\r\n<b></b>: {{ ticket.get_assigned_to }}<br>\r\n<b><a href=\'{{ ticket.staff_url }}\'></a></b>  ()</p>\r\n\r\n<p style=\"font-family: sans-serif; font-size: 1em;\">:</p>\r\n\r\n<blockquote style=\"font-family: sans-serif; font-size: 1em;\">{{ ticket.description|linebreaksbr }}</blockquote>','zh'),(98,'assigned_owner','()','',',\r\n\r\n,  {{ ticket.submitter_email }}{{ ticket.ticket }}   you.\r\n\r\n ID: {{ ticket.ticket }}\r\n: {{ queue.title }}\r\n: {{ ticket.title }}\r\n: {{ ticket.created|date:\"l N jS Y, \\a\\t P\" }}\r\n: {{ ticket.submitter_email|default:\"Unknown\" }}\r\n:{{ ticket.get_priority_display }}\r\n: {{ ticket.get_status }}\r\n: YOU\r\n: {{ ticket.staff_url }}\r\n\r\n:\r\n\r\n{{ ticket.description }}\r\n\r\n','<p style=\"font-family: sans-serif; font-size: 1em;\">,</p>\r\n\r\n<p style=\"font-family: sans-serif; font-size: 1em;\">, {{ ticket.submitter_email }} <a href=\"{{ ticket.staff_url }}\"><b>{{ ticket.ticket }}</b></a> (<em>{{ ticket.title }}</em>)   <b>you</b>.</p>\r\n\r\n<p style=\"font-family: sans-serif; font-size: 1em;\">\r\n<b> ID</b>: {{ ticket.ticket }}<br>\r\n<b></b>: {{ queue.title }}<br>\r\n<b></b>: {{ ticket.title }}<br>\r\n<b></b>: {{ ticket.created|date:\"l N jS Y, \\a\\t P\" }}<br>\r\n<b></b>: {{ ticket.submitter_email|default:\"Unknown\" }}<br>\r\n<b></b>: {{ ticket.get_priority_display }}<br>\r\n<b></b>: {{ ticket.get_status }}<br>\r\n<b></b>: YOU<br>\r\n<b><a href=\'{{ ticket.staff_url }}\'></a></b>  ()</p>\r\n\r\n<p style=\"font-family: sans-serif; font-size: 1em;\">:</p>\r\n\r\n<blockquote style=\"font-family: sans-serif; font-size: 1em;\">{{ ticket.description|linebreaksbr }}</blockquote>','zh'),(99,'closed_cc','()','',',\r\n\r\n {{ ticket.title }} (\"{{ ticket.title }}\"){% if ticket.assigned_to %},  {{ ticket.assigned_to }}{% endif %}  \r\n\r\n ID: {{ ticket.ticket }}\r\n: {{ queue.title }}\r\n: {{ ticket.title }}\r\n: {{ ticket.created|date:\"l N jS Y, \\a\\t P\" }}\r\n: {{ ticket.submitter_email|default:\"Unknown\" }}\r\n:{{ ticket.get_priority_display }}\r\n: {{ ticket.get_status }}\r\n: {{ ticket.get_assigned_to }}\r\n: {{ ticket.staff_url }} ()\r\n\r\n:\r\n\r\n{{ ticket.description }}\r\n\r\n:\r\n\r\n{{ resolution }}\r\n\r\n','<p style=\"font-family: sans-serif; font-size: 1em;\">,</p>\r\n\r\n<p style=\"font-family: sans-serif; font-size: 1em;\"> <i>{{ ticket.title }}</i> (\'{{ ticket.title }}\'){% if ticket.assigned_to %},  {{ ticket.get_assigned_to }}{% endif %}  </p>\r\n\r\n<p style=\"font-family: sans-serif; font-size: 1em;\">\r\n<b> ID</b>: {{ ticket.ticket }}<br>\r\n<b></b>: {{ queue.title }}<br>\r\n<b></b>: {{ ticket.title }}<br>\r\n<b></b>: {{ ticket.created|date:\"l N jS Y, \\a\\t P\" }}<br>\r\n<b></b>: {{ ticket.submitter_email|default:\"Unknown\" }}<br>\r\n<b></b>: {{ ticket.get_priority_display }}<br>\r\n<b></b>: {{ ticket.get_status }}<br>\r\n<b></b>: {{ ticket.get_assigned_to }}<br>\r\n<b><a href=\'{{ ticket.staff_url }}\'></a></b>  ()</p>\r\n\r\n<p style=\"font-family: sans-serif; font-size: 1em;\">:</p>\r\n\r\n<blockquote style=\"font-family: sans-serif; font-size: 1em;\">{{ ticket.description|linebreaksbr }}</blockquote>\r\n\r\n<p style=\"font-family: sans-serif; font-size: 1em;\">:</p>\r\n\r\n<blockquote style=\"font-family: sans-serif; font-size: 1em;\">{{ resolution }}</blockquote>\r\n\r\n<p style=\"font-family: sans-serif; font-size: 1em;\">  <a href=\'{{ ticket.staff_url }}\'>{{ ticket.staff_url }}</a>.</p>','zh'),(100,'closed_owner','()','',',\r\n\r\n, \r\n\r\n ID: {{ ticket.ticket }}\r\n: {{ queue.title }}\r\n: {{ ticket.title }}\r\n: {{ ticket.created|date:\"l N jS Y, \\a\\t P\" }}\r\n: {{ ticket.submitter_email|default:\"Unknown\" }}\r\n:{{ ticket.get_priority_display }}\r\n: {{ ticket.get_status }}\r\n: {{ ticket.get_assigned_to }}\r\n: {{ ticket.staff_url }} ()\r\n\r\n  {{ ticket.staff_url }}.\r\n\r\n','<p style=\"font-family: sans-serif; font-size: 1em;\">,</p>\r\n\r\n<p style=\"font-family: sans-serif; font-size: 1em;\">, </p>\r\n\r\n<p style=\"font-family: sans-serif; font-size: 1em;\">\r\n<b> ID</b>: {{ ticket.ticket }}<br>\r\n<b></b>: {{ queue.title }}<br>\r\n<b></b>: {{ ticket.title }}<br>\r\n<b></b>: {{ ticket.created|date:\"l N jS Y, \\a\\t P\" }}<br>\r\n<b></b>: {{ ticket.submitter_email|default:\"Unknown\" }}<br>\r\n<b></b>: {{ ticket.get_priority_display }}<br>\r\n<b></b>: {{ ticket.get_status }}<br>\r\n<b></b>: {{ ticket.get_assigned_to }}<br>\r\n<b><a href=\'{{ ticket.staff_url }}\'></a></b>  ()</p>\r\n\r\n<p style=\"font-family: sans-serif; font-size: 1em;\">:</p>\r\n\r\n<blockquote style=\"font-family: sans-serif; font-size: 1em;\">{{ ticket.description|linebreaksbr }}</blockquote>\r\n\r\n<p style=\"font-family: sans-serif; font-size: 1em;\">:</p>\r\n\r\n<blockquote style=\"font-family: sans-serif; font-size: 1em;\">{{ ticket.resolution }}</blockquote>','zh'),(101,'closed_submitter','()','',',\r\n\r\n\"{{ ticket.title }}\".  \r\n\r\nI .\r\n\r\n  {{ ticket.ticket_url }}.\r\n\r\n:\r\n\r\n{{ ticket.resolution }}\r\n\r\n','<p style=\"font-family: sans-serif; font-size: 1em;\">,</p>\r\n\r\n<p style=\"font-family: sans-serif; font-size: 1em;\"><i>{{ ticket.title }}</i>.  </p>\r\n\r\n<p style=\"font-family: sans-serif; font-size: 1em;\">:</p>\r\n\r\n<blockquote style=\"font-family: sans-serif; font-size: 1em;\">{{ ticket.resolution }}</blockquote>\r\n\r\n<p style=\"font-family: sans-serif; font-size: 1em;\">  <a href=\"{{ ticket.ticket_url }}\">{{ ticket.ticket_url }}</a>.  .</p>','zh'),(102,'escalated_cc','()',' ',',\r\n\r\n,  {{ ticket.ticket }} (\"{{ ticket.title }}\") .\r\n\r\n ID: {{ ticket.ticket }}\r\n: {{ queue.title }}\r\n: {{ ticket.title }}\r\n: {{ ticket.created|date:\"l N jS Y, \\a\\t P\" }}\r\n: {{ ticket.submitter_email|default:\"Unknown\" }}\r\n:{{ ticket.get_priority_display }}\r\n: {{ ticket.get_status }}\r\n: {{ ticket.get_assigned_to }}\r\n: {{ ticket.staff_url }} ()\r\n\r\n:\r\n\r\n{{ ticket.description }}\r\n\r\n','<p style=\"font-family: sans-serif; font-size: 1em;\">,</p>\r\n\r\n<p style=\"font-family: sans-serif; font-size: 1em;\">,  <i>{{ ticket.ticket }}</i> (\'{{ ticket.title }}\')  .</p>\r\n\r\n<p style=\"font-family: sans-serif; font-size: 1em;\">\r\n<b> ID</b>: {{ ticket.ticket }}<br>\r\n<b></b>: {{ queue.title }}<br>\r\n<b></b>: {{ ticket.title }}<br>\r\n<b></b>: {{ ticket.created|date:\"l N jS Y, \\a\\t P\" }}<br>\r\n<b></b>: {{ ticket.submitter_email|default:\"Unknown\" }}<br>\r\n<b></b>: {{ ticket.get_priority_display }}<br>\r\n<b></b>: {{ ticket.get_status }}<br>\r\n<b></b>: {{ ticket.get_assigned_to }}<br>\r\n<b><a href=\'{{ ticket.staff_url }}\'></a></b>  ()</p>\r\n\r\n<p style=\"font-family: sans-serif; font-size: 1em;\">:</p>\r\n\r\n<blockquote style=\"font-family: sans-serif; font-size: 1em;\">{{ ticket.description|linebreaksbr }}</blockquote>','zh'),(103,'escalated_owner','()','   ',',\r\n\r\nA  .\r\n\r\n ID: {{ ticket.ticket }}\r\n: {{ queue.title }}\r\n: {{ ticket.title }}\r\n: {{ ticket.created|date:\"l N jS Y, \\a\\t P\" }}\r\n: {{ ticket.submitter_email|default:\"Unknown\" }}\r\n:{{ ticket.get_priority_display }}\r\n: {{ ticket.get_status }}\r\n: {{ ticket.get_assigned_to }}\r\n: {{ ticket.staff_url }} ()\r\n\r\n:\r\n\r\n{{ ticket.description }}\r\n\r\n.\r\n\r\n','<p style=\"font-family: sans-serif; font-size: 1em;\">,</p>\r\n\r\n<p style=\"font-family: sans-serif; font-size: 1em;\">A  as it  .</p>\r\n\r\n<p style=\"font-family: sans-serif; font-size: 1em;\">\r\n<b> ID</b>: {{ ticket.ticket }}<br>\r\n<b></b>: {{ queue.title }}<br>\r\n<b></b>: {{ ticket.title }}<br>\r\n<b></b>: {{ ticket.created|date:\"l N jS Y, \\a\\t P\" }}<br>\r\n<b></b>: {{ ticket.submitter_email|default:\"Unknown\" }}<br>\r\n<b></b>: {{ ticket.get_priority_display }}<br>\r\n<b></b>: {{ ticket.get_status }}<br>\r\n<b></b>: {{ ticket.get_assigned_to }}<br>\r\n<b><a href=\'{{ ticket.staff_url }}\'></a></b>  ()</p>\r\n\r\n<p style=\"font-family: sans-serif; font-size: 1em;\">:</p>\r\n\r\n<blockquote style=\"font-family: sans-serif; font-size: 1em;\">{{ ticket.description|linebreaksbr }}</blockquote>','zh'),(104,'escalated_submitter','()','   ',',\r\n\r\n \"{{ ticket.title }}\" .  .\r\n\r\n.\r\n\r\n  {{ ticket.ticket_url }}.\r\n\r\n','<p style=\"font-family: sans-serif; font-size: 11pt;\">,</p>\r\n\r\n<p style=\"font-family: sans-serif; font-size: 11pt;\"><i>{{ ticket.title }}</i>.   .</p>\r\n\r\n<p style=\"font-family: sans-serif; font-size: 11pt;\">.</p>\r\n\r\n<p style=\"font-family: sans-serif; font-size: 11pt;\">  <a href=\"{{ ticket.ticket_url }}\">{{ ticket.ticket_url }}</a>.</p>','zh'),(105,'newticket_cc','()','',',\r\n\r\n  .\r\n\r\n ID: {{ ticket.ticket }}\r\n: {{ queue.title }}\r\n: {{ ticket.title }}\r\n: {{ ticket.created|date:\"l N jS Y, \\a\\t P\" }}\r\n: {{ ticket.submitter_email|default:\"Unknown\" }}\r\n:{{ ticket.get_priority_display }}\r\n: {{ ticket.get_status }}\r\n: {{ ticket.staff_url }} ()\r\n\r\nDescription:\r\n{{ ticket.description }}\r\n\r\n','<p style=\"font-family: sans-serif; font-size: 1em;\">,</p>\r\n\r\n<p style=\"font-family: sans-serif; font-size: 1em;\"> .</p>\r\n\r\n<p style=\"font-family: sans-serif; font-size: 1em;\">\r\n<b> ID</b>: {{ ticket.ticket }}<br>\r\n<b></b>: {{ queue.title }}<br>\r\n<b></b>: {{ ticket.title }}<br>\r\n<b></b>: {{ ticket.created|date:\"l N jS Y, \\a\\t P\" }}<br>\r\n<b></b>: {{ ticket.submitter_email|default:\"Unknown\" }}<br>\r\n<b></b>: {{ ticket.get_priority_display }}<br>\r\n<b></b>: {{ ticket.get_status }}<br>\r\n<b><a href=\'{{ ticket.staff_url }}\'></a></b>  ()</p>\r\n\r\n<p style=\"font-family: sans-serif; font-size: 1em;\">Description:</p>\r\n\r\n<blockquote style=\"font-family: sans-serif; font-size: 1em;\">{{ ticket.description|linebreaksbr }}</blockquote>','zh'),(106,'newticket_submitter','()','',',\r\n\r\n  \"{{ ticket.title }}\" . \r\n\r\n.  {{ ticket.ticket }} .\r\n\r\n, , id \'{{ ticket.ticket }}\' .  \"\" .\r\n\r\n, ,  {{ ticket.ticket_url }}.\r\n\r\n. .\r\n','<p style=\"font-family: sans-serif; font-size: 1em;\">,</p>\r\n\r\n<p style=\"font-family: sans-serif; font-size: 1em;\">  <i>{{ ticket.title }}</i>.</p>\r\n\r\n<p style=\"font-family: sans-serif; font-size: 1em;\">.    <b>{{ ticket.ticket }}</b> .</p>\r\n\r\n<p style=\"font-family: sans-serif; font-size: 1em;\">, , id <b>{{ ticket.ticket }}</b> .  \"\" .</p>\r\n\r\n<p style=\"font-family: sans-serif; font-size: 1em;\">, ,  <a href=\"{{ ticket.ticket_url }}\">{{ ticket.ticket_url }}</a>.</p>\r\n\r\n<p style=\"font-family: sans-serif; font-size: 1em;\">. .</p>','zh'),(107,'resolved_cc','()',' ',',\r\n\r\n  :\r\n\r\n ID: {{ ticket.ticket }}\r\n: {{ queue.title }}\r\n: {{ ticket.title }}\r\n: {{ ticket.created|date:\"l N jS Y, \\a\\t P\" }}\r\n: {{ ticket.submitter_email|default:\"Unknown\" }}\r\n:{{ ticket.get_priority_display }}\r\n: {{ ticket.get_status }}\r\n: {{ ticket.get_assigned_to }}\r\n: {{ ticket.staff_url }} ()\r\n\r\n:\r\n\r\n{{ ticket.description }}\r\n\r\n:\r\n\r\n{{ ticket.resolution }}\r\n\r\n , .\r\n\r\n','<p style=\"font-family: sans-serif; font-size: 1em;\">,</p>\r\n\r\n<p style=\"font-family: sans-serif; font-size: 1em;\">  .</p>\r\n\r\n<p style=\"font-family: sans-serif; font-size: 1em;\">\r\n<b> ID</b>: {{ ticket.ticket }}<br>\r\n<b></b>: {{ queue.title }}<br>\r\n<b></b>: {{ ticket.title }}<br>\r\n<b></b>: {{ ticket.created|date:\"l N jS Y, \\a\\t P\" }}<br>\r\n<b></b>: {{ ticket.submitter_email|default:\"Unknown\" }}<br>\r\n<b></b>: {{ ticket.get_priority_display }}<br>\r\n<b></b>: {{ ticket.get_status }}<br>\r\n<b></b>: {{ ticket.get_assigned_to }}<br>\r\n<b><a href=\'{{ ticket.staff_url }}\'></a></b>  ()</p>\r\n\r\n<p style=\"font-family: sans-serif; font-size: 1em;\">:</p>\r\n\r\n<blockquote style=\"font-family: sans-serif; font-size: 1em;\">{{ ticket.description|linebreaksbr }}</blockquote>\r\n\r\n<p style=\"font-family: sans-serif; font-size: 1em;\">:</p>\r\n\r\n<blockquote style=\"font-family: sans-serif; font-size: 1em;\">{{ ticket.resolution }}</blockquote>\r\n\r\n<p style=\"font-family: sans-serif; font-size: 1em;\"> , .</p>','zh'),(108,'resolved_owner','()',' ',',\r\n\r\nA  .\r\n\r\n ID: {{ ticket.ticket }}\r\n: {{ queue.title }}\r\n: {{ ticket.title }}\r\n: {{ ticket.created|date:\"l N jS Y, \\a\\t P\" }}\r\n: {{ ticket.submitter_email|default:\"Unknown\" }}\r\n:{{ ticket.get_priority_display }}\r\n: {{ ticket.get_status }}\r\n: {{ ticket.get_assigned_to }}\r\n: {{ ticket.staff_url }} ()\r\n\r\n:\r\n\r\n{{ ticket.description }}\r\n\r\n:\r\n\r\n{{ ticket.resolution }}\r\n\r\n , .\r\n\r\n','<p style=\"font-family: sans-serif; font-size: 1em;\">,</p>\r\n\r\n<p style=\"font-family: sans-serif; font-size: 1em;\">A  .</p>\r\n\r\n<p style=\"font-family: sans-serif; font-size: 1em;\">\r\n<b> ID</b>: {{ ticket.ticket }}<br>\r\n<b></b>: {{ queue.title }}<br>\r\n<b></b>: {{ ticket.title }}<br>\r\n<b></b>: {{ ticket.created|date:\"l N jS Y, \\a\\t P\" }}<br>\r\n<b></b>: {{ ticket.submitter_email|default:\"Unknown\" }}<br>\r\n<b></b>: {{ ticket.get_priority_display }}<br>\r\n<b></b>: {{ ticket.get_status }}<br>\r\n<b></b>: {{ ticket.get_assigned_to }}<br>\r\n<b><a href=\'{{ ticket.staff_url }}\'></a></b>  ()</p>\r\n\r\n<p style=\"font-family: sans-serif; font-size: 1em;\">:</p>\r\n\r\n<blockquote style=\"font-family: sans-serif; font-size: 1em;\">{{ ticket.description|linebreaksbr }}</blockquote>\r\n\r\n<p style=\"font-family: sans-serif; font-size: 1em;\">:</p>\r\n\r\n<blockquote style=\"font-family: sans-serif; font-size: 1em;\">{{ ticket.resolution }}</blockquote>\r\n\r\n<p style=\"font-family: sans-serif; font-size: 1em;\"> , .</p>','zh'),(109,'resolved_submitter','()','   ',',\r\n\r\n\"{{ ticket.title }}\". .\r\n\r\n {{ ticket.ticket }}:\r\n\r\n{{ resolution }}\r\n\r\n ? , .\r\n\r\n  {{ ticket.ticket_url }}\r\n\r\n','<p style=\"font-family: sans-serif; font-size: 1em;\">,</p>\r\n\r\n<p style=\"font-family: sans-serif; font-size: 1em;\"><i>{{ ticket.title }}</i>. .</p>\r\n\r\n<p style=\"font-family: sans-serif; font-size: 1em;\"> <b>{{ ticket.ticket }}</b>:</p>\r\n\r\n<blockquote style=\"font-family: sans-serif; font-size: 1em;\">{{ resolution }}</blockquote>\r\n\r\n<p style=\"font-family: sans-serif; font-size: 1em;\"> ? , .</p>\r\n\r\n<p style=\"font-family: sans-serif; font-size: 1em;\">  <a href=\"{{ ticket.ticket_url }}\">{{ ticket.ticket_url }}</a>.</p>','zh'),(110,'updated_cc','()','',',\r\n\r\n, {{ ticket.submitter_email }}{{ ticket.ticket }} .\r\n\r\n ID: {{ ticket.ticket }}\r\n: {{ queue.title }}\r\n: {{ ticket.title }}\r\n: {{ ticket.created|date:\"l N jS Y, \\a\\t P\" }}\r\n: {{ ticket.submitter_email|default:\"Unknown\" }}\r\n:{{ ticket.get_priority_display }}\r\n: {{ ticket.get_status }}\r\n: {{ ticket.get_assigned_to }}\r\n: {{ ticket.staff_url }} ()\r\n\r\n:\r\n\r\n{{ ticket.description }}\r\n\r\n:\r\n\r\n{{ comment }}\r\n\r\n {% if private %}{% else %}  {% endif %} .\r\n\r\n  {{ ticket.staff_url }}.\r\n\r\n','<p style=\"font-family: sans-serif; font-size: 1em;\">,</p>\r\n\r\n<p style=\"font-family: sans-serif; font-size: 1em;\">, {{ ticket.submitter_email }}  {{ ticket.ticket }} (\"{{ ticket.title }}\") .</p>\r\n\r\n<p style=\"font-family: sans-serif; font-size: 1em;\">\r\n<b> ID</b>: {{ ticket.ticket }}<br>\r\n<b></b>: {{ queue.title }}<br>\r\n<b></b>: {{ ticket.title }}<br>\r\n<b></b>: {{ ticket.created|date:\"l N jS Y, \\a\\t P\" }}<br>\r\n<b></b>: {{ ticket.submitter_email|default:\"Unknown\" }}<br>\r\n<b></b>: {{ ticket.get_priority_display }}<br>\r\n<b></b>: {{ ticket.get_status }}<br>\r\n<b></b>: {{ ticket.get_assigned_to }}<br>\r\n<b><a href=\'{{ ticket.staff_url }}\'></a></b>  ()</p>\r\n\r\n<p style=\"font-family: sans-serif; font-size: 1em;\">:</p>\r\n\r\n<blockquote style=\"font-family: sans-serif; font-size: 1em;\">{{ ticket.description|linebreaksbr }}</blockquote>\r\n\r\n<p style=\"font-family: sans-serif; font-size: 1em;\">:</p>\r\n\r\n<blockquote style=\"font-family: sans-serif; font-size: 1em;\">{{ comment }}</blockquote>\r\n\r\n<p style=\"font-family: Tahoma, Arial, sans-serif; font-size: 11pt;\"> {% if private %}  {% else %}  {% endif %} .</p>','zh'),(111,'updated_owner','()','',',\r\n\r\n, {{ ticket.submitter_email }}  {{ ticket.ticket }} (\"{{ ticket.title }}\") , .\r\n\r\n ID: {{ ticket.ticket }}\r\n: {{ queue.title }}\r\n: {{ ticket.title }}\r\n: {{ ticket.created|date:\"l N jS Y, \\a\\t P\" }}\r\n: {{ ticket.submitter_email|default:\"Unknown\" }}\r\n:{{ ticket.get_priority_display }}\r\n: {{ ticket.get_status }}\r\n: {{ ticket.get_assigned_to }}\r\n: {{ ticket.staff_url }} ()\r\n\r\n:\r\n\r\n{{ ticket.description }}\r\n\r\n:\r\n\r\n{{ comment }}\r\n\r\n {% if private %} {% endif %} .\r\n\r\n  {{ ticket.staff_url }}\r\n\r\n','<p style=\"font-family: sans-serif; font-size: 1em;\">,</p>\r\n\r\n<p style=\"font-family: sans-serif; font-size: 1em;\">, ,{{ ticket.submitter_email }}{{ ticket.ticket }}, .</p>\r\n\r\n<p style=\"font-family: sans-serif; font-size: 1em;\">\r\n<b> ID</b>: {{ ticket.ticket }}<br>\r\n<b></b>: {{ queue.title }}<br>\r\n<b></b>: {{ ticket.title }}<br>\r\n<b></b>: {{ ticket.created|date:\"l N jS Y, \\a\\t P\" }}<br>\r\n<b></b>: {{ ticket.submitter_email|default:\"Unknown\" }}<br>\r\n<b></b>: {{ ticket.get_priority_display }}<br>\r\n<b></b>: {{ ticket.get_status }}<br>\r\n<b></b>: {{ ticket.get_assigned_to }}<br>\r\n<b><a href=\'{{ ticket.staff_url }}\'></a></b>  ()</p>\r\n\r\n<p style=\"font-family: sans-serif; font-size: 1em;\">:</p>\r\n\r\n<blockquote style=\"font-family: sans-serif; font-size: 1em;\">{{ ticket.description|linebreaksbr }}</blockquote>\r\n\r\n<p style=\"font-family: sans-serif; font-size: 1em;\">:</p>\r\n\r\n<blockquote style=\"font-family: sans-serif; font-size: 1em;\">{{ comment }}</blockquote>\r\n\r\n<p style=\"font-family: Tahoma, Arial, sans-serif; font-size: 11pt;\"> {% if private %}  {% else %}  {% endif %} been .</p>','zh'),(112,'updated_submitter','()','',',\r\n\r\n\"{{ ticket.title }}\". .\r\n\r\n {{ ticket.ticket }}:\r\n\r\n{{ comment }}\r\n\r\n, .  {{ ticket.ticket_url }}\r\n\r\n','<p style=\"font-family: sans-serif; font-size: 1em;\">,</p>\r\n\r\n<p style=\"font-family: sans-serif; font-size: 1em;\"><i>{{ ticket.title }}</i>. .</p>\r\n\r\n<p style=\"font-family: sans-serif; font-size: 1em;\"> <b>{{ ticket.ticket }}</b>:</p>\r\n\r\n<blockquote style=\"font-family: sans-serif; font-size: 1em;\">{{ comment }}</blockquote>\r\n\r\n<p style=\"font-family: sans-serif; font-size: 1em;\">, .  <a href=\"{{ ticket.ticket_url }}\">{{ ticket.ticket_url }}</a>.</p>','zh');
/*!40000 ALTER TABLE `helpdesk_emailtemplate` ENABLE KEYS */;
UNLOCK TABLES;

--
-- Table structure for table `helpdesk_escalationexclusion`
--

DROP TABLE IF EXISTS `helpdesk_escalationexclusion`;
/*!40101 SET @saved_cs_client     = @@character_set_client */;
/*!40101 SET character_set_client = utf8 */;
CREATE TABLE `helpdesk_escalationexclusion` (
  `id` int(11) NOT NULL AUTO_INCREMENT,
  `name` varchar(100) COLLATE utf8_bin NOT NULL,
  `date` date NOT NULL,
  PRIMARY KEY (`id`)
) ENGINE=InnoDB DEFAULT CHARSET=utf8 COLLATE=utf8_bin;
/*!40101 SET character_set_client = @saved_cs_client */;

--
-- Dumping data for table `helpdesk_escalationexclusion`
--

LOCK TABLES `helpdesk_escalationexclusion` WRITE;
/*!40000 ALTER TABLE `helpdesk_escalationexclusion` DISABLE KEYS */;
/*!40000 ALTER TABLE `helpdesk_escalationexclusion` ENABLE KEYS */;
UNLOCK TABLES;

--
-- Table structure for table `helpdesk_escalationexclusion_queues`
--

DROP TABLE IF EXISTS `helpdesk_escalationexclusion_queues`;
/*!40101 SET @saved_cs_client     = @@character_set_client */;
/*!40101 SET character_set_client = utf8 */;
CREATE TABLE `helpdesk_escalationexclusion_queues` (
  `id` int(11) NOT NULL AUTO_INCREMENT,
  `escalationexclusion_id` int(11) NOT NULL,
  `queue_id` int(11) NOT NULL,
  PRIMARY KEY (`id`),
  UNIQUE KEY `helpdesk_escalationexclu_escalationexclusion_id_q_f8f19aff_uniq` (`escalationexclusion_id`,`queue_id`),
  KEY `helpdesk_escalatione_queue_id_ed8d4906_fk_helpdesk_` (`queue_id`),
  CONSTRAINT `helpdesk_escalatione_escalationexclusion__62556c07_fk_helpdesk_` FOREIGN KEY (`escalationexclusion_id`) REFERENCES `helpdesk_escalationexclusion` (`id`),
  CONSTRAINT `helpdesk_escalatione_queue_id_ed8d4906_fk_helpdesk_` FOREIGN KEY (`queue_id`) REFERENCES `helpdesk_queue` (`id`)
) ENGINE=InnoDB DEFAULT CHARSET=utf8 COLLATE=utf8_bin;
/*!40101 SET character_set_client = @saved_cs_client */;

--
-- Dumping data for table `helpdesk_escalationexclusion_queues`
--

LOCK TABLES `helpdesk_escalationexclusion_queues` WRITE;
/*!40000 ALTER TABLE `helpdesk_escalationexclusion_queues` DISABLE KEYS */;
/*!40000 ALTER TABLE `helpdesk_escalationexclusion_queues` ENABLE KEYS */;
UNLOCK TABLES;

--
-- Table structure for table `helpdesk_followup`
--

DROP TABLE IF EXISTS `helpdesk_followup`;
/*!40101 SET @saved_cs_client     = @@character_set_client */;
/*!40101 SET character_set_client = utf8 */;
CREATE TABLE `helpdesk_followup` (
  `id` int(11) NOT NULL AUTO_INCREMENT,
  `date` datetime(6) NOT NULL,
  `title` varchar(200) COLLATE utf8_bin DEFAULT NULL,
  `comment` longtext COLLATE utf8_bin,
  `public` tinyint(1) NOT NULL,
  `new_status` int(11) DEFAULT NULL,
  `ticket_id` int(11) NOT NULL,
  `user_id` int(11) DEFAULT NULL,
  PRIMARY KEY (`id`),
  KEY `helpdesk_followup_ticket_id_3db2d079_fk_helpdesk_ticket_id` (`ticket_id`),
  KEY `helpdesk_followup_user_id_5b9c07e3_fk_investors_id` (`user_id`),
  CONSTRAINT `helpdesk_followup_ticket_id_3db2d079_fk_helpdesk_ticket_id` FOREIGN KEY (`ticket_id`) REFERENCES `helpdesk_ticket` (`id`),
  CONSTRAINT `helpdesk_followup_user_id_5b9c07e3_fk_investors_id` FOREIGN KEY (`user_id`) REFERENCES `investors` (`id`)
) ENGINE=InnoDB AUTO_INCREMENT=57 DEFAULT CHARSET=utf8 COLLATE=utf8_bin;
/*!40101 SET character_set_client = @saved_cs_client */;

--
-- Dumping data for table `helpdesk_followup`
--

LOCK TABLES `helpdesk_followup` WRITE;
/*!40000 ALTER TABLE `helpdesk_followup` DISABLE KEYS */;
INSERT INTO `helpdesk_followup` VALUES (54,'2018-06-26 14:07:25.660960','KYC link','http://localhost:8000/admin/user_office/kyc/24/change/',0,NULL,18,NULL),(55,'2018-06-26 14:07:55.907410','Resolved','Nice',1,3,18,2),(56,'2018-07-09 16:48:42.942861','KYC link','http://localhost:8000/admin/user_office/kyc/25/change/',0,NULL,19,NULL);
/*!40000 ALTER TABLE `helpdesk_followup` ENABLE KEYS */;
UNLOCK TABLES;

--
-- Table structure for table `helpdesk_ignoreemail`
--

DROP TABLE IF EXISTS `helpdesk_ignoreemail`;
/*!40101 SET @saved_cs_client     = @@character_set_client */;
/*!40101 SET character_set_client = utf8 */;
CREATE TABLE `helpdesk_ignoreemail` (
  `id` int(11) NOT NULL AUTO_INCREMENT,
  `name` varchar(100) COLLATE utf8_bin NOT NULL,
  `date` date NOT NULL,
  `email_address` varchar(150) COLLATE utf8_bin NOT NULL,
  `keep_in_mailbox` tinyint(1) NOT NULL,
  PRIMARY KEY (`id`)
) ENGINE=InnoDB DEFAULT CHARSET=utf8 COLLATE=utf8_bin;
/*!40101 SET character_set_client = @saved_cs_client */;

--
-- Dumping data for table `helpdesk_ignoreemail`
--

LOCK TABLES `helpdesk_ignoreemail` WRITE;
/*!40000 ALTER TABLE `helpdesk_ignoreemail` DISABLE KEYS */;
/*!40000 ALTER TABLE `helpdesk_ignoreemail` ENABLE KEYS */;
UNLOCK TABLES;

--
-- Table structure for table `helpdesk_ignoreemail_queues`
--

DROP TABLE IF EXISTS `helpdesk_ignoreemail_queues`;
/*!40101 SET @saved_cs_client     = @@character_set_client */;
/*!40101 SET character_set_client = utf8 */;
CREATE TABLE `helpdesk_ignoreemail_queues` (
  `id` int(11) NOT NULL AUTO_INCREMENT,
  `ignoreemail_id` int(11) NOT NULL,
  `queue_id` int(11) NOT NULL,
  PRIMARY KEY (`id`),
  UNIQUE KEY `helpdesk_ignoreemail_que_ignoreemail_id_queue_id_b3c79ff5_uniq` (`ignoreemail_id`,`queue_id`),
  KEY `helpdesk_ignoreemail_queue_id_73141496_fk_helpdesk_` (`queue_id`),
  CONSTRAINT `helpdesk_ignoreemail_ignoreemail_id_f6fcd398_fk_helpdesk_` FOREIGN KEY (`ignoreemail_id`) REFERENCES `helpdesk_ignoreemail` (`id`),
  CONSTRAINT `helpdesk_ignoreemail_queue_id_73141496_fk_helpdesk_` FOREIGN KEY (`queue_id`) REFERENCES `helpdesk_queue` (`id`)
) ENGINE=InnoDB DEFAULT CHARSET=utf8 COLLATE=utf8_bin;
/*!40101 SET character_set_client = @saved_cs_client */;

--
-- Dumping data for table `helpdesk_ignoreemail_queues`
--

LOCK TABLES `helpdesk_ignoreemail_queues` WRITE;
/*!40000 ALTER TABLE `helpdesk_ignoreemail_queues` DISABLE KEYS */;
/*!40000 ALTER TABLE `helpdesk_ignoreemail_queues` ENABLE KEYS */;
UNLOCK TABLES;

--
-- Table structure for table `helpdesk_kbcategory`
--

DROP TABLE IF EXISTS `helpdesk_kbcategory`;
/*!40101 SET @saved_cs_client     = @@character_set_client */;
/*!40101 SET character_set_client = utf8 */;
CREATE TABLE `helpdesk_kbcategory` (
  `id` int(11) NOT NULL AUTO_INCREMENT,
  `title` varchar(100) COLLATE utf8_bin NOT NULL,
  `slug` varchar(50) COLLATE utf8_bin NOT NULL,
  `description` longtext COLLATE utf8_bin NOT NULL,
  PRIMARY KEY (`id`),
  KEY `helpdesk_kbcategory_slug_5922579d` (`slug`)
) ENGINE=InnoDB DEFAULT CHARSET=utf8 COLLATE=utf8_bin;
/*!40101 SET character_set_client = @saved_cs_client */;

--
-- Dumping data for table `helpdesk_kbcategory`
--

LOCK TABLES `helpdesk_kbcategory` WRITE;
/*!40000 ALTER TABLE `helpdesk_kbcategory` DISABLE KEYS */;
/*!40000 ALTER TABLE `helpdesk_kbcategory` ENABLE KEYS */;
UNLOCK TABLES;

--
-- Table structure for table `helpdesk_kbitem`
--

DROP TABLE IF EXISTS `helpdesk_kbitem`;
/*!40101 SET @saved_cs_client     = @@character_set_client */;
/*!40101 SET character_set_client = utf8 */;
CREATE TABLE `helpdesk_kbitem` (
  `id` int(11) NOT NULL AUTO_INCREMENT,
  `title` varchar(100) COLLATE utf8_bin NOT NULL,
  `question` longtext COLLATE utf8_bin NOT NULL,
  `answer` longtext COLLATE utf8_bin NOT NULL,
  `votes` int(11) NOT NULL,
  `recommendations` int(11) NOT NULL,
  `last_updated` datetime(6) NOT NULL,
  `category_id` int(11) NOT NULL,
  PRIMARY KEY (`id`),
  KEY `helpdesk_kbitem_category_id_14a1b130_fk_helpdesk_kbcategory_id` (`category_id`),
  CONSTRAINT `helpdesk_kbitem_category_id_14a1b130_fk_helpdesk_kbcategory_id` FOREIGN KEY (`category_id`) REFERENCES `helpdesk_kbcategory` (`id`)
) ENGINE=InnoDB DEFAULT CHARSET=utf8 COLLATE=utf8_bin;
/*!40101 SET character_set_client = @saved_cs_client */;

--
-- Dumping data for table `helpdesk_kbitem`
--

LOCK TABLES `helpdesk_kbitem` WRITE;
/*!40000 ALTER TABLE `helpdesk_kbitem` DISABLE KEYS */;
/*!40000 ALTER TABLE `helpdesk_kbitem` ENABLE KEYS */;
UNLOCK TABLES;

--
-- Table structure for table `helpdesk_presetreply`
--

DROP TABLE IF EXISTS `helpdesk_presetreply`;
/*!40101 SET @saved_cs_client     = @@character_set_client */;
/*!40101 SET character_set_client = utf8 */;
CREATE TABLE `helpdesk_presetreply` (
  `id` int(11) NOT NULL AUTO_INCREMENT,
  `name` varchar(100) COLLATE utf8_bin NOT NULL,
  `body` longtext COLLATE utf8_bin NOT NULL,
  PRIMARY KEY (`id`)
) ENGINE=InnoDB DEFAULT CHARSET=utf8 COLLATE=utf8_bin;
/*!40101 SET character_set_client = @saved_cs_client */;

--
-- Dumping data for table `helpdesk_presetreply`
--

LOCK TABLES `helpdesk_presetreply` WRITE;
/*!40000 ALTER TABLE `helpdesk_presetreply` DISABLE KEYS */;
/*!40000 ALTER TABLE `helpdesk_presetreply` ENABLE KEYS */;
UNLOCK TABLES;

--
-- Table structure for table `helpdesk_presetreply_queues`
--

DROP TABLE IF EXISTS `helpdesk_presetreply_queues`;
/*!40101 SET @saved_cs_client     = @@character_set_client */;
/*!40101 SET character_set_client = utf8 */;
CREATE TABLE `helpdesk_presetreply_queues` (
  `id` int(11) NOT NULL AUTO_INCREMENT,
  `presetreply_id` int(11) NOT NULL,
  `queue_id` int(11) NOT NULL,
  PRIMARY KEY (`id`),
  UNIQUE KEY `helpdesk_presetreply_que_presetreply_id_queue_id_805647a1_uniq` (`presetreply_id`,`queue_id`),
  KEY `helpdesk_presetreply_queue_id_b90d97e8_fk_helpdesk_` (`queue_id`),
  CONSTRAINT `helpdesk_presetreply_presetreply_id_9e5e7b10_fk_helpdesk_` FOREIGN KEY (`presetreply_id`) REFERENCES `helpdesk_presetreply` (`id`),
  CONSTRAINT `helpdesk_presetreply_queue_id_b90d97e8_fk_helpdesk_` FOREIGN KEY (`queue_id`) REFERENCES `helpdesk_queue` (`id`)
) ENGINE=InnoDB DEFAULT CHARSET=utf8 COLLATE=utf8_bin;
/*!40101 SET character_set_client = @saved_cs_client */;

--
-- Dumping data for table `helpdesk_presetreply_queues`
--

LOCK TABLES `helpdesk_presetreply_queues` WRITE;
/*!40000 ALTER TABLE `helpdesk_presetreply_queues` DISABLE KEYS */;
/*!40000 ALTER TABLE `helpdesk_presetreply_queues` ENABLE KEYS */;
UNLOCK TABLES;

--
-- Table structure for table `helpdesk_queue`
--

DROP TABLE IF EXISTS `helpdesk_queue`;
/*!40101 SET @saved_cs_client     = @@character_set_client */;
/*!40101 SET character_set_client = utf8 */;
CREATE TABLE `helpdesk_queue` (
  `id` int(11) NOT NULL AUTO_INCREMENT,
  `title` varchar(100) COLLATE utf8_bin NOT NULL,
  `slug` varchar(50) COLLATE utf8_bin NOT NULL,
  `email_address` varchar(254) COLLATE utf8_bin DEFAULT NULL,
  `locale` varchar(10) COLLATE utf8_bin DEFAULT NULL,
  `allow_public_submission` tinyint(1) NOT NULL,
  `allow_email_submission` tinyint(1) NOT NULL,
  `escalate_days` int(11) DEFAULT NULL,
  `new_ticket_cc` varchar(200) COLLATE utf8_bin DEFAULT NULL,
  `updated_ticket_cc` varchar(200) COLLATE utf8_bin DEFAULT NULL,
  `email_box_type` varchar(5) COLLATE utf8_bin DEFAULT NULL,
  `email_box_host` varchar(200) COLLATE utf8_bin DEFAULT NULL,
  `email_box_port` int(11) DEFAULT NULL,
  `email_box_ssl` tinyint(1) NOT NULL,
  `email_box_user` varchar(200) COLLATE utf8_bin DEFAULT NULL,
  `email_box_pass` varchar(200) COLLATE utf8_bin DEFAULT NULL,
  `email_box_imap_folder` varchar(100) COLLATE utf8_bin DEFAULT NULL,
  `email_box_interval` int(11) DEFAULT NULL,
  `email_box_last_check` datetime(6) DEFAULT NULL,
  `socks_proxy_type` varchar(8) COLLATE utf8_bin DEFAULT NULL,
  `socks_proxy_host` char(39) COLLATE utf8_bin DEFAULT NULL,
  `socks_proxy_port` int(11) DEFAULT NULL,
  `permission_name` varchar(72) COLLATE utf8_bin DEFAULT NULL,
  `default_owner_id` int(11) DEFAULT NULL,
  `email_box_local_dir` varchar(200) COLLATE utf8_bin DEFAULT NULL,
  `logging_dir` varchar(200) COLLATE utf8_bin DEFAULT NULL,
  `logging_type` varchar(5) COLLATE utf8_bin DEFAULT NULL,
  PRIMARY KEY (`id`),
  UNIQUE KEY `helpdesk_queue_slug_3b3429c3_uniq` (`slug`),
  KEY `helpdesk_queue_default_owner_id_b0930a66_fk_investors_id` (`default_owner_id`),
  CONSTRAINT `helpdesk_queue_default_owner_id_b0930a66_fk_investors_id` FOREIGN KEY (`default_owner_id`) REFERENCES `investors` (`id`)
) ENGINE=InnoDB AUTO_INCREMENT=4 DEFAULT CHARSET=utf8 COLLATE=utf8_bin;
/*!40101 SET character_set_client = @saved_cs_client */;

--
-- Dumping data for table `helpdesk_queue`
--

LOCK TABLES `helpdesk_queue` WRITE;
/*!40000 ALTER TABLE `helpdesk_queue` DISABLE KEYS */;
INSERT INTO `helpdesk_queue` VALUES (2,'KYC Requests','kyc-requests',NULL,NULL,0,0,NULL,NULL,NULL,NULL,NULL,NULL,0,NULL,NULL,NULL,5,NULL,NULL,NULL,NULL,'helpdesk.queue_access_kyc-requests',NULL,NULL,NULL,NULL),(3,'Support','support',NULL,NULL,0,0,NULL,NULL,NULL,NULL,NULL,NULL,0,NULL,NULL,NULL,5,NULL,NULL,NULL,NULL,'helpdesk.queue_access_support',NULL,NULL,NULL,NULL);
/*!40000 ALTER TABLE `helpdesk_queue` ENABLE KEYS */;
UNLOCK TABLES;

--
-- Table structure for table `helpdesk_savedsearch`
--

DROP TABLE IF EXISTS `helpdesk_savedsearch`;
/*!40101 SET @saved_cs_client     = @@character_set_client */;
/*!40101 SET character_set_client = utf8 */;
CREATE TABLE `helpdesk_savedsearch` (
  `id` int(11) NOT NULL AUTO_INCREMENT,
  `title` varchar(100) COLLATE utf8_bin NOT NULL,
  `shared` tinyint(1) NOT NULL,
  `query` longtext COLLATE utf8_bin NOT NULL,
  `user_id` int(11) NOT NULL,
  PRIMARY KEY (`id`),
  KEY `helpdesk_savedsearch_user_id_24cf33b5_fk_investors_id` (`user_id`),
  CONSTRAINT `helpdesk_savedsearch_user_id_24cf33b5_fk_investors_id` FOREIGN KEY (`user_id`) REFERENCES `investors` (`id`)
) ENGINE=InnoDB DEFAULT CHARSET=utf8 COLLATE=utf8_bin;
/*!40101 SET character_set_client = @saved_cs_client */;

--
-- Dumping data for table `helpdesk_savedsearch`
--

LOCK TABLES `helpdesk_savedsearch` WRITE;
/*!40000 ALTER TABLE `helpdesk_savedsearch` DISABLE KEYS */;
/*!40000 ALTER TABLE `helpdesk_savedsearch` ENABLE KEYS */;
UNLOCK TABLES;

--
-- Table structure for table `helpdesk_ticket`
--

DROP TABLE IF EXISTS `helpdesk_ticket`;
/*!40101 SET @saved_cs_client     = @@character_set_client */;
/*!40101 SET character_set_client = utf8 */;
CREATE TABLE `helpdesk_ticket` (
  `id` int(11) NOT NULL AUTO_INCREMENT,
  `title` varchar(200) COLLATE utf8_bin NOT NULL,
  `created` datetime(6) NOT NULL,
  `modified` datetime(6) NOT NULL,
  `submitter_email` varchar(254) COLLATE utf8_bin DEFAULT NULL,
  `status` int(11) NOT NULL,
  `on_hold` tinyint(1) NOT NULL,
  `description` longtext COLLATE utf8_bin,
  `resolution` longtext COLLATE utf8_bin,
  `priority` int(11) NOT NULL,
  `due_date` datetime(6) DEFAULT NULL,
  `last_escalation` datetime(6) DEFAULT NULL,
  `assigned_to_id` int(11) DEFAULT NULL,
  `queue_id` int(11) NOT NULL,
  `reporter_id` int(11) DEFAULT NULL,
  PRIMARY KEY (`id`),
  KEY `helpdesk_ticket_assigned_to_id_0716992e_fk_investors_id` (`assigned_to_id`),
  KEY `helpdesk_ticket_queue_id_9b210169_fk_helpdesk_queue_id` (`queue_id`),
  KEY `helpdesk_ticket_reporter_id_2151af00_fk_investors_id` (`reporter_id`),
  CONSTRAINT `helpdesk_ticket_assigned_to_id_0716992e_fk_investors_id` FOREIGN KEY (`assigned_to_id`) REFERENCES `investors` (`id`),
  CONSTRAINT `helpdesk_ticket_queue_id_9b210169_fk_helpdesk_queue_id` FOREIGN KEY (`queue_id`) REFERENCES `helpdesk_queue` (`id`),
  CONSTRAINT `helpdesk_ticket_reporter_id_2151af00_fk_investors_id` FOREIGN KEY (`reporter_id`) REFERENCES `investors` (`id`)
) ENGINE=InnoDB AUTO_INCREMENT=20 DEFAULT CHARSET=utf8 COLLATE=utf8_bin;
/*!40101 SET character_set_client = @saved_cs_client */;

--
-- Dumping data for table `helpdesk_ticket`
--

LOCK TABLES `helpdesk_ticket` WRITE;
/*!40000 ALTER TABLE `helpdesk_ticket` DISABLE KEYS */;
INSERT INTO `helpdesk_ticket` VALUES (18,'KYC request for user gordon@ongrid.pro','2018-06-26 14:07:25.656539','2018-06-26 14:07:55.919444',NULL,3,0,NULL,'Nice',3,NULL,NULL,NULL,2,1),(19,'KYC request for user r.nesytov@ongrid.pro','2018-07-09 16:48:42.908283','2018-07-09 16:48:42.942927',NULL,1,0,NULL,NULL,3,NULL,NULL,NULL,2,3);
/*!40000 ALTER TABLE `helpdesk_ticket` ENABLE KEYS */;
UNLOCK TABLES;

--
-- Table structure for table `helpdesk_ticketcc`
--

DROP TABLE IF EXISTS `helpdesk_ticketcc`;
/*!40101 SET @saved_cs_client     = @@character_set_client */;
/*!40101 SET character_set_client = utf8 */;
CREATE TABLE `helpdesk_ticketcc` (
  `id` int(11) NOT NULL AUTO_INCREMENT,
  `email` varchar(254) COLLATE utf8_bin DEFAULT NULL,
  `can_view` tinyint(1) NOT NULL,
  `can_update` tinyint(1) NOT NULL,
  `ticket_id` int(11) NOT NULL,
  `user_id` int(11) DEFAULT NULL,
  PRIMARY KEY (`id`),
  KEY `helpdesk_ticketcc_ticket_id_4e774289_fk_helpdesk_ticket_id` (`ticket_id`),
  KEY `helpdesk_ticketcc_user_id_d811c3c2_fk_investors_id` (`user_id`),
  CONSTRAINT `helpdesk_ticketcc_ticket_id_4e774289_fk_helpdesk_ticket_id` FOREIGN KEY (`ticket_id`) REFERENCES `helpdesk_ticket` (`id`),
  CONSTRAINT `helpdesk_ticketcc_user_id_d811c3c2_fk_investors_id` FOREIGN KEY (`user_id`) REFERENCES `investors` (`id`)
) ENGINE=InnoDB DEFAULT CHARSET=utf8 COLLATE=utf8_bin;
/*!40101 SET character_set_client = @saved_cs_client */;

--
-- Dumping data for table `helpdesk_ticketcc`
--

LOCK TABLES `helpdesk_ticketcc` WRITE;
/*!40000 ALTER TABLE `helpdesk_ticketcc` DISABLE KEYS */;
/*!40000 ALTER TABLE `helpdesk_ticketcc` ENABLE KEYS */;
UNLOCK TABLES;

--
-- Table structure for table `helpdesk_ticketchange`
--

DROP TABLE IF EXISTS `helpdesk_ticketchange`;
/*!40101 SET @saved_cs_client     = @@character_set_client */;
/*!40101 SET character_set_client = utf8 */;
CREATE TABLE `helpdesk_ticketchange` (
  `id` int(11) NOT NULL AUTO_INCREMENT,
  `field` varchar(100) COLLATE utf8_bin NOT NULL,
  `old_value` longtext COLLATE utf8_bin,
  `new_value` longtext COLLATE utf8_bin,
  `followup_id` int(11) NOT NULL,
  PRIMARY KEY (`id`),
  KEY `helpdesk_ticketchang_followup_id_2e4e87bc_fk_helpdesk_` (`followup_id`),
  CONSTRAINT `helpdesk_ticketchang_followup_id_2e4e87bc_fk_helpdesk_` FOREIGN KEY (`followup_id`) REFERENCES `helpdesk_followup` (`id`)
) ENGINE=InnoDB AUTO_INCREMENT=7 DEFAULT CHARSET=utf8 COLLATE=utf8_bin;
/*!40101 SET character_set_client = @saved_cs_client */;

--
-- Dumping data for table `helpdesk_ticketchange`
--

LOCK TABLES `helpdesk_ticketchange` WRITE;
/*!40000 ALTER TABLE `helpdesk_ticketchange` DISABLE KEYS */;
INSERT INTO `helpdesk_ticketchange` VALUES (6,'Status','Open','Resolved',55);
/*!40000 ALTER TABLE `helpdesk_ticketchange` ENABLE KEYS */;
UNLOCK TABLES;

--
-- Table structure for table `helpdesk_ticketcustomfieldvalue`
--

DROP TABLE IF EXISTS `helpdesk_ticketcustomfieldvalue`;
/*!40101 SET @saved_cs_client     = @@character_set_client */;
/*!40101 SET character_set_client = utf8 */;
CREATE TABLE `helpdesk_ticketcustomfieldvalue` (
  `id` int(11) NOT NULL AUTO_INCREMENT,
  `value` longtext COLLATE utf8_bin,
  `field_id` int(11) NOT NULL,
  `ticket_id` int(11) NOT NULL,
  PRIMARY KEY (`id`),
  UNIQUE KEY `helpdesk_ticketcustomfieldvalue_ticket_id_field_id_4fc28390_uniq` (`ticket_id`,`field_id`),
  KEY `helpdesk_ticketcusto_field_id_fd61fcda_fk_helpdesk_` (`field_id`),
  CONSTRAINT `helpdesk_ticketcusto_field_id_fd61fcda_fk_helpdesk_` FOREIGN KEY (`field_id`) REFERENCES `helpdesk_customfield` (`id`),
  CONSTRAINT `helpdesk_ticketcusto_ticket_id_4e2fe33a_fk_helpdesk_` FOREIGN KEY (`ticket_id`) REFERENCES `helpdesk_ticket` (`id`)
) ENGINE=InnoDB DEFAULT CHARSET=utf8 COLLATE=utf8_bin;
/*!40101 SET character_set_client = @saved_cs_client */;

--
-- Dumping data for table `helpdesk_ticketcustomfieldvalue`
--

LOCK TABLES `helpdesk_ticketcustomfieldvalue` WRITE;
/*!40000 ALTER TABLE `helpdesk_ticketcustomfieldvalue` DISABLE KEYS */;
/*!40000 ALTER TABLE `helpdesk_ticketcustomfieldvalue` ENABLE KEYS */;
UNLOCK TABLES;

--
-- Table structure for table `helpdesk_ticketdependency`
--

DROP TABLE IF EXISTS `helpdesk_ticketdependency`;
/*!40101 SET @saved_cs_client     = @@character_set_client */;
/*!40101 SET character_set_client = utf8 */;
CREATE TABLE `helpdesk_ticketdependency` (
  `id` int(11) NOT NULL AUTO_INCREMENT,
  `depends_on_id` int(11) NOT NULL,
  `ticket_id` int(11) NOT NULL,
  PRIMARY KEY (`id`),
  UNIQUE KEY `helpdesk_ticketdependency_ticket_id_depends_on_id_43caa9be_uniq` (`ticket_id`,`depends_on_id`),
  KEY `helpdesk_ticketdepen_depends_on_id_e310efa4_fk_helpdesk_` (`depends_on_id`),
  CONSTRAINT `helpdesk_ticketdepen_depends_on_id_e310efa4_fk_helpdesk_` FOREIGN KEY (`depends_on_id`) REFERENCES `helpdesk_ticket` (`id`),
  CONSTRAINT `helpdesk_ticketdepen_ticket_id_618bbe6b_fk_helpdesk_` FOREIGN KEY (`ticket_id`) REFERENCES `helpdesk_ticket` (`id`)
) ENGINE=InnoDB DEFAULT CHARSET=utf8 COLLATE=utf8_bin;
/*!40101 SET character_set_client = @saved_cs_client */;

--
-- Dumping data for table `helpdesk_ticketdependency`
--

LOCK TABLES `helpdesk_ticketdependency` WRITE;
/*!40000 ALTER TABLE `helpdesk_ticketdependency` DISABLE KEYS */;
/*!40000 ALTER TABLE `helpdesk_ticketdependency` ENABLE KEYS */;
UNLOCK TABLES;

--
-- Table structure for table `helpdesk_usersettings`
--

DROP TABLE IF EXISTS `helpdesk_usersettings`;
/*!40101 SET @saved_cs_client     = @@character_set_client */;
/*!40101 SET character_set_client = utf8 */;
CREATE TABLE `helpdesk_usersettings` (
  `id` int(11) NOT NULL AUTO_INCREMENT,
  `settings_pickled` longtext COLLATE utf8_bin,
  `user_id` int(11) NOT NULL,
  PRIMARY KEY (`id`),
  UNIQUE KEY `user_id` (`user_id`),
  CONSTRAINT `helpdesk_usersettings_user_id_58123c87_fk_investors_id` FOREIGN KEY (`user_id`) REFERENCES `investors` (`id`)
) ENGINE=InnoDB AUTO_INCREMENT=4 DEFAULT CHARSET=utf8 COLLATE=utf8_bin;
/*!40101 SET character_set_client = @saved_cs_client */;

--
-- Dumping data for table `helpdesk_usersettings`
--

LOCK TABLES `helpdesk_usersettings` WRITE;
/*!40000 ALTER TABLE `helpdesk_usersettings` DISABLE KEYS */;
INSERT INTO `helpdesk_usersettings` VALUES (1,'b\'gAN9cQAoWBYAAAB1c2VfZW1haWxfYXNfc3VibWl0dGVycQGIWBYAAABlbWFpbF9vbl90aWNrZXRfYXNzaWducQKIWBYAAABlbWFpbF9vbl90aWNrZXRfY2hhbmdlcQOIWBUAAABsb2dpbl92aWV3X3RpY2tldGxpc3RxBIhYEAAAAHRpY2tldHNfcGVyX3BhZ2VxBUsZdS4=\'',1),(2,'b\'gAN9cQAoWBYAAAB1c2VfZW1haWxfYXNfc3VibWl0dGVycQGIWBYAAABlbWFpbF9vbl90aWNrZXRfYXNzaWducQKIWBYAAABlbWFpbF9vbl90aWNrZXRfY2hhbmdlcQOIWBUAAABsb2dpbl92aWV3X3RpY2tldGxpc3RxBIhYEAAAAHRpY2tldHNfcGVyX3BhZ2VxBUsZdS4=\'',2),(3,'gAN9cQAoWBYAAAB1c2VfZW1haWxfYXNfc3VibWl0dGVycQGIWBYAAABlbWFpbF9vbl90aWNrZXRfYXNzaWducQKIWBYAAABlbWFpbF9vbl90aWNrZXRfY2hhbmdlcQOIWBUAAABsb2dpbl92aWV3X3RpY2tldGxpc3RxBIhYEAAAAHRpY2tldHNfcGVyX3BhZ2VxBUsZdS4=',3);
/*!40000 ALTER TABLE `helpdesk_usersettings` ENABLE KEYS */;
UNLOCK TABLES;

--
-- Table structure for table `ico_info`
--

DROP TABLE IF EXISTS `ico_info`;
/*!40101 SET @saved_cs_client     = @@character_set_client */;
/*!40101 SET character_set_client = utf8 */;
CREATE TABLE `ico_info` (
  `id` int(11) NOT NULL AUTO_INCREMENT,
  `created_at` datetime(6) NOT NULL,
  `total_supply` decimal(65,0) NOT NULL,
  PRIMARY KEY (`id`)
) ENGINE=InnoDB AUTO_INCREMENT=13 DEFAULT CHARSET=utf8 COLLATE=utf8_bin;
/*!40101 SET character_set_client = @saved_cs_client */;

--
-- Dumping data for table `ico_info`
--

LOCK TABLES `ico_info` WRITE;
/*!40000 ALTER TABLE `ico_info` DISABLE KEYS */;
INSERT INTO `ico_info` VALUES (1,'2018-06-28 12:17:33.765903',1382719),(2,'2018-07-09 16:50:15.377620',1475144),(3,'2018-07-09 17:15:07.754602',1552165),(4,'2018-07-09 17:20:07.780562',1552165),(5,'2018-07-10 12:31:16.248829',1552165),(6,'2018-07-10 12:31:21.366128',1552165),(7,'2018-07-10 12:32:10.221725',1552165),(8,'2018-07-10 12:32:15.423862',1552165),(9,'2018-07-10 12:33:11.609746',1552165),(10,'2018-07-10 13:44:37.628866',1629186),(11,'2018-07-10 13:49:37.575545',1629186),(12,'2018-07-10 13:54:37.739730',1629186);
/*!40000 ALTER TABLE `ico_info` ENABLE KEYS */;
UNLOCK TABLES;

--
-- Table structure for table `investors`
--

DROP TABLE IF EXISTS `investors`;
/*!40101 SET @saved_cs_client     = @@character_set_client */;
/*!40101 SET character_set_client = utf8 */;
CREATE TABLE `investors` (
  `password` varchar(128) COLLATE utf8_bin NOT NULL,
  `last_login` datetime(6) DEFAULT NULL,
  `id` int(11) NOT NULL AUTO_INCREMENT,
  `email` varchar(254) COLLATE utf8_bin DEFAULT NULL,
  `eth_account` varchar(42) COLLATE utf8_bin DEFAULT NULL,
  `tokens_amount` decimal(65,0) NOT NULL,
  `date_joined` datetime(6) NOT NULL,
  `referral_id` varchar(16) COLLATE utf8_bin NOT NULL,
  `is_active` tinyint(1) NOT NULL,
  `referrer_id` int(11) DEFAULT NULL,
  `is_admin` tinyint(1) NOT NULL,
  `is_staff` tinyint(1) NOT NULL,
  PRIMARY KEY (`id`),
  UNIQUE KEY `referral_id` (`referral_id`),
  UNIQUE KEY `email` (`email`),
  UNIQUE KEY `eth_account` (`eth_account`),
  KEY `investors_referrer_id_fe866d5b_fk_investors_id` (`referrer_id`),
  CONSTRAINT `investors_referrer_id_fe866d5b_fk_investors_id` FOREIGN KEY (`referrer_id`) REFERENCES `investors` (`id`)
) ENGINE=InnoDB AUTO_INCREMENT=4 DEFAULT CHARSET=utf8 COLLATE=utf8_bin;
/*!40101 SET character_set_client = @saved_cs_client */;

--
-- Dumping data for table `investors`
--

LOCK TABLES `investors` WRITE;
/*!40000 ALTER TABLE `investors` DISABLE KEYS */;
INSERT INTO `investors` VALUES ('pbkdf2_sha256$100000$ViaNUVriAhO1$nVJqqsw9I9to8duja7LITEBBzgmORk6jh/elBXQR7BE=','2018-07-09 18:45:46.861042',1,'gordon@ongrid.pro','0xB0a3f48478d84a497f930d8455711d9981B66a70',856125,'2018-06-18 16:45:30.993391','p67gIuN5SW4Wgl6G',1,NULL,0,0),('pbkdf2_sha256$100000$TFShAbjSKP8X$aeeHdfNPUnOkwK6IUbyd5I3J3ZoFCyeulauoCFsLgCw=','2018-07-09 19:48:55.232080',2,'admin@ongrid.pro',NULL,0,'2018-06-20 14:46:55.376376','vQZi4EulZKW7vqyp',1,NULL,1,1),('pbkdf2_sha256$100000$mYMcMZxwAJbu$pAIT0RGvQLRZDez+GocgXrMSix+1v+my4wbRTtO7e14=','2018-07-09 19:34:07.151948',3,'r.nesytov@ongrid.pro','0xB63e4ECF7CECe510A94A7231BaFB70cdCa18b91e',737657,'2018-07-09 16:34:06.936612','eOoXDiwqDBY2vWB2',1,NULL,0,0);
/*!40000 ALTER TABLE `investors` ENABLE KEYS */;
UNLOCK TABLES;

--
-- Table structure for table `kyc`
--

DROP TABLE IF EXISTS `kyc`;
/*!40101 SET @saved_cs_client     = @@character_set_client */;
/*!40101 SET character_set_client = utf8 */;
CREATE TABLE `kyc` (
  `id` int(11) NOT NULL AUTO_INCREMENT,
  `state` varchar(10) COLLATE utf8_bin NOT NULL,
  `user_photo` varchar(100) COLLATE utf8_bin NOT NULL,
  `firstname` varchar(30) COLLATE utf8_bin NOT NULL,
  `midname` varchar(30) COLLATE utf8_bin DEFAULT NULL,
  `surname` varchar(30) COLLATE utf8_bin NOT NULL,
  `gender` varchar(1) COLLATE utf8_bin NOT NULL,
  `birthdate` date NOT NULL,
  `country` varchar(50) COLLATE utf8_bin NOT NULL,
  `city` varchar(50) COLLATE utf8_bin NOT NULL,
  `registration_address` varchar(500) COLLATE utf8_bin NOT NULL,
  `postcode` varchar(10) COLLATE utf8_bin NOT NULL,
  `document_type` varchar(50) COLLATE utf8_bin NOT NULL,
  `document_no` varchar(50) COLLATE utf8_bin NOT NULL,
  `document_country` varchar(50) COLLATE utf8_bin NOT NULL,
  `document_date` date NOT NULL,
  `document_photo` varchar(100) COLLATE utf8_bin NOT NULL,
  `decline_reason` longtext COLLATE utf8_bin,
  `approve_txn_id` char(32) COLLATE utf8_bin DEFAULT NULL,
  `investor_id` int(11) NOT NULL,
  `ticket_id` int(11) DEFAULT NULL,
  PRIMARY KEY (`id`),
  UNIQUE KEY `investor_id` (`investor_id`),
  KEY `kyc_ticket_id_ab40dc71_fk_helpdesk_ticket_id` (`ticket_id`),
  CONSTRAINT `kyc_investor_id_1910e4d7_fk_investors_id` FOREIGN KEY (`investor_id`) REFERENCES `investors` (`id`),
  CONSTRAINT `kyc_ticket_id_ab40dc71_fk_helpdesk_ticket_id` FOREIGN KEY (`ticket_id`) REFERENCES `helpdesk_ticket` (`id`)
) ENGINE=InnoDB AUTO_INCREMENT=26 DEFAULT CHARSET=utf8 COLLATE=utf8_bin;
/*!40101 SET character_set_client = @saved_cs_client */;

--
-- Dumping data for table `kyc`
--

LOCK TABLES `kyc` WRITE;
/*!40000 ALTER TABLE `kyc` DISABLE KEYS */;
INSERT INTO `kyc` VALUES (24,'APPROVED','kyc/1/selfie/download_2wtmvhU.jpeg','Roman','','Nesytov','M','1995-12-29','Russia','Moscow','4922','1244824','Passport','13123123','Russia','2012-01-01','kyc/1/photo/download_ZFJfLT3.jpeg',NULL,'0d50b991dc3c45e0acf68f8d992b4ce2',1,18),(25,'APPROVED','kyc/3/selfie/download.jpeg','Roman','','Nesytov','M','2018-03-30','Russia','Moscow','4922','1244824','Passport','123123','Russia','2912-12-09','kyc/3/photo/download.jpeg',NULL,'c88ec6f47d5a483c900f63a78d657831',3,19);
/*!40000 ALTER TABLE `kyc` ENABLE KEYS */;
UNLOCK TABLES;

--
-- Table structure for table `payments`
--

DROP TABLE IF EXISTS `payments`;
/*!40101 SET @saved_cs_client     = @@character_set_client */;
/*!40101 SET character_set_client = utf8 */;
CREATE TABLE `payments` (
  `id` int(11) NOT NULL AUTO_INCREMENT,
  `currency` varchar(5) COLLATE utf8_bin NOT NULL,
  `payer_account` varchar(50) COLLATE utf8_bin NOT NULL,
  `amount` decimal(65,18) NOT NULL,
  `amounti` decimal(65,0) NOT NULL,
  `external_id` varchar(100) COLLATE utf8_bin DEFAULT NULL,
  `txn_id` varchar(100) COLLATE utf8_bin NOT NULL,
  `received_at` datetime(6) NOT NULL,
  `tokens_move_id` int(11) NOT NULL,
  PRIMARY KEY (`id`),
  KEY `payments_tokens_move_id_8d316d9f_fk_tokens_moves_id` (`tokens_move_id`),
  CONSTRAINT `payments_tokens_move_id_8d316d9f_fk_tokens_moves_id` FOREIGN KEY (`tokens_move_id`) REFERENCES `tokens_moves` (`id`)
) ENGINE=InnoDB AUTO_INCREMENT=22 DEFAULT CHARSET=utf8 COLLATE=utf8_bin;
/*!40101 SET character_set_client = @saved_cs_client */;

--
-- Dumping data for table `payments`
--

LOCK TABLES `payments` WRITE;
/*!40000 ALTER TABLE `payments` DISABLE KEYS */;
INSERT INTO `payments` VALUES (1,'ETH','0xB0a3f48478d84a497f930d8455711d9981B66a70',1.230000000000000000,1230000000000000000,NULL,'0x3528ca76a93a02edd1f0b4aace3e45e63cd3d3ff277870e8d661a798a71f85e8','2018-06-26 14:09:44.548110',6),(2,'ETH','0xB0a3f48478d84a497f930d8455711d9981B66a70',1.000000000000000000,1000000000000000000,NULL,'0x4a20c3d5445fec65d5cbf1bdcf82f3aa54838ad1cf7e3019229d0980bceee0f4','2018-06-26 14:09:45.297855',10),(3,'ETH','0xB0a3f48478d84a497f930d8455711d9981B66a70',1.000000000000000000,1000000000000000000,NULL,'0x3893af392eeefa2cb606cd4ef00eccf86bfde80856ed27396770586cef3d7541','2018-06-26 14:09:56.255244',40),(4,'ETH','0xB0a3f48478d84a497f930d8455711d9981B66a70',0.100000000000000000,100000000000000000,NULL,'0x03059d2153218d04f15963d1875af3aeeab4d54e4eea317428916555f0f13f72','2018-06-26 14:10:03.098095',58),(5,'ETH','0xB0a3f48478d84a497f930d8455711d9981B66a70',0.100000000000000000,100000000000000000,NULL,'0x7137e18890be5985475dc7a86182c7747be62c4e647cf48092c635d1fb3f34fc','2018-06-26 14:10:03.426673',59),(6,'ETH','0xB0a3f48478d84a497f930d8455711d9981B66a70',0.500000000000000000,500000000000000000,NULL,'0x6638e6f4a63154a41bf8ca79d8fcab6cbd291744f5db8fa8eca4dd81a1e31fce','2018-06-26 14:10:03.753217',60),(7,'ETH','0xB0a3f48478d84a497f930d8455711d9981B66a70',0.500000000000000000,500000000000000000,NULL,'0x1c14226c21b16aca553378cd254fa41076cad29a46b56daa78fa53446fe67ae7','2018-06-26 14:10:04.086091',61),(8,'ETH','0xB0a3f48478d84a497f930d8455711d9981B66a70',1.000000000000000000,1000000000000000000,NULL,'0x675a4aa4003b2b3ceedcc7c3e0ecedfbd58f24f326592ee023222addb0dc68ad','2018-06-26 14:10:04.415964',62),(9,'ETH','0xB0a3f48478d84a497f930d8455711d9981B66a70',1.000000000000000000,1000000000000000000,NULL,'0x9a46b3843315cc999c54a7f531d5827af64c187269a7b9359030611092dc257b','2018-06-26 14:10:06.774724',68),(10,'ETH','0xB0a3f48478d84a497f930d8455711d9981B66a70',1.800000000000000000,1800000000000000000,NULL,'0x83642da93fe064ccbde86dc83f1e7871fbc57cf07a03e33e11e1171f2a520190','2018-06-26 14:10:11.937334',82),(11,'ETH','0xB63e4ECF7CECe510A94A7231BaFB70cdCa18b91e',1.000000000000000000,1000000000000000000,NULL,'0x6522b59161779c8a87706e11095af7649bbf588a7088f30c9a9c3f40440281d5','2018-06-26 14:10:19.159085',107),(12,'ETH','0xB63e4ECF7CECe510A94A7231BaFB70cdCa18b91e',1.000000000000000000,1000000000000000000,NULL,'0x07d69732220cbb3c0bc2e6786eb36f5f216d71cb195ae45f335af0e908f4d9f2','2018-06-26 14:10:19.461190',110),(13,'ETH','0xB63e4ECF7CECe510A94A7231BaFB70cdCa18b91e',1.000000000000000000,1000000000000000000,NULL,'0xb806323772cc21ffe4000ca338038b058d73b975fb6594fc800e8fc863a2f5d7','2018-06-26 14:10:19.709505',112),(14,'ETH','0xB63e4ECF7CECe510A94A7231BaFB70cdCa18b91e',1.000000000000000000,1000000000000000000,NULL,'0xc5820603ab479c8bfdbd57dc4585cdacbbffdd061b6ed0efebfdf5c2783a6612','2018-06-26 14:10:19.763668',113),(15,'ETH','0xB63e4ECF7CECe510A94A7231BaFB70cdCa18b91e',1.000000000000000000,1000000000000000000,NULL,'0xc1ad3bf990668a3c90ed2758084081cbb23505d56b6635fbb26b3e40588d8fb5','2018-06-26 14:10:19.801672',114),(16,'ETH','0xB0a3f48478d84a497f930d8455711d9981B66a70',1.000000000000000000,1000000000000000000,NULL,'0xd7afdc04ef2e34e6721ae5f3ff97ce982e7be89358a8313dbab4ab06bbd8d049','2018-06-26 14:10:20.467980',117),(17,'ETH','0x73015966604928A312F79F7E69291a656Cb88602',0.100000000000000000,100000000000000000,NULL,'0xda12683ad34f8a07ab483df2c30c1750e9334a186f003df8d01b21c471540d70','2018-07-09 17:10:09.867715',120),(18,'ETH','0xB0a3f48478d84a497f930d8455711d9981B66a70',1.000000000000000000,1000000000000000000,NULL,'0x787e288ee6077c1a3227ce19944ce2fa2a53fa142b1788dfdc8770cbbc50cbd5','2018-07-09 17:10:09.875112',118),(19,'ETH','0x73015966604928A312F79F7E69291a656Cb88602',0.100000000000000000,100000000000000000,NULL,'0xe03d802155330f5fbe044dde67889045c4d722a1858e3bedd1c71beca9fcb134','2018-07-09 17:10:09.881394',119),(20,'ETH','0xB63e4ECF7CECe510A94A7231BaFB70cdCa18b91e',1.000000000000000000,1000000000000000000,NULL,'0x246e01ba7cc398361aee17b99df36774c1657adf39a2efefd8034a9dee26f120','2018-07-09 17:12:07.804547',121),(21,'ETH','0xB63e4ECF7CECe510A94A7231BaFB70cdCa18b91e',1.000000000000000000,1000000000000000000,NULL,'0x90e62e9f0996dfa3660191c749eedac1b7082e27a67970cdbb528c64296a6fff','2018-07-10 13:24:57.006650',122);
/*!40000 ALTER TABLE `payments` ENABLE KEYS */;
UNLOCK TABLES;

--
-- Table structure for table `phases`
--

DROP TABLE IF EXISTS `phases`;
/*!40101 SET @saved_cs_client     = @@character_set_client */;
/*!40101 SET character_set_client = utf8 */;
CREATE TABLE `phases` (
  `id` int(11) NOT NULL AUTO_INCREMENT,
  `name` varchar(500) COLLATE utf8_bin NOT NULL,
  `begin_date` datetime(6) NOT NULL,
  `end_date` datetime(6) NOT NULL,
  `bonus_percents` int(11) NOT NULL,
  `hard_cap` decimal(65,0) NOT NULL,
  PRIMARY KEY (`id`)
) ENGINE=InnoDB AUTO_INCREMENT=2 DEFAULT CHARSET=utf8 COLLATE=utf8_bin;
/*!40101 SET character_set_client = @saved_cs_client */;

--
-- Dumping data for table `phases`
--

LOCK TABLES `phases` WRITE;
/*!40000 ALTER TABLE `phases` DISABLE KEYS */;
INSERT INTO `phases` VALUES (1,'Current phase','2018-06-01 00:00:00.000000','2018-09-01 23:59:59.000000',40,1000000);
/*!40000 ALTER TABLE `phases` ENABLE KEYS */;
UNLOCK TABLES;

--
-- Table structure for table `social_auth_association`
--

DROP TABLE IF EXISTS `social_auth_association`;
/*!40101 SET @saved_cs_client     = @@character_set_client */;
/*!40101 SET character_set_client = utf8 */;
CREATE TABLE `social_auth_association` (
  `id` int(11) NOT NULL AUTO_INCREMENT,
  `server_url` varchar(255) COLLATE utf8_bin NOT NULL,
  `handle` varchar(255) COLLATE utf8_bin NOT NULL,
  `secret` varchar(255) COLLATE utf8_bin NOT NULL,
  `issued` int(11) NOT NULL,
  `lifetime` int(11) NOT NULL,
  `assoc_type` varchar(64) COLLATE utf8_bin NOT NULL,
  PRIMARY KEY (`id`),
  UNIQUE KEY `social_auth_association_server_url_handle_078befa2_uniq` (`server_url`,`handle`)
) ENGINE=InnoDB DEFAULT CHARSET=utf8 COLLATE=utf8_bin;
/*!40101 SET character_set_client = @saved_cs_client */;

--
-- Dumping data for table `social_auth_association`
--

LOCK TABLES `social_auth_association` WRITE;
/*!40000 ALTER TABLE `social_auth_association` DISABLE KEYS */;
/*!40000 ALTER TABLE `social_auth_association` ENABLE KEYS */;
UNLOCK TABLES;

--
-- Table structure for table `social_auth_code`
--

DROP TABLE IF EXISTS `social_auth_code`;
/*!40101 SET @saved_cs_client     = @@character_set_client */;
/*!40101 SET character_set_client = utf8 */;
CREATE TABLE `social_auth_code` (
  `id` int(11) NOT NULL AUTO_INCREMENT,
  `email` varchar(254) COLLATE utf8_bin NOT NULL,
  `code` varchar(32) COLLATE utf8_bin NOT NULL,
  `verified` tinyint(1) NOT NULL,
  `timestamp` datetime(6) NOT NULL,
  PRIMARY KEY (`id`),
  UNIQUE KEY `social_auth_code_email_code_801b2d02_uniq` (`email`,`code`),
  KEY `social_auth_code_code_a2393167` (`code`),
  KEY `social_auth_code_timestamp_176b341f` (`timestamp`)
) ENGINE=InnoDB AUTO_INCREMENT=4 DEFAULT CHARSET=utf8 COLLATE=utf8_bin;
/*!40101 SET character_set_client = @saved_cs_client */;

--
-- Dumping data for table `social_auth_code`
--

LOCK TABLES `social_auth_code` WRITE;
/*!40000 ALTER TABLE `social_auth_code` DISABLE KEYS */;
INSERT INTO `social_auth_code` VALUES (1,'r.nesytov@ongrid.pro','e0d79c8f27b74e478a676544b5f464ba',1,'2018-06-18 19:45:12.533668'),(2,'r.nesytov@gmail.com','fd07f238745d49668f8aa843a578ce92',0,'2018-07-09 18:44:40.141847'),(3,'r.nesytov@ongrid.pro','8b912916a1ec47909feca17f22885c94',1,'2018-07-09 19:33:54.676577');
/*!40000 ALTER TABLE `social_auth_code` ENABLE KEYS */;
UNLOCK TABLES;

--
-- Table structure for table `social_auth_nonce`
--

DROP TABLE IF EXISTS `social_auth_nonce`;
/*!40101 SET @saved_cs_client     = @@character_set_client */;
/*!40101 SET character_set_client = utf8 */;
CREATE TABLE `social_auth_nonce` (
  `id` int(11) NOT NULL AUTO_INCREMENT,
  `server_url` varchar(255) COLLATE utf8_bin NOT NULL,
  `timestamp` int(11) NOT NULL,
  `salt` varchar(65) COLLATE utf8_bin NOT NULL,
  PRIMARY KEY (`id`),
  UNIQUE KEY `social_auth_nonce_server_url_timestamp_salt_f6284463_uniq` (`server_url`,`timestamp`,`salt`)
) ENGINE=InnoDB DEFAULT CHARSET=utf8 COLLATE=utf8_bin;
/*!40101 SET character_set_client = @saved_cs_client */;

--
-- Dumping data for table `social_auth_nonce`
--

LOCK TABLES `social_auth_nonce` WRITE;
/*!40000 ALTER TABLE `social_auth_nonce` DISABLE KEYS */;
/*!40000 ALTER TABLE `social_auth_nonce` ENABLE KEYS */;
UNLOCK TABLES;

--
-- Table structure for table `social_auth_partial`
--

DROP TABLE IF EXISTS `social_auth_partial`;
/*!40101 SET @saved_cs_client     = @@character_set_client */;
/*!40101 SET character_set_client = utf8 */;
CREATE TABLE `social_auth_partial` (
  `id` int(11) NOT NULL AUTO_INCREMENT,
  `token` varchar(32) COLLATE utf8_bin NOT NULL,
  `next_step` smallint(5) unsigned NOT NULL,
  `backend` varchar(32) COLLATE utf8_bin NOT NULL,
  `data` longtext COLLATE utf8_bin NOT NULL,
  `timestamp` datetime(6) NOT NULL,
  PRIMARY KEY (`id`),
  KEY `social_auth_partial_token_3017fea3` (`token`),
  KEY `social_auth_partial_timestamp_50f2119f` (`timestamp`)
) ENGINE=InnoDB AUTO_INCREMENT=4 DEFAULT CHARSET=utf8 COLLATE=utf8_bin;
/*!40101 SET character_set_client = @saved_cs_client */;

--
-- Dumping data for table `social_auth_partial`
--

LOCK TABLES `social_auth_partial` WRITE;
/*!40000 ALTER TABLE `social_auth_partial` DISABLE KEYS */;
INSERT INTO `social_auth_partial` VALUES (1,'003654bafb5f4d2ab87ff87a302db392',4,'email','{\"args\": [], \"kwargs\": {\"password\": \"q123q123q123\", \"response\": {\"email\": [\"r.nesytov@ongrid.pro\"], \"password1\": [\"q123q123q123\"], \"password2\": [\"q123q123q123\"], \"g-recaptcha-response\": [\"03ACgFB9vMux03ChzSoEPwDxYPbr2kChNQjR2PryVngjffb6bCOOL4ZITMw81B54WvBVbEp0N-49HNeain1kNrO_iJe20w6uuG891SQP_uYzmdyzNzMd4Ix7i43LM78TwZIM36OESGtfJb6wUQoWjp-m1djrxmSbnyQ1H_OSxZtsawjavya8CdNHOL42aSYsC0-Riw33rGSUOlAe1AVO-SnmA6c-tLz1itSdfFTRsB0u0SrMv7vpFYS0nnpW468ivo_ETSlgzl8Riz0JAqOF_e7WQZCT86llSiVpF5QQSaJLLVSZBseluILSATT7zsjtBGgkyO4d3HNSGeHc17shBOtb44WVA1ydCo5QTJWCtWya1tyMC5gliPCLYkdJ7xeJrBaylqtFsTBrCnHD-k5TgPgguA5lbZ_ALazffY9pMctIrwHLw-pE1UBOuR_SHplaUQosLfdOTVnNkT\"], \"csrfmiddlewaretoken\": [\"N5wWaZL8tYCS7GaRXtsTwQCsLAGJhdNLHtlx6Gq1PrmTGPjBPddfYhadM8CcOJAk\"]}, \"is_new\": true, \"details\": {\"username\": \"r.nesytov\", \"email\": \"r.nesytov@ongrid.pro\", \"fullname\": \"\", \"first_name\": \"\", \"last_name\": \"\"}, \"uid\": \"r.nesytov@ongrid.pro\", \"new_association\": true, \"username\": null, \"user\": null, \"social\": null}}','2018-06-18 19:45:15.291178'),(3,'11e2aca95d6e48f3a908512c7ac78bd0',4,'email','{\"args\": [], \"kwargs\": {\"password\": \"q123q123q123\", \"response\": {\"email\": [\"r.nesytov@ongrid.pro\"], \"password1\": [\"q123q123q123\"], \"password2\": [\"q123q123q123\"], \"g-recaptcha-response\": [\"03ACgFB9tKWvE_hbptXfkXI6tIn48zLDALs4w_DJrmmwc85172WMqvxd2UyMQFBXlNT4ZuH54ja0salB04DQ0sv7QQ7L9tSyE-eEDk4-p6aQAbfF8_B7lQpeIJp8aVSiq-P10W6JlIZQMFcNJ3w3SWkxNuaGxYr820AcIei2_cVtfyJWwljMTUQdvuZ_QWQIbld74AUSDdh2nt4Fl3DUsFbeMGBQ5kVMa6NADfjr2K-0Rs9Gu5wAnp8ENuI-4Okk4qvLOjEzQxhNyRckvMgu_u3Cbfyrn25_Rxgn7uGoQUrx1ldoGTgeFqaiVOyD2iccQn53YQ5sku9r0TghL2UVcau5IuXFfbYJYx2TagzM_t8_rH-fJf1oIIG0PhAH52U3BmSFaySd04U8fqy5bQDpsvLSfsozLNJwjmNPNMgS7DMJLANjS_UFr2BczSAVbno4Da2UvKyB8jZAPj\"], \"csrfmiddlewaretoken\": [\"Dl1YQLIdkoVUlkx9PggFMZHAQmfw1RixM25nOg6stuoJ4l36nmzvCEbDXNpqnzNH\"]}, \"is_new\": true, \"details\": {\"username\": \"r.nesytov\", \"email\": \"r.nesytov@ongrid.pro\", \"fullname\": \"\", \"first_name\": \"\", \"last_name\": \"\"}, \"uid\": \"r.nesytov@ongrid.pro\", \"new_association\": true, \"username\": null, \"user\": null, \"social\": null}}','2018-07-09 19:33:56.407255');
/*!40000 ALTER TABLE `social_auth_partial` ENABLE KEYS */;
UNLOCK TABLES;

--
-- Table structure for table `social_auth_usersocialauth`
--

DROP TABLE IF EXISTS `social_auth_usersocialauth`;
/*!40101 SET @saved_cs_client     = @@character_set_client */;
/*!40101 SET character_set_client = utf8 */;
CREATE TABLE `social_auth_usersocialauth` (
  `id` int(11) NOT NULL AUTO_INCREMENT,
  `provider` varchar(32) COLLATE utf8_bin NOT NULL,
  `uid` varchar(255) COLLATE utf8_bin NOT NULL,
  `extra_data` longtext COLLATE utf8_bin NOT NULL,
  `user_id` int(11) NOT NULL,
  PRIMARY KEY (`id`),
  UNIQUE KEY `social_auth_usersocialauth_provider_uid_e6b5e668_uniq` (`provider`,`uid`),
  KEY `social_auth_usersocialauth_user_id_17d28448_fk_investors_id` (`user_id`),
  CONSTRAINT `social_auth_usersocialauth_user_id_17d28448_fk_investors_id` FOREIGN KEY (`user_id`) REFERENCES `investors` (`id`)
) ENGINE=InnoDB AUTO_INCREMENT=3 DEFAULT CHARSET=utf8 COLLATE=utf8_bin;
/*!40101 SET character_set_client = @saved_cs_client */;

--
-- Dumping data for table `social_auth_usersocialauth`
--

LOCK TABLES `social_auth_usersocialauth` WRITE;
/*!40000 ALTER TABLE `social_auth_usersocialauth` DISABLE KEYS */;
INSERT INTO `social_auth_usersocialauth` VALUES (2,'email','r.nesytov@ongrid.pro','{}',3);
/*!40000 ALTER TABLE `social_auth_usersocialauth` ENABLE KEYS */;
UNLOCK TABLES;

--
-- Table structure for table `tokens_moves`
--

DROP TABLE IF EXISTS `tokens_moves`;
/*!40101 SET @saved_cs_client     = @@character_set_client */;
/*!40101 SET character_set_client = utf8 */;
CREATE TABLE `tokens_moves` (
  `id` int(11) NOT NULL AUTO_INCREMENT,
  `amount` decimal(65,0) NOT NULL,
  `created_at` datetime(6) NOT NULL,
  `actualized_at` datetime(6) DEFAULT NULL,
  `state` varchar(10) COLLATE utf8_bin NOT NULL,
  `direction` varchar(3) COLLATE utf8_bin NOT NULL,
  `investor_account` varchar(42) COLLATE utf8_bin NOT NULL,
  `transfer_id` int(11) NOT NULL,
  PRIMARY KEY (`id`),
  KEY `tokens_moves_investor_account_e31641e0` (`investor_account`),
  KEY `tokens_moves_transfer_id_48e7ff8b_fk_transfers_id` (`transfer_id`),
  CONSTRAINT `tokens_moves_transfer_id_48e7ff8b_fk_transfers_id` FOREIGN KEY (`transfer_id`) REFERENCES `transfers` (`id`)
) ENGINE=InnoDB AUTO_INCREMENT=123 DEFAULT CHARSET=utf8 COLLATE=utf8_bin;
/*!40101 SET character_set_client = @saved_cs_client */;

--
-- Dumping data for table `tokens_moves`
--

LOCK TABLES `tokens_moves` WRITE;
/*!40000 ALTER TABLE `tokens_moves` DISABLE KEYS */;
INSERT INTO `tokens_moves` VALUES (1,90000,'2018-06-26 14:09:43.515095','2018-06-26 14:09:43.515388','ACTUAL','IN','0xB63e4ECF7CECe510A94A7231BaFB70cdCa18b91e',1),(2,0,'2018-06-26 14:09:43.539757','2018-06-26 14:09:43.539964','ACTUAL','IN','0xB0a3f48478d84a497f930d8455711d9981B66a70',3),(3,4000,'2018-06-26 14:09:43.540472','2018-06-26 14:09:43.540639','ACTUAL','IN','0xB63e4ECF7CECe510A94A7231BaFB70cdCa18b91e',2),(4,90000,'2018-06-26 14:09:43.548503','2018-06-26 14:09:43.548559','ACTUAL','OUT','0xB0a3f48478d84a497f930d8455711d9981B66a70',1),(5,4000,'2018-06-26 14:09:43.552561','2018-06-26 14:09:43.552695','ACTUAL','OUT','0xB0a3f48478d84a497f930d8455711d9981B66a70',2),(6,94735,'2018-06-26 14:09:43.558603','2018-06-26 14:09:43.558839','ACTUAL','IN','0xB0a3f48478d84a497f930d8455711d9981B66a70',4),(7,100000,'2018-06-26 14:09:44.074706','2018-06-26 14:09:44.074771','ACTUAL','IN','0xB0a3f48478d84a497f930d8455711d9981B66a70',5),(8,4000,'2018-06-26 14:09:44.089540','2018-06-26 14:09:44.089590','ACTUAL','IN','0xB63e4ECF7CECe510A94A7231BaFB70cdCa18b91e',6),(9,4000,'2018-06-26 14:09:44.094263','2018-06-26 14:09:44.094309','ACTUAL','OUT','0xB0a3f48478d84a497f930d8455711d9981B66a70',6),(10,77021,'2018-06-26 14:09:44.106181','2018-06-26 14:09:44.106235','ACTUAL','IN','0xB0a3f48478d84a497f930d8455711d9981B66a70',7),(11,1995,'2018-06-26 14:09:44.568992','2018-06-26 14:09:44.569060','ACTUAL','IN','0xB0a3f48478d84a497f930d8455711d9981B66a70',8),(12,1995,'2018-06-26 14:09:44.940450','2018-06-26 14:09:44.940526','ACTUAL','IN','0xB0a3f48478d84a497f930d8455711d9981B66a70',9),(13,1995,'2018-06-26 14:09:44.968524','2018-06-26 14:09:44.968644','ACTUAL','IN','0xB0a3f48478d84a497f930d8455711d9981B66a70',10),(14,1995,'2018-06-26 14:09:45.320802','2018-06-26 14:09:45.320880','ACTUAL','IN','0xB0a3f48478d84a497f930d8455711d9981B66a70',11),(15,1995,'2018-06-26 14:09:45.641298','2018-06-26 14:09:45.641339','ACTUAL','IN','0xB0a3f48478d84a497f930d8455711d9981B66a70',12),(16,1995,'2018-06-26 14:09:45.983867','2018-06-26 14:09:45.983954','ACTUAL','IN','0xB0a3f48478d84a497f930d8455711d9981B66a70',13),(17,1995,'2018-06-26 14:09:46.388718','2018-06-26 14:09:46.388767','ACTUAL','IN','0xB0a3f48478d84a497f930d8455711d9981B66a70',14),(18,1995,'2018-06-26 14:09:46.698144','2018-06-26 14:09:46.698200','ACTUAL','IN','0xB0a3f48478d84a497f930d8455711d9981B66a70',15),(19,1995,'2018-06-26 14:09:47.059704','2018-06-26 14:09:47.059763','ACTUAL','IN','0xB0a3f48478d84a497f930d8455711d9981B66a70',16),(20,1994,'2018-06-26 14:09:47.315964','2018-06-26 14:09:47.316008','ACTUAL','IN','0xB0a3f48478d84a497f930d8455711d9981B66a70',17),(21,1994,'2018-06-26 14:09:47.627279','2018-06-26 14:09:47.627331','ACTUAL','IN','0xB0a3f48478d84a497f930d8455711d9981B66a70',18),(22,1994,'2018-06-26 14:09:47.941605','2018-06-26 14:09:47.941652','ACTUAL','IN','0xB0a3f48478d84a497f930d8455711d9981B66a70',19),(23,1994,'2018-06-26 14:09:48.276182','2018-06-26 14:09:48.276250','ACTUAL','IN','0xB0a3f48478d84a497f930d8455711d9981B66a70',20),(24,1994,'2018-06-26 14:09:48.587005','2018-06-26 14:09:48.587046','ACTUAL','IN','0xB0a3f48478d84a497f930d8455711d9981B66a70',21),(25,1994,'2018-06-26 14:09:48.988086','2018-06-26 14:09:48.988127','ACTUAL','IN','0xB0a3f48478d84a497f930d8455711d9981B66a70',22),(26,1994,'2018-06-26 14:09:49.325194','2018-06-26 14:09:49.325256','ACTUAL','IN','0xB0a3f48478d84a497f930d8455711d9981B66a70',23),(27,1994,'2018-06-26 14:09:49.631187','2018-06-26 14:09:49.631230','ACTUAL','IN','0xB0a3f48478d84a497f930d8455711d9981B66a70',24),(28,1994,'2018-06-26 14:09:49.997333','2018-06-26 14:09:49.997370','ACTUAL','IN','0xB0a3f48478d84a497f930d8455711d9981B66a70',25),(29,1994,'2018-06-26 14:09:50.312805','2018-06-26 14:09:50.312846','ACTUAL','IN','0xB0a3f48478d84a497f930d8455711d9981B66a70',26),(30,1994,'2018-06-26 14:09:50.739414','2018-06-26 14:09:50.739463','ACTUAL','IN','0xB0a3f48478d84a497f930d8455711d9981B66a70',27),(31,1994,'2018-06-26 14:09:51.369144','2018-06-26 14:09:51.369230','ACTUAL','IN','0xB0a3f48478d84a497f930d8455711d9981B66a70',28),(32,1994,'2018-06-26 14:09:51.679469','2018-06-26 14:09:51.679540','ACTUAL','IN','0xB0a3f48478d84a497f930d8455711d9981B66a70',29),(33,1994,'2018-06-26 14:09:52.048981','2018-06-26 14:09:52.049049','ACTUAL','IN','0xB0a3f48478d84a497f930d8455711d9981B66a70',30),(34,2287,'2018-06-26 14:09:52.472751','2018-06-26 14:09:52.472800','ACTUAL','IN','0xB0a3f48478d84a497f930d8455711d9981B66a70',31),(35,2287,'2018-06-26 14:09:52.806645','2018-06-26 14:09:52.806686','ACTUAL','IN','0xB0a3f48478d84a497f930d8455711d9981B66a70',32),(36,2287,'2018-06-26 14:09:53.349785','2018-06-26 14:09:53.349839','ACTUAL','IN','0xB0a3f48478d84a497f930d8455711d9981B66a70',33),(37,2287,'2018-06-26 14:09:53.805106','2018-06-26 14:09:53.805161','ACTUAL','IN','0xB0a3f48478d84a497f930d8455711d9981B66a70',34),(38,1923,'2018-06-26 14:09:54.152552','2018-06-26 14:09:54.152607','ACTUAL','IN','0xB0a3f48478d84a497f930d8455711d9981B66a70',35),(39,1923,'2018-06-26 14:09:54.475283','2018-06-26 14:09:54.475330','ACTUAL','IN','0xB0a3f48478d84a497f930d8455711d9981B66a70',36),(40,77021,'2018-06-26 14:09:54.815577','2018-06-26 14:09:54.815656','ACTUAL','IN','0xB0a3f48478d84a497f930d8455711d9981B66a70',37),(41,1994,'2018-06-26 14:09:55.267605','2018-06-26 14:09:55.267672','ACTUAL','IN','0xB0a3f48478d84a497f930d8455711d9981B66a70',38),(42,1994,'2018-06-26 14:09:55.585562','2018-06-26 14:09:55.585623','ACTUAL','IN','0xB0a3f48478d84a497f930d8455711d9981B66a70',39),(43,1994,'2018-06-26 14:09:55.955310','2018-06-26 14:09:55.955350','ACTUAL','IN','0xB0a3f48478d84a497f930d8455711d9981B66a70',40),(44,1994,'2018-06-26 14:09:56.272689','2018-06-26 14:09:56.272730','ACTUAL','IN','0xB0a3f48478d84a497f930d8455711d9981B66a70',41),(45,1994,'2018-06-26 14:09:56.605327','2018-06-26 14:09:56.605372','ACTUAL','IN','0xB0a3f48478d84a497f930d8455711d9981B66a70',42),(46,1994,'2018-06-26 14:09:56.922435','2018-06-26 14:09:56.922470','ACTUAL','IN','0xB0a3f48478d84a497f930d8455711d9981B66a70',43),(47,1994,'2018-06-26 14:09:57.303286','2018-06-26 14:09:57.303350','ACTUAL','IN','0xB0a3f48478d84a497f930d8455711d9981B66a70',44),(48,1994,'2018-06-26 14:09:57.616187','2018-06-26 14:09:57.616237','ACTUAL','IN','0xB0a3f48478d84a497f930d8455711d9981B66a70',45),(49,1994,'2018-06-26 14:09:57.915345','2018-06-26 14:09:57.915402','ACTUAL','IN','0xB0a3f48478d84a497f930d8455711d9981B66a70',46),(50,1994,'2018-06-26 14:09:58.312589','2018-06-26 14:09:58.312644','ACTUAL','IN','0xB0a3f48478d84a497f930d8455711d9981B66a70',47),(51,1994,'2018-06-26 14:09:58.625722','2018-06-26 14:09:58.625795','ACTUAL','IN','0xB0a3f48478d84a497f930d8455711d9981B66a70',48),(52,1994,'2018-06-26 14:09:59.013327','2018-06-26 14:09:59.013381','ACTUAL','IN','0xB0a3f48478d84a497f930d8455711d9981B66a70',49),(53,1994,'2018-06-26 14:09:59.762804','2018-06-26 14:09:59.762876','ACTUAL','IN','0xB0a3f48478d84a497f930d8455711d9981B66a70',50),(54,1994,'2018-06-26 14:10:00.102612','2018-06-26 14:10:00.102675','ACTUAL','IN','0xB0a3f48478d84a497f930d8455711d9981B66a70',51),(55,1994,'2018-06-26 14:10:00.408591','2018-06-26 14:10:00.408661','ACTUAL','IN','0xB0a3f48478d84a497f930d8455711d9981B66a70',52),(56,1994,'2018-06-26 14:10:00.724659','2018-06-26 14:10:00.724704','ACTUAL','IN','0xB0a3f48478d84a497f930d8455711d9981B66a70',53),(57,1994,'2018-06-26 14:10:01.043836','2018-06-26 14:10:01.043889','ACTUAL','IN','0xB0a3f48478d84a497f930d8455711d9981B66a70',54),(58,7702,'2018-06-26 14:10:01.458508','2018-06-26 14:10:01.458568','ACTUAL','IN','0xB0a3f48478d84a497f930d8455711d9981B66a70',55),(59,7702,'2018-06-26 14:10:01.871371','2018-06-26 14:10:01.871448','ACTUAL','IN','0xB0a3f48478d84a497f930d8455711d9981B66a70',56),(60,38510,'2018-06-26 14:10:02.345069','2018-06-26 14:10:02.345117','ACTUAL','IN','0xB0a3f48478d84a497f930d8455711d9981B66a70',57),(61,38510,'2018-06-26 14:10:02.695917','2018-06-26 14:10:02.695975','ACTUAL','IN','0xB0a3f48478d84a497f930d8455711d9981B66a70',58),(62,77021,'2018-06-26 14:10:03.108023','2018-06-26 14:10:03.108072','ACTUAL','IN','0xB0a3f48478d84a497f930d8455711d9981B66a70',59),(63,1994,'2018-06-26 14:10:03.437872','2018-06-26 14:10:03.437906','ACTUAL','IN','0xB0a3f48478d84a497f930d8455711d9981B66a70',60),(64,1994,'2018-06-26 14:10:03.768979','2018-06-26 14:10:03.769044','ACTUAL','IN','0xB0a3f48478d84a497f930d8455711d9981B66a70',61),(65,1994,'2018-06-26 14:10:04.105135','2018-06-26 14:10:04.105177','ACTUAL','IN','0xB0a3f48478d84a497f930d8455711d9981B66a70',62),(66,1994,'2018-06-26 14:10:04.433053','2018-06-26 14:10:04.433098','ACTUAL','IN','0xB0a3f48478d84a497f930d8455711d9981B66a70',63),(67,1994,'2018-06-26 14:10:04.776193','2018-06-26 14:10:04.776265','ACTUAL','IN','0xB0a3f48478d84a497f930d8455711d9981B66a70',64),(68,77021,'2018-06-26 14:10:05.140474','2018-06-26 14:10:05.140518','ACTUAL','IN','0xB0a3f48478d84a497f930d8455711d9981B66a70',65),(69,1994,'2018-06-26 14:10:05.452823','2018-06-26 14:10:05.452894','ACTUAL','IN','0xB0a3f48478d84a497f930d8455711d9981B66a70',66),(70,1994,'2018-06-26 14:10:05.897451','2018-06-26 14:10:05.897512','ACTUAL','IN','0xB0a3f48478d84a497f930d8455711d9981B66a70',67),(71,1994,'2018-06-26 14:10:06.239383','2018-06-26 14:10:06.239453','ACTUAL','IN','0xB0a3f48478d84a497f930d8455711d9981B66a70',68),(72,1994,'2018-06-26 14:10:06.795106','2018-06-26 14:10:06.795178','ACTUAL','IN','0xB0a3f48478d84a497f930d8455711d9981B66a70',69),(73,1994,'2018-06-26 14:10:07.127546','2018-06-26 14:10:07.127586','ACTUAL','IN','0xB0a3f48478d84a497f930d8455711d9981B66a70',70),(74,1994,'2018-06-26 14:10:07.473615','2018-06-26 14:10:07.473654','ACTUAL','IN','0xB0a3f48478d84a497f930d8455711d9981B66a70',71),(75,1994,'2018-06-26 14:10:07.780843','2018-06-26 14:10:07.780900','ACTUAL','IN','0xB0a3f48478d84a497f930d8455711d9981B66a70',72),(76,1703,'2018-06-26 14:10:08.112554','2018-06-26 14:10:08.112671','ACTUAL','IN','0xB0a3f48478d84a497f930d8455711d9981B66a70',73),(77,1703,'2018-06-26 14:10:08.432147','2018-06-26 14:10:08.432202','ACTUAL','IN','0xB0a3f48478d84a497f930d8455711d9981B66a70',74),(78,1703,'2018-06-26 14:10:08.776056','2018-06-26 14:10:08.776125','ACTUAL','IN','0xB0a3f48478d84a497f930d8455711d9981B66a70',75),(79,1703,'2018-06-26 14:10:09.198290','2018-06-26 14:10:09.198391','ACTUAL','IN','0xB0a3f48478d84a497f930d8455711d9981B66a70',76),(80,170,'2018-06-26 14:10:09.500114','2018-06-26 14:10:09.500163','ACTUAL','IN','0xB0a3f48478d84a497f930d8455711d9981B66a70',77),(81,478,'2018-06-26 14:10:09.983412','2018-06-26 14:10:09.983459','ACTUAL','IN','0xB0a3f48478d84a497f930d8455711d9981B66a70',78),(82,138637,'2018-06-26 14:10:10.298826','2018-06-26 14:10:10.298885','ACTUAL','IN','0xB0a3f48478d84a497f930d8455711d9981B66a70',79),(83,479,'2018-06-26 14:10:10.700502','2018-06-26 14:10:10.700562','ACTUAL','IN','0xB0a3f48478d84a497f930d8455711d9981B66a70',80),(84,1693,'2018-06-26 14:10:11.117992','2018-06-26 14:10:11.118060','ACTUAL','IN','0xB0a3f48478d84a497f930d8455711d9981B66a70',81),(85,100000,'2018-06-26 14:10:11.435203','2018-06-26 14:10:11.435274','ACTUAL','IN','0xB63e4ECF7CECe510A94A7231BaFB70cdCa18b91e',82),(86,100000,'2018-06-26 14:10:11.438770','2018-06-26 14:10:11.438811','ACTUAL','OUT','0xB0a3f48478d84a497f930d8455711d9981B66a70',82),(87,1994,'2018-06-26 14:10:11.957086','2018-06-26 14:10:11.957167','ACTUAL','IN','0xB0a3f48478d84a497f930d8455711d9981B66a70',83),(88,1994,'2018-06-26 14:10:12.270847','2018-06-26 14:10:12.270901','ACTUAL','IN','0xB0a3f48478d84a497f930d8455711d9981B66a70',84),(89,1994,'2018-06-26 14:10:12.902623','2018-06-26 14:10:12.902671','ACTUAL','IN','0xB0a3f48478d84a497f930d8455711d9981B66a70',85),(90,1994,'2018-06-26 14:10:12.902683','2018-06-26 14:10:12.902725','ACTUAL','IN','0xB0a3f48478d84a497f930d8455711d9981B66a70',86),(91,1994,'2018-06-26 14:10:13.224257','2018-06-26 14:10:13.224325','ACTUAL','IN','0xB0a3f48478d84a497f930d8455711d9981B66a70',87),(92,1994,'2018-06-26 14:10:13.901958','2018-06-26 14:10:13.902021','ACTUAL','IN','0xB0a3f48478d84a497f930d8455711d9981B66a70',88),(93,1994,'2018-06-26 14:10:14.208067','2018-06-26 14:10:14.208127','ACTUAL','IN','0xB0a3f48478d84a497f930d8455711d9981B66a70',89),(94,1994,'2018-06-26 14:10:14.518108','2018-06-26 14:10:14.518161','ACTUAL','IN','0xB0a3f48478d84a497f930d8455711d9981B66a70',90),(95,1994,'2018-06-26 14:10:14.856560','2018-06-26 14:10:14.856607','ACTUAL','IN','0xB0a3f48478d84a497f930d8455711d9981B66a70',91),(96,1994,'2018-06-26 14:10:15.177877','2018-06-26 14:10:15.177935','ACTUAL','IN','0xB0a3f48478d84a497f930d8455711d9981B66a70',92),(97,1994,'2018-06-26 14:10:15.487789','2018-06-26 14:10:15.487852','ACTUAL','IN','0xB0a3f48478d84a497f930d8455711d9981B66a70',93),(98,1994,'2018-06-26 14:10:15.799357','2018-06-26 14:10:15.799399','ACTUAL','IN','0xB0a3f48478d84a497f930d8455711d9981B66a70',94),(99,1994,'2018-06-26 14:10:16.120873','2018-06-26 14:10:16.120917','ACTUAL','IN','0xB0a3f48478d84a497f930d8455711d9981B66a70',95),(100,1994,'2018-06-26 14:10:16.437532','2018-06-26 14:10:16.437580','ACTUAL','IN','0xB0a3f48478d84a497f930d8455711d9981B66a70',96),(101,1994,'2018-06-26 14:10:16.830133','2018-06-26 14:10:16.830193','ACTUAL','IN','0xB0a3f48478d84a497f930d8455711d9981B66a70',97),(102,1994,'2018-06-26 14:10:17.146757','2018-06-26 14:10:17.146802','ACTUAL','IN','0xB0a3f48478d84a497f930d8455711d9981B66a70',98),(103,1994,'2018-06-26 14:10:17.499826','2018-06-26 14:10:17.499867','ACTUAL','IN','0xB0a3f48478d84a497f930d8455711d9981B66a70',99),(104,1994,'2018-06-26 14:10:17.806889','2018-06-26 14:10:17.806960','ACTUAL','IN','0xB0a3f48478d84a497f930d8455711d9981B66a70',100),(105,1994,'2018-06-26 14:10:18.129960','2018-06-26 14:10:18.130006','ACTUAL','IN','0xB0a3f48478d84a497f930d8455711d9981B66a70',101),(106,10000,'2018-06-26 14:10:18.440353','2018-06-26 14:10:18.440409','ACTUAL','IN','0x73015966604928A312F79F7E69291a656Cb88602',102),(107,77021,'2018-06-26 14:10:18.766498','2018-06-26 14:10:18.766549','ACTUAL','IN','0xB63e4ECF7CECe510A94A7231BaFB70cdCa18b91e',103),(108,10000,'2018-06-26 14:10:18.766498','2018-06-26 14:10:18.766562','ACTUAL','IN','0x73015966604928A312F79F7E69291a656Cb88602',104),(109,170,'2018-06-26 14:10:19.077502','2018-06-26 14:10:19.077554','ACTUAL','IN','0xB63e4ECF7CECe510A94A7231BaFB70cdCa18b91e',105),(110,77021,'2018-06-26 14:10:19.131433','2018-06-26 14:10:19.131499','ACTUAL','IN','0xB63e4ECF7CECe510A94A7231BaFB70cdCa18b91e',106),(111,170,'2018-06-26 14:10:19.168068','2018-06-26 14:10:19.168102','ACTUAL','IN','0xB63e4ECF7CECe510A94A7231BaFB70cdCa18b91e',107),(112,77021,'2018-06-26 14:10:19.406158','2018-06-26 14:10:19.406197','ACTUAL','IN','0xB63e4ECF7CECe510A94A7231BaFB70cdCa18b91e',108),(113,77021,'2018-06-26 14:10:19.444135','2018-06-26 14:10:19.444178','ACTUAL','IN','0xB63e4ECF7CECe510A94A7231BaFB70cdCa18b91e',109),(114,77021,'2018-06-26 14:10:19.484158','2018-06-26 14:10:19.484233','ACTUAL','IN','0xB63e4ECF7CECe510A94A7231BaFB70cdCa18b91e',110),(115,170,'2018-06-26 14:10:19.538339','2018-06-26 14:10:19.538381','ACTUAL','IN','0xB63e4ECF7CECe510A94A7231BaFB70cdCa18b91e',111),(116,1994,'2018-06-26 14:10:19.726033','2018-06-26 14:10:19.726133','ACTUAL','IN','0xB0a3f48478d84a497f930d8455711d9981B66a70',112),(117,77021,'2018-06-26 14:10:19.790257','2018-06-26 14:10:19.790306','ACTUAL','IN','0xB0a3f48478d84a497f930d8455711d9981B66a70',113),(118,77021,'2018-07-09 17:10:09.726405','2018-07-09 17:10:09.726619','ACTUAL','IN','0xB0a3f48478d84a497f930d8455711d9981B66a70',115),(119,7702,'2018-07-09 17:10:09.726385','2018-07-09 17:10:09.726624','ACTUAL','IN','0x73015966604928A312F79F7E69291a656Cb88602',116),(120,7702,'2018-07-09 17:10:09.726385','2018-07-09 17:10:09.726623','ACTUAL','IN','0x73015966604928A312F79F7E69291a656Cb88602',114),(121,77021,'2018-07-09 17:12:07.726942','2018-07-09 17:12:07.726986','ACTUAL','IN','0xB63e4ECF7CECe510A94A7231BaFB70cdCa18b91e',117),(122,77021,'2018-07-10 13:24:17.947198','2018-07-10 13:24:56.882422','ACTUAL','IN','0xB63e4ECF7CECe510A94A7231BaFB70cdCa18b91e',118);
/*!40000 ALTER TABLE `tokens_moves` ENABLE KEYS */;
UNLOCK TABLES;

--
-- Table structure for table `transactions`
--

DROP TABLE IF EXISTS `transactions`;
/*!40101 SET @saved_cs_client     = @@character_set_client */;
/*!40101 SET character_set_client = utf8 */;
CREATE TABLE `transactions` (
  `id` int(11) NOT NULL AUTO_INCREMENT,
  `data` varchar(1000) COLLATE utf8_bin NOT NULL,
  `nonce` int(11) DEFAULT NULL,
  `value` decimal(50,0) NOT NULL,
  `from_account` varchar(42) COLLATE utf8_bin DEFAULT NULL,
  `to_account` varchar(42) COLLATE utf8_bin NOT NULL,
  `gas` int(11) NOT NULL,
  `gas_price` decimal(50,0) DEFAULT NULL,
  `txn_hash` varchar(100) COLLATE utf8_bin DEFAULT NULL,
  `block_number` int(11) DEFAULT NULL,
  `state` varchar(10) COLLATE utf8_bin NOT NULL,
  `fail_reason` varchar(500) COLLATE utf8_bin DEFAULT NULL,
  `created_at` datetime(6) NOT NULL,
  `txn_id` char(32) COLLATE utf8_bin NOT NULL,
  PRIMARY KEY (`id`),
  UNIQUE KEY `txn_hash` (`txn_hash`)
) ENGINE=InnoDB AUTO_INCREMENT=9 DEFAULT CHARSET=utf8 COLLATE=utf8_bin;
/*!40101 SET character_set_client = @saved_cs_client */;

--
-- Dumping data for table `transactions`
--

LOCK TABLES `transactions` WRITE;
/*!40000 ALTER TABLE `transactions` DISABLE KEYS */;
INSERT INTO `transactions` VALUES (8,'0xeb931024000000000000000000000000b0a3f48478d84a497f930d8455711d9981b66a70',255,0,'0x73015966604928A312F79F7E69291a656Cb88602','0x703941C626999Ede2F1630ea95AFCcB6b96a3857',50000,12000000000,'0x666a091b2ba2ec435553b35b70cdaa055f02e671b1bf44fdb807ea03930039d1',2610451,'MINED',NULL,'2018-07-10 12:46:38.157060','0d50b991dc3c45e0acf68f8d992b4ce2');
/*!40000 ALTER TABLE `transactions` ENABLE KEYS */;
UNLOCK TABLES;

--
-- Table structure for table `transfers`
--

DROP TABLE IF EXISTS `transfers`;
/*!40101 SET @saved_cs_client     = @@character_set_client */;
/*!40101 SET character_set_client = utf8 */;
CREATE TABLE `transfers` (
  `id` int(11) NOT NULL AUTO_INCREMENT,
  `txn_hash` varchar(100) COLLATE utf8_bin DEFAULT NULL,
  `mint_txn_id` char(32) COLLATE utf8_bin DEFAULT NULL,
  `to_account` varchar(100) COLLATE utf8_bin DEFAULT NULL,
  `from_account` varchar(100) COLLATE utf8_bin DEFAULT NULL,
  `amount` decimal(65,0) DEFAULT NULL,
  `block_hash` varchar(100) COLLATE utf8_bin DEFAULT NULL,
  `block_number` int(10) unsigned DEFAULT NULL,
  `created_at` datetime(6) NOT NULL,
  `actualized_at` datetime(6) DEFAULT NULL,
  `state` varchar(10) COLLATE utf8_bin NOT NULL,
  PRIMARY KEY (`id`),
  UNIQUE KEY `txn_hash` (`txn_hash`)
) ENGINE=InnoDB AUTO_INCREMENT=119 DEFAULT CHARSET=utf8 COLLATE=utf8_bin;
/*!40101 SET character_set_client = @saved_cs_client */;

--
-- Dumping data for table `transfers`
--

LOCK TABLES `transfers` WRITE;
/*!40000 ALTER TABLE `transfers` DISABLE KEYS */;
INSERT INTO `transfers` VALUES (1,'0xd04dff3daa89a5898793cd426e95e2ed39d1cccc19e1213e815aca97a0d9c0f0',NULL,'0xB63e4ECF7CECe510A94A7231BaFB70cdCa18b91e','0xB0a3f48478d84a497f930d8455711d9981B66a70',90000,'0x59e0d99753a0c4e40aa5374dadf1ea8dbab7be5c34b626e82d749167b21419c4',2241352,'2018-06-26 14:09:29.758974','2018-06-26 14:09:43.445890','ACTUAL'),(2,'0x85fb8ddffaa8d21cb1b013b0538ed56b551ca4acea4d34181da8b93723615791',NULL,'0xB63e4ECF7CECe510A94A7231BaFB70cdCa18b91e','0xB0a3f48478d84a497f930d8455711d9981B66a70',4000,'0xfba4b4590aa6e629a1e2b6bfaae11bb302ca454edf572980cac8451e481ec45a',2242827,'2018-06-26 14:09:29.947645','2018-06-26 14:09:43.492204','ACTUAL'),(3,'0x0ec78427e0fdb5d5fe9fb24f907ea9b3704775b720f1fee3c447ad28e276293f',NULL,'0xB0a3f48478d84a497f930d8455711d9981B66a70','0x0000000000000000000000000000000000000000',0,'0x075bbabeb4998df622dfe199957483e334e4a33e4501efcc966b1882f4bfb8d2',2224277,'2018-06-26 14:09:29.643303','2018-06-26 14:09:43.492219','ACTUAL'),(4,'0x3528ca76a93a02edd1f0b4aace3e45e63cd3d3ff277870e8d661a798a71f85e8',NULL,'0xB0a3f48478d84a497f930d8455711d9981B66a70','0x0000000000000000000000000000000000000000',94735,'0x6d7cff1b792eb4089ed30c87064c1bcb11b0608c94734727f9ff6bfa828d75b8',2224221,'2018-06-26 14:09:29.534247','2018-06-26 14:09:43.492304','ACTUAL'),(5,'0x2236ad2c059aeaf9ddb78025cfbba33e0f80328f6d18365f025b97434268568c',NULL,'0xB0a3f48478d84a497f930d8455711d9981B66a70','0x0000000000000000000000000000000000000000',100000,'0x454b20ea2a6cd17d0634c33895c7c0523a621b44aa0148f3ebd147ab3898a013',2242885,'2018-06-26 14:09:30.069136','2018-06-26 14:09:44.071065','ACTUAL'),(6,'0xf56b1b1e1c6ae0caf95a137b974fc5ee9c46d94d52e80705ce0f18f1e8e879dd',NULL,'0xB63e4ECF7CECe510A94A7231BaFB70cdCa18b91e','0xB0a3f48478d84a497f930d8455711d9981B66a70',4000,'0x84184ce55d94f1d1872c1f64ba17f2d2dc6327c7dbe8637dc88b8a43f867ba8d',2242901,'2018-06-26 14:09:30.178748','2018-06-26 14:09:44.081692','ACTUAL'),(7,'0x4a20c3d5445fec65d5cbf1bdcf82f3aa54838ad1cf7e3019229d0980bceee0f4',NULL,'0xB0a3f48478d84a497f930d8455711d9981B66a70','0x0000000000000000000000000000000000000000',77021,'0xb0e2b6dfa3a035e3e57929a0ae0634500ff6a9e22ea6ed676d1a024adf7a9f6c',2242910,'2018-06-26 14:09:30.294510','2018-06-26 14:09:44.103910','ACTUAL'),(8,'0xdb9665f9000f6c77d625247f57a049f5bd4c6c26fb5215a45007ebd960f20f43',NULL,'0xB0a3f48478d84a497f930d8455711d9981B66a70','0x0000000000000000000000000000000000000000',1995,'0xe1941976829752883c285496e612c5f7d884cf5a26fa54dd2a4879e4bad8b8f9',2264448,'2018-06-26 14:09:30.405901','2018-06-26 14:09:44.565333','ACTUAL'),(9,'0xeefe6b7f74a36f60c4b01e75916e264ad718650af6aadcb57ff2c78e7c85c5b1',NULL,'0xB0a3f48478d84a497f930d8455711d9981B66a70','0x0000000000000000000000000000000000000000',1995,'0x71558467adb084d8e6e4b2802aa36776724a3b78580e0c1ee55c79993d7681bb',2264450,'2018-06-26 14:09:30.521345','2018-06-26 14:09:44.936879','ACTUAL'),(10,'0x82bc30876e579e533313d178f43372cbc4da56e7368451d893fde30f99a988e8',NULL,'0xB0a3f48478d84a497f930d8455711d9981B66a70','0x0000000000000000000000000000000000000000',1995,'0xd4c8a638d7eb189c3cb15efa34b0e4febbf86eafe7053ed472f10ba3a58c73e9',2264482,'2018-06-26 14:09:30.643529','2018-06-26 14:09:44.938250','ACTUAL'),(11,'0x3364020c0003903baf23bfda273841c4461799a4ee3ae3ecad788b1f9f72b65a',NULL,'0xB0a3f48478d84a497f930d8455711d9981B66a70','0x0000000000000000000000000000000000000000',1995,'0x3d5d8cec2a2bad0041de81c78f57bc93735b9c340c8fd9ce8caf4f4111ba78a2',2265112,'2018-06-26 14:09:30.761559','2018-06-26 14:09:45.318677','ACTUAL'),(12,'0xb414b9abff5af21be476db70a525845d236fa76b813328a00b51a6888caf0e42',NULL,'0xB0a3f48478d84a497f930d8455711d9981B66a70','0x0000000000000000000000000000000000000000',1995,'0x92fe347ea9cba65f362c0fdb0b1c3ce4870f15bce219d74329cac6e601e70dd1',2265115,'2018-06-26 14:09:30.871219','2018-06-26 14:09:45.638712','ACTUAL'),(13,'0x70a76d8ff4a38bced47602d230acfb4b402a24d178eb34ef6cc663a9f8b3a6ac',NULL,'0xB0a3f48478d84a497f930d8455711d9981B66a70','0x0000000000000000000000000000000000000000',1995,'0x42cff750c4c702aee7bbb2241370f84ccfae9212e38f0bf5ffb7b3845b9ac61b',2265129,'2018-06-26 14:09:30.983515','2018-06-26 14:09:45.980851','ACTUAL'),(14,'0xb92eca6c9d2c82ee197cc05faea34fc10156b06da4bc7d763ec85b6077c087d8',NULL,'0xB0a3f48478d84a497f930d8455711d9981B66a70','0x0000000000000000000000000000000000000000',1995,'0x5ee570c0aa2dee662c772888e9a6a054763dbb29de8b62e2c6bdb911793cecd8',2265133,'2018-06-26 14:09:31.092865','2018-06-26 14:09:46.380779','ACTUAL'),(15,'0x0a4c4dff2a49e96049e2a3f04f51e6887f1ed3f5278d702cef2fc443e6d1b7f0',NULL,'0xB0a3f48478d84a497f930d8455711d9981B66a70','0x0000000000000000000000000000000000000000',1995,'0x34ed00dffe25fd4f8a6c591517881573c64e362a7777221c5ba78af52151f023',2265140,'2018-06-26 14:09:31.202574','2018-06-26 14:09:46.695792','ACTUAL'),(16,'0x1ec4d9b84ae4dd7c85b5af2d617faf5c9ce8a7840efdafadcdfa24472d83c1c4',NULL,'0xB0a3f48478d84a497f930d8455711d9981B66a70','0x0000000000000000000000000000000000000000',1995,'0x6cda24e04c00afa7cf2b7ce77814d559ff122f666f139dceb9ce8ec0322f2af8',2265152,'2018-06-26 14:09:31.319288','2018-06-26 14:09:47.015435','ACTUAL'),(17,'0xf4e1e7aa65f9533d8f046c59dcf6d58e91dae52820a0a2bd37974c673f7b2bb1',NULL,'0xB0a3f48478d84a497f930d8455711d9981B66a70','0x0000000000000000000000000000000000000000',1994,'0xcce8436762bbd60927c61a05cf9aa685260ee74362bfa42cabb4934682d3bb12',2265166,'2018-06-26 14:09:31.431166','2018-06-26 14:09:47.313571','ACTUAL'),(18,'0x93b6bc80a0a67cbfcd69ee4017ff563dd68c3b8bd179eb0a5375eb5a65c966d8',NULL,'0xB0a3f48478d84a497f930d8455711d9981B66a70','0x0000000000000000000000000000000000000000',1994,'0x9da2526e14630b1abc64da73d495ccbe91ca07477ef5ed0402a2c45223117dcf',2265177,'2018-06-26 14:09:31.540455','2018-06-26 14:09:47.624986','ACTUAL'),(19,'0x877f764a853483512ff05860b9f4bd4d165ce8924ef808afdfd25fe33c77af6a',NULL,'0xB0a3f48478d84a497f930d8455711d9981B66a70','0x0000000000000000000000000000000000000000',1994,'0x7e0e8d1f45f6a2b6db3b2d0e541cfd88bd5ea629ecfed425779d1c1c43679487',2265189,'2018-06-26 14:09:31.653129','2018-06-26 14:09:47.939053','ACTUAL'),(20,'0x7da4275b5a96b4e7b2892a51d873769164ab4073dd00958f936e4a39fc773539',NULL,'0xB0a3f48478d84a497f930d8455711d9981B66a70','0x0000000000000000000000000000000000000000',1994,'0x2ff0e00f53098f9f662c0c56a3156cdbd7a3e67e6293d9acc7b508b9955bb5f1',2265194,'2018-06-26 14:09:31.770194','2018-06-26 14:09:48.273995','ACTUAL'),(21,'0x76f387407c5ffdd8263e8cee85047f14790534eb24c02d0acc37930fd28f99df',NULL,'0xB0a3f48478d84a497f930d8455711d9981B66a70','0x0000000000000000000000000000000000000000',1994,'0x451c5ce5023d74e9fc23d8b840a748545a310c96d1a0d7e5b2bb3ff19e5ff151',2265257,'2018-06-26 14:09:31.878984','2018-06-26 14:09:48.584590','ACTUAL'),(22,'0x93a414d25ebcdea3817f0d0b1e95a469d70116c4f48587a6bad5a447d185493e',NULL,'0xB0a3f48478d84a497f930d8455711d9981B66a70','0x0000000000000000000000000000000000000000',1994,'0x75e650fc6d0126a9df4931105dc128a1c422133dc197a582830a5cdabd1bdee6',2265292,'2018-06-26 14:09:31.992760','2018-06-26 14:09:48.985575','ACTUAL'),(23,'0x6e669f1ff8a7c613ed91b19a8c5b49d01628aee47b00b8f7c21a30a5b1e8140f',NULL,'0xB0a3f48478d84a497f930d8455711d9981B66a70','0x0000000000000000000000000000000000000000',1994,'0xe69ab1712c2f7f1f5120e45bb834fb8baf3a3a5674325d12282f3185c53b73e7',2265295,'2018-06-26 14:09:32.099093','2018-06-26 14:09:49.322783','ACTUAL'),(24,'0xbb2794adc43cb289efc54f9052d03d97e06ecde07af577bc63489b4bb91b3654',NULL,'0xB0a3f48478d84a497f930d8455711d9981B66a70','0x0000000000000000000000000000000000000000',1994,'0x3eef92f066d72bd7fe065ba7f3214350195040ec449c97b5019f1bfd189c8e28',2265299,'2018-06-26 14:09:32.208292','2018-06-26 14:09:49.628743','ACTUAL'),(25,'0x78eddd75cdef5aadd6b1af6ef2572ee82031c4699d1f689614e52cfb000bddd0',NULL,'0xB0a3f48478d84a497f930d8455711d9981B66a70','0x0000000000000000000000000000000000000000',1994,'0xe819bc747c70e6923de3a38a083e8bd1133de488f3e7b121b508fe8fadfbebb5',2265301,'2018-06-26 14:09:32.317119','2018-06-26 14:09:49.956429','ACTUAL'),(26,'0xa819b32d4a1945e5f1c30c5403914e51db16d13eb6418789ef202c8b422ac90e',NULL,'0xB0a3f48478d84a497f930d8455711d9981B66a70','0x0000000000000000000000000000000000000000',1994,'0xcd6435185cc0e78870a8561361afee90785ddb4ad856bda6bc48f9049a4b984c',2265409,'2018-06-26 14:09:32.423714','2018-06-26 14:09:50.310317','ACTUAL'),(27,'0xf716c26e9644f2d894f7c7a77b3232041535b6948818b9389b4f74a671545dbc',NULL,'0xB0a3f48478d84a497f930d8455711d9981B66a70','0x0000000000000000000000000000000000000000',1994,'0x038e2cc04af067a6ab039913e30ae201e1ff3900855add8ee4d36120894ea7b9',2265439,'2018-06-26 14:09:32.530979','2018-06-26 14:09:50.737063','ACTUAL'),(28,'0x68330d9cac8e5129694f99c7b9128603140e4e3b573fc310c3a73b7db63bfae4',NULL,'0xB0a3f48478d84a497f930d8455711d9981B66a70','0x0000000000000000000000000000000000000000',1994,'0xb6e502cc77656ce5b3c96425814884166aafd5685db74d2e232db3d09c6150a9',2265441,'2018-06-26 14:09:32.649071','2018-06-26 14:09:51.364609','ACTUAL'),(29,'0xaa306d4151e982d0fd11da355ec43a2779e80010a5f9f1c2e42a0c0f9489dcfc',NULL,'0xB0a3f48478d84a497f930d8455711d9981B66a70','0x0000000000000000000000000000000000000000',1994,'0xbe0ed265b004d17e8b80be5fd9f3073c975d2beb1d061dd220cdc37f3ed758bf',2265483,'2018-06-26 14:09:32.765012','2018-06-26 14:09:51.677010','ACTUAL'),(30,'0x91e784a8c9c9432dffe02d72a8d455a95401f72f9d6a35173d5526c52312cfcb',NULL,'0xB0a3f48478d84a497f930d8455711d9981B66a70','0x0000000000000000000000000000000000000000',1994,'0x485c0ed99e7744241675a7bd6cec74592bb5c25379df9266cd18bd4fb0527b2c',2265486,'2018-06-26 14:09:32.875124','2018-06-26 14:09:52.046768','ACTUAL'),(31,'0x5d8c2c73fec323b59bf42487e923757a294c1b5b43ee84bf68ba9384161c443b',NULL,'0xB0a3f48478d84a497f930d8455711d9981B66a70','0x0000000000000000000000000000000000000000',2287,'0x613791fba81b5383e9536dab788578c8e787d2fd46769f880b076decd393ccd3',2281606,'2018-06-26 14:09:32.981497','2018-06-26 14:09:52.470569','ACTUAL'),(32,'0xd2fa437a108dd4c23c3a7f9463922f9aa8dfd59dae1bd6d5328cfef8dc4e89bc',NULL,'0xB0a3f48478d84a497f930d8455711d9981B66a70','0x0000000000000000000000000000000000000000',2287,'0x57428734512c62ed614526376cafd37bb5a4117d192e8a3c4d782b818f9a3d42',2281626,'2018-06-26 14:09:33.087831','2018-06-26 14:09:52.803763','ACTUAL'),(33,'0x79978d1c347a6b466540a88dcf84f71fcd8f8b356ea66f7fd073a39c7e29e79d',NULL,'0xB0a3f48478d84a497f930d8455711d9981B66a70','0x0000000000000000000000000000000000000000',2287,'0x857ffbd09ccbe4088c1b9ba8217a4a2cb129dca01a408195b37ffa0b0746ec58',2281639,'2018-06-26 14:09:33.196048','2018-06-26 14:09:53.345530','ACTUAL'),(34,'0x13b855f27e297f679f0cb018f0ab1f324622fa3203d7f4018dae9a8ae0a03e08',NULL,'0xB0a3f48478d84a497f930d8455711d9981B66a70','0x0000000000000000000000000000000000000000',2287,'0x80be7d9b7b211639b3265931c1aa2603eb67ab6e2bd2f03c57990ce9c77c7211',2281655,'2018-06-26 14:09:33.305129','2018-06-26 14:09:53.802262','ACTUAL'),(35,'0x4f5b8a0373e9aa9fc54be0e8a742e72b6e7bc5b85a3fb125c8b9f0497d363908',NULL,'0xB0a3f48478d84a497f930d8455711d9981B66a70','0x0000000000000000000000000000000000000000',1923,'0xf65bd40a001ff7318be0f9b47653fb033ffefa88294b803d66a960a6a73b75c9',2281812,'2018-06-26 14:09:33.420784','2018-06-26 14:09:54.149984','ACTUAL'),(36,'0x5b89564130fe4b6c988ed4f97cc3ddba5bdc7a49797477cfc1a5bb23436b2f99',NULL,'0xB0a3f48478d84a497f930d8455711d9981B66a70','0x0000000000000000000000000000000000000000',1923,'0x032ab5b5077407dd8dbe75bcd750ca8f7ec792e675793f397f3a7110bb7e6d65',2281816,'2018-06-26 14:09:33.532487','2018-06-26 14:09:54.472083','ACTUAL'),(37,'0x3893af392eeefa2cb606cd4ef00eccf86bfde80856ed27396770586cef3d7541',NULL,'0xB0a3f48478d84a497f930d8455711d9981B66a70','0x0000000000000000000000000000000000000000',77021,'0x004ef6f3be8bbec9c099a357a643be1b3ee040867abc34c1d5b5d7da76c266f8',2281873,'2018-06-26 14:09:33.646587','2018-06-26 14:09:54.812373','ACTUAL'),(38,'0xe5685925c1db5d42094a9eacfd5eee8307f4b8865e3c58e8a46f73d630162ab3',NULL,'0xB0a3f48478d84a497f930d8455711d9981B66a70','0x0000000000000000000000000000000000000000',1994,'0xb9c055e799daed48af1038dfab87f5ad89acfb614f45a71935d75ef8c287e44d',2282358,'2018-06-26 14:09:33.757129','2018-06-26 14:09:55.265414','ACTUAL'),(39,'0x1dfe150330348ed1009d89d6d560557932866cb19ee1a6bf63554f0b00c8ca2e',NULL,'0xB0a3f48478d84a497f930d8455711d9981B66a70','0x0000000000000000000000000000000000000000',1994,'0xb08d4b006efa5a6746ead8f4d1afaf01c6441c8c056721d824bd03da23cfb9cf',2282360,'2018-06-26 14:09:33.866548','2018-06-26 14:09:55.583444','ACTUAL'),(40,'0xce126a0e6263388a37e90f5d38abd89f16d1bb09224b38f0f98eb1c0cccb4c46',NULL,'0xB0a3f48478d84a497f930d8455711d9981B66a70','0x0000000000000000000000000000000000000000',1994,'0xbbb83ba55bd5d6cd8194f6e07c223a57538fdf34448061b605e95de10b1989f2',2282761,'2018-06-26 14:09:33.979711','2018-06-26 14:09:55.953157','ACTUAL'),(41,'0x2b243767be9c2bf77bc41055f41c7e11ddbac8325229e574a2c72bf63b7d65d6',NULL,'0xB0a3f48478d84a497f930d8455711d9981B66a70','0x0000000000000000000000000000000000000000',1994,'0x31b087e9af239d622f4005f4a6a87142fa2724a23ee701c14389649e75f396ff',2283399,'2018-06-26 14:09:34.087835','2018-06-26 14:09:56.270536','ACTUAL'),(42,'0xc2b4eea84963f6edcf20d2d698b63b4081b195f8acb721c983c6a0d1d3cf6238',NULL,'0xB0a3f48478d84a497f930d8455711d9981B66a70','0x0000000000000000000000000000000000000000',1994,'0x5b5edddcbca86f3be775adef9b6a4b0a106080bf5d360813bc41c84803a940ea',2283417,'2018-06-26 14:09:34.304017','2018-06-26 14:09:56.602528','ACTUAL'),(43,'0x44f97ae54771cb9e7e8b0f4524f7466deb02c7d1df0ece5cbd9ad3aaf8f607f4',NULL,'0xB0a3f48478d84a497f930d8455711d9981B66a70','0x0000000000000000000000000000000000000000',1994,'0x5e6021c4083fb36fecf851b160a222ce3a9a23934512e7cca1a81a5344c6451a',2288100,'2018-06-26 14:09:34.453084','2018-06-26 14:09:56.920433','ACTUAL'),(44,'0xe643d82d8474d7d49b75902250b5073edea69d8c20cf82db51d3780638eef374',NULL,'0xB0a3f48478d84a497f930d8455711d9981B66a70','0x0000000000000000000000000000000000000000',1994,'0xa32850e460284013370d08879e2a07c49e614083abd2e18b4eeb679fda21a2fe',2288108,'2018-06-26 14:09:34.637171','2018-06-26 14:09:57.286114','ACTUAL'),(45,'0x5e0f0ca1f2d9f73b82227fb9afd1730c667186cc84c9b2944fbd5e61673edbd2',NULL,'0xB0a3f48478d84a497f930d8455711d9981B66a70','0x0000000000000000000000000000000000000000',1994,'0xee737e01330e1c370408d729af536cb3af122cb7b3bb5ef77070aa88bc67d7e4',2288166,'2018-06-26 14:09:34.747225','2018-06-26 14:09:57.612628','ACTUAL'),(46,'0xc1a2247eb744b416718cf903a077fe2494d0de325be6457919798b811d011539',NULL,'0xB0a3f48478d84a497f930d8455711d9981B66a70','0x0000000000000000000000000000000000000000',1994,'0xa7b6135598bffd3c6aaa66e484e3023a3b485ee0d058b02007252b6e8701c72e',2288242,'2018-06-26 14:09:34.863080','2018-06-26 14:09:57.911212','ACTUAL'),(47,'0xae7a302071204b220befd5a4f342c867025e324b6d87f058d3e210ddffdc3169',NULL,'0xB0a3f48478d84a497f930d8455711d9981B66a70','0x0000000000000000000000000000000000000000',1994,'0x0c96bffdadc83dcf80ea23a8fe3aee854909af25ac72071bc703e71bad6a998e',2288252,'2018-06-26 14:09:34.979754','2018-06-26 14:09:58.310123','ACTUAL'),(48,'0x46fbe0c196573a74254104b97d7dfbe236956db0fbc047085bafa86e12f86c0d',NULL,'0xB0a3f48478d84a497f930d8455711d9981B66a70','0x0000000000000000000000000000000000000000',1994,'0x603fb0fd7b1f9b2249c2c8408e3337a5e7f82ad32cc5908449f139d0c0c217ab',2288261,'2018-06-26 14:09:35.087552','2018-06-26 14:09:58.623291','ACTUAL'),(49,'0xe903ca30b213ac3fda28b63052e93d7bc2d6a1dbc12d813cb91fe71e6fc49ca8',NULL,'0xB0a3f48478d84a497f930d8455711d9981B66a70','0x0000000000000000000000000000000000000000',1994,'0x137045f483cb812ba8e89d4573d83295784bd7c53dfcaf76b972339de4775512',2288332,'2018-06-26 14:09:35.200835','2018-06-26 14:09:59.010628','ACTUAL'),(50,'0x8069aa902b7721852c348790940fe6e8af5f6836071e9a73c6f1116de54e2d8f',NULL,'0xB0a3f48478d84a497f930d8455711d9981B66a70','0x0000000000000000000000000000000000000000',1994,'0xafe6e6e225a09043c2f600abc723ba80361f19bdee6ca7b0852e7610bded7d4d',2288339,'2018-06-26 14:09:35.318602','2018-06-26 14:09:59.759771','ACTUAL'),(51,'0x61549626fa593127d515f0769976697035d370fdd1f286298c58a7c9f1cb56f4',NULL,'0xB0a3f48478d84a497f930d8455711d9981B66a70','0x0000000000000000000000000000000000000000',1994,'0x478d56dd71bae5243298e2d605bcccfc9fa4a0d9c4bbe6817f5c5426e6ae4df1',2288357,'2018-06-26 14:09:35.430180','2018-06-26 14:10:00.092985','ACTUAL'),(52,'0xb93ab482b4f849823f87b9663ce5947874875218fe43f8b68c1efc3736d2e59d',NULL,'0xB0a3f48478d84a497f930d8455711d9981B66a70','0x0000000000000000000000000000000000000000',1994,'0x5f75c62c5a6dc1d72e1704014ff8e75fb8e4dc8417062afd8cadf7fbfef357a9',2288560,'2018-06-26 14:09:35.542902','2018-06-26 14:10:00.406005','ACTUAL'),(53,'0x5dee98003d0ff92163625a02429b6ea5d2ee3938c0275fe6f5ee44f5a584b900',NULL,'0xB0a3f48478d84a497f930d8455711d9981B66a70','0x0000000000000000000000000000000000000000',1994,'0xc2800ee780ab6f0ba177bbaf067a01ddd607ab56b94a63326d7bb38a349edddd',2288808,'2018-06-26 14:09:35.654608','2018-06-26 14:10:00.722309','ACTUAL'),(54,'0x16daf240de564c2693057dfeca4c6fc992b7754e2f391cf8ba15766a87d936a6',NULL,'0xB0a3f48478d84a497f930d8455711d9981B66a70','0x0000000000000000000000000000000000000000',1994,'0xb3e3062fa7b65fcad81b7c6e54afdcbddcf11df7a9bcbc5c4250f1ac190642c4',2289118,'2018-06-26 14:09:35.765049','2018-06-26 14:10:01.041305','ACTUAL'),(55,'0x03059d2153218d04f15963d1875af3aeeab4d54e4eea317428916555f0f13f72',NULL,'0xB0a3f48478d84a497f930d8455711d9981B66a70','0x0000000000000000000000000000000000000000',7702,'0x78783b8c7280c388384da06c96e447bf322ea69e2c07c5d4c9f92cc6e3d9689a',2305929,'2018-06-26 14:09:35.876999','2018-06-26 14:10:01.453058','ACTUAL'),(56,'0x7137e18890be5985475dc7a86182c7747be62c4e647cf48092c635d1fb3f34fc',NULL,'0xB0a3f48478d84a497f930d8455711d9981B66a70','0x0000000000000000000000000000000000000000',7702,'0xe3da00fbf69577b8d255b6e6acba57652298ca20fdfd172d6f3abde9bb6b42d6',2305937,'2018-06-26 14:09:35.989434','2018-06-26 14:10:01.868566','ACTUAL'),(57,'0x6638e6f4a63154a41bf8ca79d8fcab6cbd291744f5db8fa8eca4dd81a1e31fce',NULL,'0xB0a3f48478d84a497f930d8455711d9981B66a70','0x0000000000000000000000000000000000000000',38510,'0x2e4bc2fb070171903f4f2849d84252a570380f01ee00c9f4f3b5889afdc7644c',2322909,'2018-06-26 14:09:36.116279','2018-06-26 14:10:02.338155','ACTUAL'),(58,'0x1c14226c21b16aca553378cd254fa41076cad29a46b56daa78fa53446fe67ae7',NULL,'0xB0a3f48478d84a497f930d8455711d9981B66a70','0x0000000000000000000000000000000000000000',38510,'0xa24b3ac70fd1b12873cd231856666810c4cf34a60394eeb86e77c1399ecd44c6',2322918,'2018-06-26 14:09:36.233655','2018-06-26 14:10:02.692084','ACTUAL'),(59,'0x675a4aa4003b2b3ceedcc7c3e0ecedfbd58f24f326592ee023222addb0dc68ad',NULL,'0xB0a3f48478d84a497f930d8455711d9981B66a70','0x0000000000000000000000000000000000000000',77021,'0x4ef40afb1e9832f4e5479468e317fe7519c3972dd93a2ca64120005099c6876e',2323173,'2018-06-26 14:09:36.352293','2018-06-26 14:10:03.105958','ACTUAL'),(60,'0x619465296d66c51c1a99e72f59594746d06960b408bd8e7d663a4e10af94406e',NULL,'0xB0a3f48478d84a497f930d8455711d9981B66a70','0x0000000000000000000000000000000000000000',1994,'0x327bc2bcb0fec79c4cac1f903c4fae9b0206ce2d534d92790e091c3da6eaad60',2323219,'2018-06-26 14:09:36.464516','2018-06-26 14:10:03.435672','ACTUAL'),(61,'0x9e274aafe6f512bafd1df03b2e2ecf6cd30df489a75506f21431c08f348cc3c0',NULL,'0xB0a3f48478d84a497f930d8455711d9981B66a70','0x0000000000000000000000000000000000000000',1994,'0xfbebc83aeaddf52fee10e720783783e47be7ff3a7821d0d795ea6815938ed74b',2323221,'2018-06-26 14:09:36.575194','2018-06-26 14:10:03.762167','ACTUAL'),(62,'0xe260a7ba1730f394c98409904c95ff98d1082355c3d70b64b5e221caf4dae124',NULL,'0xB0a3f48478d84a497f930d8455711d9981B66a70','0x0000000000000000000000000000000000000000',1994,'0xfe809ec855f8b87b4210a043e2668478d112e334c375ad2fa4735f8760e2a698',2323235,'2018-06-26 14:09:36.693394','2018-06-26 14:10:04.103048','ACTUAL'),(63,'0x4c89de3eae668b815ad9c67363a46d5f22fd54529deb70ce635d0df3b585119a',NULL,'0xB0a3f48478d84a497f930d8455711d9981B66a70','0x0000000000000000000000000000000000000000',1994,'0x6df65f0a136b9b9864aa83eaa56349fa8351a1cff1da6c5925cfeb84a600d25a',2323277,'2018-06-26 14:09:36.810843','2018-06-26 14:10:04.430464','ACTUAL'),(64,'0x04dd0eebb212dcdb2f28c87bb1476a596763254e6773603c172b68bdb5ff4f9f',NULL,'0xB0a3f48478d84a497f930d8455711d9981B66a70','0x0000000000000000000000000000000000000000',1994,'0xb0f4137de41fb672de76f4f04cb0f625a9e501d9173dcb3aeb4667c282959275',2323285,'2018-06-26 14:09:36.991810','2018-06-26 14:10:04.773879','ACTUAL'),(65,'0x9a46b3843315cc999c54a7f531d5827af64c187269a7b9359030611092dc257b',NULL,'0xB0a3f48478d84a497f930d8455711d9981B66a70','0x0000000000000000000000000000000000000000',77021,'0x7fb72dc9fb9395398919925f112fc2b7bebd49ea7a0711676b431c6ebb2db53a',2323294,'2018-06-26 14:09:37.101922','2018-06-26 14:10:05.138399','ACTUAL'),(66,'0xa0e0698217afde2378420f1b2fd2b96e0bdbf69b1397269edc27c0a3a2beac94',NULL,'0xB0a3f48478d84a497f930d8455711d9981B66a70','0x0000000000000000000000000000000000000000',1994,'0x9013b3c5c51b455e29a78c09b2705830238d8d36a3975291ec05c302720d53f4',2323536,'2018-06-26 14:09:37.212415','2018-06-26 14:10:05.450601','ACTUAL'),(67,'0x65e3c3b68ddf053cd5dcfc7504f98a4b946673822f3e05340af7c11857ff41b3',NULL,'0xB0a3f48478d84a497f930d8455711d9981B66a70','0x0000000000000000000000000000000000000000',1994,'0x84586179240ac8b0c4960ab6943678faf5272ef9f6f0dc9e98d9b71542a72018',2328995,'2018-06-26 14:09:37.325539','2018-06-26 14:10:05.895373','ACTUAL'),(68,'0xc4f90b11ea2338b26044db839c075fc10cf78d1db354dcd0066fcf92dd144bfd',NULL,'0xB0a3f48478d84a497f930d8455711d9981B66a70','0x0000000000000000000000000000000000000000',1994,'0x184daa63738b474523ff02d23f49cf19d5896e7316a62287f1080c5732000272',2329011,'2018-06-26 14:09:37.435173','2018-06-26 14:10:06.236831','ACTUAL'),(69,'0xef8603832c2ed2f98b9c82cfa5c7f547d22cab8c7216cab008491402373de7b3',NULL,'0xB0a3f48478d84a497f930d8455711d9981B66a70','0x0000000000000000000000000000000000000000',1994,'0xe4ce6527173261b99897a201318aeef980a1f3fb875f38ea50f073a980009240',2329246,'2018-06-26 14:09:37.542623','2018-06-26 14:10:06.792721','ACTUAL'),(70,'0xd721443308c3deb645a28134e0b6f28b32670b97741071a8e90cd501b0940794',NULL,'0xB0a3f48478d84a497f930d8455711d9981B66a70','0x0000000000000000000000000000000000000000',1994,'0x0a3ea693a9e33b085bb30b80a171efda06aafaf11ea0672b5b77171eb6b4d18d',2334177,'2018-06-26 14:09:37.649710','2018-06-26 14:10:07.125133','ACTUAL'),(71,'0xce8309e24de4b92307f6f846e4312d6a6aca937b7b3ec00ef9820d9dff857a72',NULL,'0xB0a3f48478d84a497f930d8455711d9981B66a70','0x0000000000000000000000000000000000000000',1994,'0x6f392ad515251de8c0a05cf25b59702ea9f3f48bee5df19a2379ee7d8934f11b',2334648,'2018-06-26 14:09:37.772851','2018-06-26 14:10:07.471399','ACTUAL'),(72,'0x6767e4fb75807c3c078b0ceb40f297acad69b44552f4f361da4830abb4de3b83',NULL,'0xB0a3f48478d84a497f930d8455711d9981B66a70','0x0000000000000000000000000000000000000000',1994,'0x6e08fb561f63f377f41299a2f069af98d4ce5b18758a94eb2bd079a231824efa',2334676,'2018-06-26 14:09:37.879760','2018-06-26 14:10:07.778466','ACTUAL'),(73,'0xe71933631eda7096dd450a317f5028424a4351c31ca3af7473e1eaeea4680452',NULL,'0xB0a3f48478d84a497f930d8455711d9981B66a70','0x0000000000000000000000000000000000000000',1703,'0xd284a65c2b970284db94bfba7719fee498fc389e13595064bcf1d2ea3dec8b61',2340356,'2018-06-26 14:09:37.986793','2018-06-26 14:10:08.105327','ACTUAL'),(74,'0x5032828080e661140920c96c393f800230089bc2a352e0c9c922837e8efffa6f',NULL,'0xB0a3f48478d84a497f930d8455711d9981B66a70','0x0000000000000000000000000000000000000000',1703,'0xcb3f57420e28e081f0ffc941c9f47d324b6defcf3ff4933419a87d126464d47b',2340372,'2018-06-26 14:09:38.097588','2018-06-26 14:10:08.425525','ACTUAL'),(75,'0x5a5a2ccf9939e63a1ac018ae263299c53301fa3ac5eed6965f877713a89f3d46',NULL,'0xB0a3f48478d84a497f930d8455711d9981B66a70','0x0000000000000000000000000000000000000000',1703,'0x91159fdd9437f3a7c86c35e4918656061e03bdc7ee9daa795a758c72ec8cf855',2340384,'2018-06-26 14:09:38.204304','2018-06-26 14:10:08.773469','ACTUAL'),(76,'0xab42e326ab096b1691db6bb4378d41c92a2560e8f0adb6db5e0d6db86fe127a4',NULL,'0xB0a3f48478d84a497f930d8455711d9981B66a70','0x0000000000000000000000000000000000000000',1703,'0xad0426b9abfa2c5b11e7bbf7f3f4e3ffbac5be872dee8cc3ab22b9ba19e0da9a',2340400,'2018-06-26 14:09:38.308703','2018-06-26 14:10:09.188763','ACTUAL'),(77,'0xdc2c14a5b2b342a9f86984db7fd150422e742734cc557bada0ceda0a0b284884',NULL,'0xB0a3f48478d84a497f930d8455711d9981B66a70','0x0000000000000000000000000000000000000000',170,'0xf492bb1e97f2c5fe8dea8d37906759c904b76a269d6b53c1bab751d7be23e73a',2340416,'2018-06-26 14:09:38.427720','2018-06-26 14:10:09.497526','ACTUAL'),(78,'0x86eb9fea5fe6b117711398184eceddf0dbacd9616e358b6bfb3881c36080ab2d',NULL,'0xB0a3f48478d84a497f930d8455711d9981B66a70','0x0000000000000000000000000000000000000000',478,'0x741cd4f293b1a0068714cfe81eea3e9c9319fdb6f5512b8b16000abb8fb3f50c',2340556,'2018-06-26 14:09:38.638043','2018-06-26 14:10:09.981050','ACTUAL'),(79,'0x83642da93fe064ccbde86dc83f1e7871fbc57cf07a03e33e11e1171f2a520190',NULL,'0xB0a3f48478d84a497f930d8455711d9981B66a70','0x0000000000000000000000000000000000000000',138637,'0xd4ea118e6d8e940e94e84d123fab87683342c2fb177eb82804403a1bf92127f2',2340572,'2018-06-26 14:09:38.748858','2018-06-26 14:10:10.291711','ACTUAL'),(80,'0xc6cd39ddf323e5b1cb55303c3d9235ec0cbf03a52c5987961686db10d5795ce9',NULL,'0xB0a3f48478d84a497f930d8455711d9981B66a70','0x0000000000000000000000000000000000000000',479,'0xafff3596751faef62c259cc80eac84231048685cd63c04e799f695b081f2faf5',2340633,'2018-06-26 14:09:38.860419','2018-06-26 14:10:10.695745','ACTUAL'),(81,'0xade409064b9a90191054f108d17aba9daf3cce316ee8b3ff92393af02a8da223',NULL,'0xB0a3f48478d84a497f930d8455711d9981B66a70','0x0000000000000000000000000000000000000000',1693,'0xa4b4833980c82baceb6386fbdd2df73e0d16df13fd3d2c9f36b524e75e5a6e09',2340901,'2018-06-26 14:09:38.974673','2018-06-26 14:10:11.115850','ACTUAL'),(82,'0x74740fbfaf394dd4b4f8bde90f23734249780728e24a44ec94c2156071e04d62',NULL,'0xB63e4ECF7CECe510A94A7231BaFB70cdCa18b91e','0xB0a3f48478d84a497f930d8455711d9981B66a70',100000,'0xb5ce0ab2c15108d9188833cab965eb481c379ad3c818833fb7dbee40c993db80',2340915,'2018-06-26 14:09:39.084959','2018-06-26 14:10:11.432872','ACTUAL'),(83,'0xa9c681656ede6d39217852199da26d1823af8f1f4b5f5fc897d020c7c1299141',NULL,'0xB0a3f48478d84a497f930d8455711d9981B66a70','0x0000000000000000000000000000000000000000',1994,'0x2fb93f059f9718c00dc56742d1d93c7da9d4b6eb12175792177702984f0d8b10',2346044,'2018-06-26 14:09:39.195679','2018-06-26 14:10:11.945601','ACTUAL'),(84,'0xf34d8fc83f694d38c5708791b2dd215749c4a6e5629d72ce7f3b5ec78755e926',NULL,'0xB0a3f48478d84a497f930d8455711d9981B66a70','0x0000000000000000000000000000000000000000',1994,'0x36cca52bd8e997aa2449ae883205a5458530797c9ce47d245afe6ef111c1bbc4',2362680,'2018-06-26 14:09:39.305378','2018-06-26 14:10:12.268680','ACTUAL'),(85,'0x87d625e834b8f397ec49644ef88577267a2532bce45c8f8eea999a772f038717',NULL,'0xB0a3f48478d84a497f930d8455711d9981B66a70','0x0000000000000000000000000000000000000000',1994,'0x6812013358b4f6ee9538e4bce9ca9ee4a547cc9319a76814c0d7ffc8b6cf6937',2369608,'2018-06-26 14:09:39.413166','2018-06-26 14:10:12.900130','ACTUAL'),(86,'0x9d99987f93554f85b030e79c31f330e1c83d7b0eee5ea52fc3d10fe3ebff65ea',NULL,'0xB0a3f48478d84a497f930d8455711d9981B66a70','0x0000000000000000000000000000000000000000',1994,'0xdec4dcd60353b41bf4ced85b846ce544cad776dc05be53d62f2cbca11078a3a0',2369662,'2018-06-26 14:09:39.524424','2018-06-26 14:10:12.900197','ACTUAL'),(87,'0x80190b0adee3ccfeb1a4415337e504c9cd482e65cde4882fb492062adc39f716',NULL,'0xB0a3f48478d84a497f930d8455711d9981B66a70','0x0000000000000000000000000000000000000000',1994,'0xe67b239f5831654a857b2eb3213aba516fb7378fffe79c146f6f50fcde51997f',2374448,'2018-06-26 14:09:39.633885','2018-06-26 14:10:13.222099','ACTUAL'),(88,'0x3e5b23e814dcb624c1968681506069cc6a2ce5d95aa1a3ef02e2b0767e96e727',NULL,'0xB0a3f48478d84a497f930d8455711d9981B66a70','0x0000000000000000000000000000000000000000',1994,'0xdcf1ee5731cd8d575ec33993365b8413bef8033155f82ebaa506b1c51f39818e',2374464,'2018-06-26 14:09:39.745672','2018-06-26 14:10:13.899769','ACTUAL'),(89,'0x41357301ec0f1e039b551c11df6f114d24ccf34372375bae864bcf6fc4afbabc',NULL,'0xB0a3f48478d84a497f930d8455711d9981B66a70','0x0000000000000000000000000000000000000000',1994,'0x080d2c93ab3eac36df29c53375dc7058584dc5d6bfa7f876abac69be89a08a70',2374480,'2018-06-26 14:09:39.855876','2018-06-26 14:10:14.205533','ACTUAL'),(90,'0x688a1c5c6b45934a411dcaa4ce93dcc126063edaff8a7c3ce8fff80db11743ad',NULL,'0xB0a3f48478d84a497f930d8455711d9981B66a70','0x0000000000000000000000000000000000000000',1994,'0x7b1c5a07f954be8b95e1db2b828a7aa4b53ef49acdfdb8a0b710025454cf13ca',2374518,'2018-06-26 14:09:39.973546','2018-06-26 14:10:14.515588','ACTUAL'),(91,'0x00d15863c544f1d1c4faffb4af2c21259556b47e714a417425486722c15ee5ff',NULL,'0xB0a3f48478d84a497f930d8455711d9981B66a70','0x0000000000000000000000000000000000000000',1994,'0x85ecda3cefe2f6b2de7021865fe9d84f518222ca29dcb1695d3aa01b37241f1b',2374522,'2018-06-26 14:09:40.084886','2018-06-26 14:10:14.854055','ACTUAL'),(92,'0x363e8327db14ff7dbea3a89ee5c37e90c6230de247efc1dc7726e012db92236b',NULL,'0xB0a3f48478d84a497f930d8455711d9981B66a70','0x0000000000000000000000000000000000000000',1994,'0x7b7d972ea385341b0551a5c8b10b02b20fc488a12f9aad860fb5512344fce7dc',2374532,'2018-06-26 14:09:40.197018','2018-06-26 14:10:15.175514','ACTUAL'),(93,'0xa5e29ed471345e88e319aaba0812fb8dcc8f9af9e90b61de795d92b266780c0f',NULL,'0xB0a3f48478d84a497f930d8455711d9981B66a70','0x0000000000000000000000000000000000000000',1994,'0x518b28ea56d1477e819943f5cdb79fbb5ec7946d4f07b57845005355c398abf7',2375131,'2018-06-26 14:09:40.304966','2018-06-26 14:10:15.485544','ACTUAL'),(94,'0xd807c617e69e65ca72822b9eb2dd63b9117705e9174c4eb34fb2972504b956bc',NULL,'0xB0a3f48478d84a497f930d8455711d9981B66a70','0x0000000000000000000000000000000000000000',1994,'0xc888b4a3453cf425d999f24bfcd0fcc1b3045d0befaf8706a4aad8909ca7ab48',2404106,'2018-06-26 14:09:40.412113','2018-06-26 14:10:15.797023','ACTUAL'),(95,'0x96f9d7cbc23d3fb9a87fca2a9baf1720fb999fdecdbcd3668b907c073577bda3',NULL,'0xB0a3f48478d84a497f930d8455711d9981B66a70','0x0000000000000000000000000000000000000000',1994,'0x9f6a05e0c6c91cddf943ae8b3466b585633115fcef89195e9b133a5eea43b81e',2404135,'2018-06-26 14:09:40.519695','2018-06-26 14:10:16.118631','ACTUAL'),(96,'0xc11f338168d3ce232d3a875351b446f8802be4f0a020958fff43ab0617bbe68e',NULL,'0xB0a3f48478d84a497f930d8455711d9981B66a70','0x0000000000000000000000000000000000000000',1994,'0xb24d668eb725abce6041ed0d69bab75a08e74624410a41e99c69b8de6f57e248',2404207,'2018-06-26 14:09:40.630460','2018-06-26 14:10:16.435512','ACTUAL'),(97,'0xc8f7a6364a7748e2b96e18ed30a47fa7a84433c50ae56fe8db6f685bf01eb642',NULL,'0xB0a3f48478d84a497f930d8455711d9981B66a70','0x0000000000000000000000000000000000000000',1994,'0x8720964f94318cd105e95ef861b3b7873f241552b98616e58a682a6c203c7cb9',2404212,'2018-06-26 14:09:40.837483','2018-06-26 14:10:16.827880','ACTUAL'),(98,'0x8e495cf906610e17ba7c6f8cc4bfe0b5cda9bde8a2cdccadcb47ea4cc745a4ad',NULL,'0xB0a3f48478d84a497f930d8455711d9981B66a70','0x0000000000000000000000000000000000000000',1994,'0x3674999b768cb491baf01e0a029b3117c64cca243b972eae5710dfdcc3a36260',2404216,'2018-06-26 14:09:40.947827','2018-06-26 14:10:17.144463','ACTUAL'),(99,'0x15b5d7fa1f9112347119e24b99b4bf869e786b5ed22fec4e65bd89ff99778c2f',NULL,'0xB0a3f48478d84a497f930d8455711d9981B66a70','0x0000000000000000000000000000000000000000',1994,'0x9ef9a628aa383c1bba789ae90675f604974422602f5e519f851cc71fc36715a1',2404267,'2018-06-26 14:09:41.059217','2018-06-26 14:10:17.497339','ACTUAL'),(100,'0xd436519b95162f2d0f7f1cc9a7f9ef00c9659faf0d0e93502acff5beeda79df3',NULL,'0xB0a3f48478d84a497f930d8455711d9981B66a70','0x0000000000000000000000000000000000000000',1994,'0x5ca04c4853ca832677d9e339b23b4bfb9b92411c2b81ce74b15f580a40e9c8e5',2404298,'2018-06-26 14:09:41.171386','2018-06-26 14:10:17.804233','ACTUAL'),(101,'0x1295ffb62696ddfb4b3c3383b9ce193d7d52d6d262286409b6980e246bc5e0af',NULL,'0xB0a3f48478d84a497f930d8455711d9981B66a70','0x0000000000000000000000000000000000000000',1994,'0xf28f08c7128235540afc8c16286aae76f2a1b51de59f8e710ad020ff666da465',2404303,'2018-06-26 14:09:41.280106','2018-06-26 14:10:18.127471','ACTUAL'),(102,'0xba6c2a3ef1f81cbe2037842adbe5c6c98b4b1aaa7ddcbe1104958bea2c5e4bc5',NULL,'0x73015966604928A312F79F7E69291a656Cb88602','0x0000000000000000000000000000000000000000',10000,'0xc86fdec9a37cabc299bec07ba5b8831f3ab002c22e0d4bce52c08aa8a0c910d5',2409471,'2018-06-26 14:09:41.390402','2018-06-26 14:10:18.437336','ACTUAL'),(103,'0x6522b59161779c8a87706e11095af7649bbf588a7088f30c9a9c3f40440281d5',NULL,'0xB63e4ECF7CECe510A94A7231BaFB70cdCa18b91e','0x0000000000000000000000000000000000000000',77021,'0x1f8b79c3bbb6851c1214c1d6309aabd3815ab6cdd33cab7165d3d22ec758883d',2414962,'2018-06-26 14:09:41.933460','2018-06-26 14:10:18.764143','ACTUAL'),(104,'0x89be1c3ab0f057ba373f4d7229ede00c9f7c7169bc834c1fb66cdc0c2f10d4f4',NULL,'0x73015966604928A312F79F7E69291a656Cb88602','0x0000000000000000000000000000000000000000',10000,'0x7da0d7109330708a6ab3d9730d2c0e01bca0f29d282102f376dc65cccada704c',2409490,'2018-06-26 14:09:41.500325','2018-06-26 14:10:18.764257','ACTUAL'),(105,'0x88e51ab163411db0e737b6fb68a4af4d073d87af8aca697f33efd0136322387e',NULL,'0xB63e4ECF7CECe510A94A7231BaFB70cdCa18b91e','0x0000000000000000000000000000000000000000',170,'0x0b1ce692d598ba55b1ba07b193f5305b91c6896674664d1b83ba09f3151ab1fb',2415087,'2018-06-26 14:09:42.051033','2018-06-26 14:10:19.074911','ACTUAL'),(106,'0x07d69732220cbb3c0bc2e6786eb36f5f216d71cb195ae45f335af0e908f4d9f2',NULL,'0xB63e4ECF7CECe510A94A7231BaFB70cdCa18b91e','0x0000000000000000000000000000000000000000',77021,'0x8c583aa76afe732484d2387911f9645157f59e57ecf169d6eec5bbaa6d9c32a3',2415234,'2018-06-26 14:09:42.168531','2018-06-26 14:10:19.128353','ACTUAL'),(107,'0xaa20f77803726a7b41b87f5319ad8bfa2f9a10bbe9efc7f0c6e51292012e6d71',NULL,'0xB63e4ECF7CECe510A94A7231BaFB70cdCa18b91e','0x0000000000000000000000000000000000000000',170,'0x88a04d57c31e092b0fdca69cc86be610f515211df312f8928dfc0e660c6f7d19',2415276,'2018-06-26 14:09:42.440140','2018-06-26 14:10:19.165648','ACTUAL'),(108,'0xb806323772cc21ffe4000ca338038b058d73b975fb6594fc800e8fc863a2f5d7',NULL,'0xB63e4ECF7CECe510A94A7231BaFB70cdCa18b91e','0x0000000000000000000000000000000000000000',77021,'0xa77b55a343a2c62e41b725629b306065e21b4cbc6c3446083b41b1b14403c131',2415376,'2018-06-26 14:09:42.550827','2018-06-26 14:10:19.403511','ACTUAL'),(109,'0xc5820603ab479c8bfdbd57dc4585cdacbbffdd061b6ed0efebfdf5c2783a6612',NULL,'0xB63e4ECF7CECe510A94A7231BaFB70cdCa18b91e','0x0000000000000000000000000000000000000000',77021,'0xafce73549241c97a43b55ff85c8a13602a35b8bd52e3b8738f7cc6d21920f04d',2419462,'2018-06-26 14:09:42.661744','2018-06-26 14:10:19.441761','ACTUAL'),(110,'0xc1ad3bf990668a3c90ed2758084081cbb23505d56b6635fbb26b3e40588d8fb5',NULL,'0xB63e4ECF7CECe510A94A7231BaFB70cdCa18b91e','0x0000000000000000000000000000000000000000',77021,'0x18246a53284708bef925f8361489f6a1250b81550ebb709893f7df23bb377637',2419544,'2018-06-26 14:09:42.776404','2018-06-26 14:10:19.480633','ACTUAL'),(111,'0x91f5b9c69cc04266319cb80ff797e04c2a6f99e05e491acef108f948470837af',NULL,'0xB63e4ECF7CECe510A94A7231BaFB70cdCa18b91e','0x0000000000000000000000000000000000000000',170,'0x958de35e6a905694ba1b6cdeca2ec8fbe46911ca47e66cf8a7bd78be9a7b7b01',2419595,'2018-06-26 14:09:42.933622','2018-06-26 14:10:19.535991','ACTUAL'),(112,'0x03b356bf3d111d3dde7e5e05938fe07a21703cd2c82a570064110d7b9538c9b5',NULL,'0xB0a3f48478d84a497f930d8455711d9981B66a70','0x0000000000000000000000000000000000000000',1994,'0x9179513b9b336055e81d3814edcbd0753825e8d10770cf1134fa77a731db98b9',2455358,'2018-06-26 14:09:43.045271','2018-06-26 14:10:19.723001','ACTUAL'),(113,'0xd7afdc04ef2e34e6721ae5f3ff97ce982e7be89358a8313dbab4ab06bbd8d049',NULL,'0xB0a3f48478d84a497f930d8455711d9981B66a70','0x0000000000000000000000000000000000000000',77021,'0xf4d66eef7d31ed0fb58daac9ccd461e909ffc09770cc8c194ef2362dd98d7111',2490472,'2018-06-26 14:09:43.154694','2018-06-26 14:10:19.787488','ACTUAL'),(114,'0xda12683ad34f8a07ab483df2c30c1750e9334a186f003df8d01b21c471540d70',NULL,'0x73015966604928A312F79F7E69291a656Cb88602','0x0000000000000000000000000000000000000000',7702,'0x6ec37d441dfec5456eadc85763076b0e5be5b60e49039399563f3995cd4dce48',2570814,'2018-07-09 17:10:09.587870','2018-07-09 17:10:09.701043','ACTUAL'),(115,'0x787e288ee6077c1a3227ce19944ce2fa2a53fa142b1788dfdc8770cbbc50cbd5',NULL,'0xB0a3f48478d84a497f930d8455711d9981B66a70','0x0000000000000000000000000000000000000000',77021,'0xefaaba9665ef0cfd1dae2c7f8fbea3918c602ca74ed8f8937d74245230131cb8',2570417,'2018-07-09 17:10:09.525488','2018-07-09 17:10:09.701666','ACTUAL'),(116,'0xe03d802155330f5fbe044dde67889045c4d722a1858e3bedd1c71beca9fcb134',NULL,'0x73015966604928A312F79F7E69291a656Cb88602','0x0000000000000000000000000000000000000000',7702,'0x887ed5127693b0fea009a55967bc6fbbde39334abe3b8cc722ff08f757c16a79',2570642,'2018-07-09 17:10:09.556718','2018-07-09 17:10:09.702800','ACTUAL'),(117,'0x246e01ba7cc398361aee17b99df36774c1657adf39a2efefd8034a9dee26f120',NULL,'0xB63e4ECF7CECe510A94A7231BaFB70cdCa18b91e','0x0000000000000000000000000000000000000000',77021,'0x901b8b1d7fed2f50a41bd7024c6685aa99b8f9de7f0e95efad59fe3812b08009',2605749,'2018-07-09 17:12:07.701902','2018-07-09 17:12:07.724823','ACTUAL'),(118,'0x90e62e9f0996dfa3660191c749eedac1b7082e27a67970cdbb528c64296a6fff',NULL,'0xB63e4ECF7CECe510A94A7231BaFB70cdCa18b91e','0x0000000000000000000000000000000000000000',77021,'0x2193d8e3c5e754e6be9bd3b263f82997f78442c3110aa2cfe002741b7909897f',2610600,'2018-07-10 13:24:56.811073','2018-07-10 13:24:56.875536','ACTUAL');
/*!40000 ALTER TABLE `transfers` ENABLE KEYS */;
UNLOCK TABLES;
/*!40103 SET TIME_ZONE=@OLD_TIME_ZONE */;

/*!40101 SET SQL_MODE=@OLD_SQL_MODE */;
/*!40014 SET FOREIGN_KEY_CHECKS=@OLD_FOREIGN_KEY_CHECKS */;
/*!40014 SET UNIQUE_CHECKS=@OLD_UNIQUE_CHECKS */;
/*!40101 SET CHARACTER_SET_CLIENT=@OLD_CHARACTER_SET_CLIENT */;
/*!40101 SET CHARACTER_SET_RESULTS=@OLD_CHARACTER_SET_RESULTS */;
/*!40101 SET COLLATION_CONNECTION=@OLD_COLLATION_CONNECTION */;
/*!40111 SET SQL_NOTES=@OLD_SQL_NOTES */;

-- Dump completed on 2018-07-10 17:01:15
